사고년도,다발시군구,지점명,사고일시,사고시간대,사고등급,가해자성별,가해자연령,가해차종,가해자신체상해정도,피해자성별,피해자연령,피해차종,피해자신체상해정도,사고유형,가해자법규위반,기상상태,사망자수,부상자수
2015,서울특별시 광진구9,서울특별시 광진구 자양동(신양초교앞 부근),2015-09-21,12시경,중상사고,남,84세,자전거,중상,여,65세,승용차,상해없음,차대차 - 기타,안전거리미확보,맑음,0,1
2015,서울특별시 광진구9,서울특별시 광진구 자양동(신양초교앞 부근),2015-10-22,15시경,중상사고,남,46세,화물차,상해없음,여,56세,자전거,중상,차대차 - 측면직각충돌,안전운전불이행,맑음,0,1
2015,서울특별시 광진구10,서울특별시 광진구 자양동(동부간선도로-강변북로램프(4) 부근),2015-08-31,20시경,중상사고,남,42세,자전거,상해없음,여,19세,보행자,중상,차대사람 - 기타,안전운전불이행,맑음,0,1
2015,서울특별시 광진구10,서울특별시 광진구 자양동(동부간선도로-강변북로램프(4) 부근),2015-05-28,18시경,중상사고,남,44세,자전거,중상,남,23세,보행자,상해없음,차대사람 - 기타,안전운전불이행,맑음,0,1
2015,서울특별시 광진구10,서울특별시 광진구 자양동(동부간선도로-강변북로램프(4) 부근),2015-07-11,08시경,경상사고,남,52세,자전거,기타불명,여,40세,자전거,경상,차대차 - 기타,안전운전불이행,맑음,0,1
2015,서울특별시 광진구10,서울특별시 광진구 자양동(동부간선도로-강변북로램프(4) 부근),2015-05-16,18시경,중상사고,여,40세,자전거,중상,남,46세,자전거,상해없음,차대차 - 추돌 - 진행중,안전운전불이행,맑음,0,1
2015,서울특별시 광진구13,서울특별시 광진구 자양동(신자초교입구 부근),2015-10-23,13시경,중상사고,남,71세,승용차,상해없음,여,56세,자전거,중상,차대차 - 기타,안전운전불이행,맑음,0,1
2015,서울특별시 광진구13,서울특별시 광진구 자양동(신자초교입구 부근),2015-10-30,19시경,중상사고,여,47세,자전거,중상,남,43세,승합차,상해없음,차대차 - 기타,안전운전불이행,맑음,0,1
2015,서울특별시 광진구13,서울특별시 광진구 자양동(신자초교입구 부근),2015-12-05,14시경,중상사고,여,50세,자전거,중상,남,50세,화물차,상해없음,차대차 - 기타,안전운전불이행,맑음,0,1
2015,서울특별시 광진구13,서울특별시 광진구 자양동(신자초교입구 부근),2015-07-13,13시경,경상사고,여,60세,자전거,경상,남,28세,승용차,상해없음,차대차 - 기타,안전운전불이행,맑음,0,1
2015,서울특별시 광진구3,서울특별시 광진구 화양동(건대입구역 부근),2015-06-09,23시경,중상사고,기타불명,불명,승용차,기타불명,여,54세,자전거,중상,차대차 - 기타,기타,맑음,0,1
2015,서울특별시 광진구3,서울특별시 광진구 화양동(건대입구역 부근),2015-09-14,01시경,경상사고,남,29세,승용차,상해없음,남,26세,자전거,경상,차대차 - 측면직각충돌,안전거리미확보,맑음,0,1
2015,서울특별시 광진구3,서울특별시 광진구 화양동(건대입구역 부근),2015-08-04,06시경,중상사고,남,54세,승용차,상해없음,남,63세,자전거,중상,차대차 - 기타,안전운전불이행,맑음,0,1
2015,서울특별시 광진구3,서울특별시 광진구 화양동(건대입구역 부근),2015-09-12,20시경,경상사고,남,57세,승용차,상해없음,여,32세,자전거,경상,차대차 - 기타,기타,맑음,0,1
2015,서울특별시 광진구3,서울특별시 광진구 화양동(건대입구역 부근),2015-05-19,11시경,중상사고,남,57세,승용차,상해없음,여,51세,자전거,중상,차대차 - 측면직각충돌,안전운전불이행,맑음,0,1
2015,서울특별시 광진구3,서울특별시 광진구 화양동(건대입구역 부근),2015-11-18,20시경,부상신고사고,남,58세,승용차,상해없음,남,57세,자전거,부상신고,차대차 - 측면직각충돌,기타,맑음,0,1
2015,서울특별시 광진구3,서울특별시 광진구 화양동(건대입구역 부근),2015-09-29,11시경,경상사고,남,66세,자전거,상해없음,여,44세,보행자,경상,차대사람 - 기타,안전운전불이행,맑음,0,1
2015,서울특별시 광진구8,서울특별시 광진구 군자동(만나정 부근),2015-08-11,20시경,경상사고,남,32세,승합차,상해없음,남,65세,자전거,경상,차대차 - 기타,기타,흐림,0,1
2015,서울특별시 광진구8,서울특별시 광진구 군자동(만나정 부근),2015-05-20,17시경,중상사고,남,17세,자전거,부상신고,여,38세,승용차,중상,차대차 - 기타,신호위반,맑음,0,2
2015,서울특별시 광진구8,서울특별시 광진구 군자동(만나정 부근),2015-10-30,10시경,중상사고,남,24세,자전거,상해없음,여,73세,보행자,중상,차대사람 - 기타,안전운전불이행,맑음,0,1
2015,서울특별시 광진구8,서울특별시 광진구 군자동(만나정 부근),2015-03-12,14시경,중상사고,남,29세,자전거,상해없음,남,69세,보행자,중상,차대사람 - 기타,안전운전불이행,맑음,0,1
2015,서울특별시 광진구8,서울특별시 광진구 군자동(만나정 부근),2015-07-30,10시경,부상신고사고,남,54세,자전거,부상신고,남,54세,화물차,상해없음,차대차 - 측면직각충돌,안전운전불이행,맑음,0,1
2015,서울특별시 동대문구1,서울특별시 동대문구 용두동(마장동사거리 부근),2015-05-31,14시경,경상사고,남,46세,승용차,상해없음,여,19세,자전거,경상,차대차 - 측면직각충돌,교차로운행방법위반,맑음,0,1
2015,서울특별시 동대문구1,서울특별시 동대문구 용두동(마장동사거리 부근),2015-05-30,21시경,경상사고,남,55세,승용차,상해없음,남,34세,자전거,경상,차대차 - 기타,안전운전불이행,맑음,0,1
2015,서울특별시 동대문구1,서울특별시 동대문구 용두동(마장동사거리 부근),2015-11-02,12시경,부상신고사고,남,58세,승용차,상해없음,남,78세,자전거,부상신고,차대차 - 측면직각충돌,안전운전불이행,흐림,0,1
2015,서울특별시 동대문구1,서울특별시 동대문구 용두동(마장동사거리 부근),2015-08-10,20시경,경상사고,남,59세,승용차,상해없음,남,25세,자전거,경상,차대차 - 측면직각충돌,교차로운행방법위반,맑음,0,1
2015,서울특별시 동대문구1,서울특별시 동대문구 용두동(마장동사거리 부근),2015-04-30,19시경,중상사고,남,59세,승용차,상해없음,남,56세,자전거,중상,차대차 - 기타,안전운전불이행,맑음,0,1
2015,서울특별시 동대문구1,서울특별시 동대문구 용두동(마장동사거리 부근),2015-04-18,11시경,경상사고,여,26세,승용차,상해없음,남,32세,자전거,경상,차대차 - 기타,안전운전불이행,맑음,0,1
2015,서울특별시 동대문구1,서울특별시 동대문구 용두동(마장동사거리 부근),2015-04-21,15시경,중상사고,여,68세,승용차,상해없음,남,65세,자전거,중상,차대차 - 기타,안전운전불이행,맑음,0,1
2015,서울특별시 동대문구1,서울특별시 동대문구 용두동(마장동사거리 부근),2015-09-08,22시경,경상사고,남,19세,자전거,상해없음,여,49세,보행자,경상,차대사람 - 보도통행중,안전운전불이행,맑음,0,1
2015,서울특별시 동대문구1,서울특별시 동대문구 용두동(마장동사거리 부근),2015-08-06,17시경,경상사고,남,26세,자전거,경상,기타불명,불명,불명,기타불명,차대차 - 기타,중앙선침범,맑음,0,1
2015,서울특별시 동대문구1,서울특별시 동대문구 용두동(마장동사거리 부근),2015-09-16,20시경,경상사고,남,48세,자전거,경상,남,63세,화물차,상해없음,차대차 - 기타,안전운전불이행,맑음,0,1
2015,서울특별시 동대문구1,서울특별시 동대문구 용두동(마장동사거리 부근),2015-03-02,20시경,경상사고,남,56세,자전거,경상,남,39세,승용차,기타불명,차대차 - 기타,안전운전불이행,맑음,0,1
2015,서울특별시 동대문구1,서울특별시 동대문구 용두동(마장동사거리 부근),2015-10-13,08시경,부상신고사고,남,71세,자전거,부상신고,남,38세,승용차,상해없음,차대차 - 기타,중앙선침범,맑음,0,1
2015,서울특별시 동대문구1,서울특별시 동대문구 용두동(마장동사거리 부근),2015-05-01,12시경,부상신고사고,남,75세,자전거,부상신고,남,13세,자전거,상해없음,차대차 - 기타,안전운전불이행,맑음,0,1
2015,서울특별시 동대문구1,서울특별시 동대문구 용두동(마장동사거리 부근),2015-09-23,20시경,부상신고사고,여,26세,자전거,부상신고,남,51세,승용차,상해없음,차대차 - 기타,안전운전불이행,맑음,0,1
2015,서울특별시 동대문구1,서울특별시 동대문구 용두동(마장동사거리 부근),2015-05-29,15시경,중상사고,여,65세,자전거,중상,남,28세,자전거,경상,차대차 - 측면직각충돌,불법유턴,맑음,0,2
2015,서울특별시 동대문구1,서울특별시 동대문구 용두동(마장동사거리 부근),2015-01-21,17시경,중상사고,남,46세,화물차,상해없음,남,59세,자전거,중상,차대차 - 기타,직진우회전진행방해,맑음,0,1
2015,서울특별시 동대문구1,서울특별시 동대문구 용두동(마장동사거리 부근),2015-08-31,18시경,경상사고,남,54세,화물차,상해없음,남,74세,자전거,경상,차대차 - 기타,신호위반,맑음,0,1
2015,서울특별시 동대문구12,서울특별시 동대문구 용두동(용두 치안센터 부근),2015-04-14,23시경,중상사고,기타불명,불명,불명,기타불명,남,47세,자전거,중상,차대차 - 기타,교차로운행방법위반,비,0,1
2015,서울특별시 동대문구12,서울특별시 동대문구 용두동(용두 치안센터 부근),2015-11-06,21시경,경상사고,남,54세,승용차,상해없음,남,77세,자전거,경상,차대차 - 기타,신호위반,비,0,1
2015,서울특별시 동대문구12,서울특별시 동대문구 용두동(용두 치안센터 부근),2015-08-28,16시경,경상사고,남,61세,승용차,상해없음,여,61세,자전거,경상,차대차 - 추돌 - 진행중,안전운전불이행,비,0,1
2015,서울특별시 동대문구12,서울특별시 동대문구 용두동(용두 치안센터 부근),2015-02-10,14시경,경상사고,여,58세,이륜차,상해없음,남,71세,자전거,경상,차대차 - 측면직각충돌,신호위반,맑음,0,1
2015,서울특별시 동대문구12,서울특별시 동대문구 용두동(용두 치안센터 부근),2015-01-16,17시경,중상사고,남,66세,자전거,중상,남,57세,승합차,상해없음,차대차 - 측면직각충돌,안전운전불이행,맑음,0,1
2015,서울특별시 동대문구12,서울특별시 동대문구 용두동(용두 치안센터 부근),2015-03-26,19시경,부상신고사고,남,74세,자전거,부상신고,남,31세,이륜차,상해없음,차대차 - 기타,안전운전불이행,맑음,0,1
2015,서울특별시 동대문구16,서울특별시 동대문구 용두동(시립동부병원앞교차로_하정로_진 부근),2015-04-13,17시경,부상신고사고,남,23세,이륜차,부상신고,남,66세,자전거,상해없음,차대차 - 기타,안전운전불이행,비,0,1
2015,서울특별시 동대문구16,서울특별시 동대문구 용두동(시립동부병원앞교차로_하정로_진 부근),2015-05-21,20시경,경상사고,남,58세,자전거,상해없음,남,25세,자전거,경상,차대차 - 기타,안전운전불이행,맑음,0,1
2015,서울특별시 동대문구16,서울특별시 동대문구 용두동(시립동부병원앞교차로_하정로_진 부근),2015-01-30,15시경,경상사고,남,69세,자전거,경상,남,56세,화물차,상해없음,차대차 - 기타,안전운전불이행,맑음,0,1
2015,서울특별시 동대문구16,서울특별시 동대문구 용두동(시립동부병원앞교차로_하정로_진 부근),2015-12-28,11시경,경상사고,남,76세,자전거,경상,남,45세,승합차,상해없음,차대차 - 정면충돌,안전운전불이행,맑음,0,1
2015,서울특별시 동대문구16,서울특별시 동대문구 용두동(시립동부병원앞교차로_하정로_진 부근),2015-10-17,08시경,경상사고,남,76세,자전거,경상,남,53세,이륜차,상해없음,차대차 - 기타,안전운전불이행,맑음,0,1
2015,서울특별시 동대문구2,서울특별시 동대문구 제기동(고대앞사거리_제기로_진출_1 부근),2015-07-08,00시경,중상사고,남,36세,승용차,상해없음,여,55세,자전거,중상,차대차 - 기타,안전운전불이행,흐림,0,1
2015,서울특별시 동대문구2,서울특별시 동대문구 제기동(고대앞사거리_제기로_진출_1 부근),2015-04-29,13시경,중상사고,남,58세,원동기장치자전거,상해없음,여,60세,자전거,중상,차대차 - 기타,중앙선침범,비,0,1
2015,서울특별시 동대문구2,서울특별시 동대문구 제기동(고대앞사거리_제기로_진출_1 부근),2015-12-15,15시경,경상사고,남,12세,자전거,경상,남,60세,화물차,상해없음,차대차 - 정면충돌,직진우회전진행방해,맑음,0,1
2015,서울특별시 동대문구2,서울특별시 동대문구 제기동(고대앞사거리_제기로_진출_1 부근),2015-06-06,23시경,경상사고,남,29세,자전거,경상,없음,불명,없음,없음,차량단독 - 기타,안전운전불이행,맑음,0,1
2015,서울특별시 동대문구2,서울특별시 동대문구 제기동(고대앞사거리_제기로_진출_1 부근),2015-05-05,19시경,부상신고사고,남,31세,자전거,부상신고,남,63세,승용차,상해없음,차대차 - 측면직각충돌,중앙선침범,맑음,0,1
2015,서울특별시 동대문구2,서울특별시 동대문구 제기동(고대앞사거리_제기로_진출_1 부근),2015-11-03,22시경,중상사고,남,52세,자전거,중상,남,31세,이륜차,중상,차대차 - 측면직각충돌,신호위반,맑음,0,2
2015,서울특별시 동대문구2,서울특별시 동대문구 제기동(고대앞사거리_제기로_진출_1 부근),2015-06-17,17시경,중상사고,남,59세,자전거,상해없음,남,50세,보행자,중상,차대사람 - 기타,안전운전불이행,맑음,0,1
2015,서울특별시 동대문구2,서울특별시 동대문구 제기동(고대앞사거리_제기로_진출_1 부근),2015-09-23,21시경,부상신고사고,여,46세,자전거,부상신고,남,67세,승합차,상해없음,차대차 - 측면직각충돌,안전운전불이행,맑음,0,1
2015,서울특별시 동대문구2,서울특별시 동대문구 제기동(고대앞사거리_제기로_진출_1 부근),2015-12-09,11시경,경상사고,여,54세,자전거,경상,남,60세,화물차,상해없음,차대차 - 정면충돌,안전운전불이행,맑음,0,1
2015,서울특별시 동대문구2,서울특별시 동대문구 제기동(고대앞사거리_제기로_진출_1 부근),2015-04-13,07시경,부상신고사고,남,48세,화물차,상해없음,여,56세,자전거,부상신고,차대차 - 측면직각충돌,신호위반,맑음,0,1
2015,서울특별시 동대문구8,서울특별시 동대문구 제기동(홍파초교 부근),2015-12-17,16시경,경상사고,기타불명,불명,불명,기타불명,여,59세,자전거,경상,차대차 - 정면충돌,신호위반,맑음,0,1
2015,서울특별시 동대문구8,서울특별시 동대문구 제기동(홍파초교 부근),2015-09-25,16시경,경상사고,남,55세,승용차,상해없음,남,12세,자전거,경상,차대차 - 측면직각충돌,신호위반,맑음,0,1
2015,서울특별시 동대문구8,서울특별시 동대문구 제기동(홍파초교 부근),2015-03-04,04시경,경상사고,남,59세,승용차,상해없음,남,37세,자전거,경상,차대차 - 기타,신호위반,맑음,0,1
2015,서울특별시 동대문구8,서울특별시 동대문구 제기동(홍파초교 부근),2015-08-30,09시경,경상사고,남,60세,승용차,상해없음,남,11세,자전거,경상,차대차 - 측면직각충돌,안전운전불이행,맑음,0,1
2015,서울특별시 동대문구8,서울특별시 동대문구 제기동(홍파초교 부근),2015-04-03,17시경,중상사고,남,51세,이륜차,상해없음,여,51세,자전거,중상,차대차 - 측면직각충돌,안전운전불이행,맑음,0,1
2015,서울특별시 동대문구8,서울특별시 동대문구 제기동(홍파초교 부근),2015-12-22,16시경,경상사고,남,12세,자전거,경상,기타불명,불명,불명,기타불명,차대차 - 정면충돌,중앙선침범,맑음,0,1
2015,서울특별시 동대문구8,서울특별시 동대문구 제기동(홍파초교 부근),2015-08-17,16시경,부상신고사고,여,56세,자전거,부상신고,남,50세,승합차,상해없음,차대차 - 기타,안전운전불이행,맑음,0,1
2015,서울특별시 동대문구10,서울특별시 동대문구 제기동(경동시장 부근),2015-02-18,14시경,경상사고,남,27세,승용차,상해없음,남,52세,자전거,경상,차대차 - 추돌 - 진행중,안전거리미확보,맑음,0,1
2015,서울특별시 동대문구10,서울특별시 동대문구 제기동(경동시장 부근),2015-03-29,12시경,경상사고,남,51세,승용차,상해없음,남,75세,자전거,경상,차대차 - 기타,안전운전불이행,맑음,0,1
2015,서울특별시 동대문구10,서울특별시 동대문구 제기동(경동시장 부근),2015-05-02,14시경,경상사고,남,60세,승용차,상해없음,남,36세,자전거,경상,차대차 - 기타,기타,맑음,0,1
2015,서울특별시 동대문구10,서울특별시 동대문구 제기동(경동시장 부근),2015-07-16,13시경,경상사고,남,29세,자전거,상해없음,여,71세,보행자,경상,차대사람 - 기타,기타,맑음,0,1
2015,서울특별시 동대문구10,서울특별시 동대문구 제기동(경동시장 부근),2015-04-11,11시경,부상신고사고,남,34세,자전거,부상신고,남,57세,승용차,상해없음,차대차 - 기타,중앙선침범,맑음,0,1
2015,서울특별시 동대문구10,서울특별시 동대문구 제기동(경동시장 부근),2015-04-10,09시경,부상신고사고,남,61세,자전거,부상신고,남,54세,승용차,상해없음,차대차 - 기타,중앙선침범,맑음,0,1
2015,서울특별시 동대문구10,서울특별시 동대문구 제기동(경동시장 부근),2015-12-31,21시경,경상사고,남,65세,자전거,경상,남,48세,화물차,상해없음,차대차 - 정면충돌,중앙선침범,맑음,0,1
2015,서울특별시 동대문구14,서울특별시 동대문구 전농동(전농동사거리_사가정길_진출_2 부근),2015-04-07,10시경,사망사고,여,41세,승용차,상해없음,여,76세,자전거,사망,차대차 - 측면직각충돌,안전운전불이행,맑음,1,0
2015,서울특별시 동대문구14,서울특별시 동대문구 전농동(전농동사거리_사가정길_진출_2 부근),2015-10-04,20시경,경상사고,남,17세,자전거,경상,남,66세,승용차,상해없음,차대차 - 측면직각충돌,기타,맑음,0,1
2015,서울특별시 동대문구14,서울특별시 동대문구 전농동(전농동사거리_사가정길_진출_2 부근),2015-09-18,15시경,경상사고,여,11세,자전거,경상,남,62세,승합차,상해없음,차대차 - 기타,안전운전불이행,맑음,0,1
2015,서울특별시 동대문구14,서울특별시 동대문구 전농동(전농동사거리_사가정길_진출_2 부근),2015-03-30,12시경,중상사고,남,36세,화물차,상해없음,여,68세,자전거,중상,차대차 - 추돌 - 주정차중,기타,맑음,0,1
2015,서울특별시 동대문구14,서울특별시 동대문구 전농동(전농동사거리_사가정길_진출_2 부근),2015-03-19,11시경,중상사고,남,67세,화물차,상해없음,남,73세,자전거,중상,차대차 - 기타,안전거리미확보,맑음,0,1
2015,서울특별시 동대문구17,서울특별시 동대문구 전농동(미주아파트앞 부근),2015-03-13,17시경,경상사고,남,69세,승용차,상해없음,남,72세,자전거,경상,차대차 - 측면직각충돌,안전운전불이행,맑음,0,1
2015,서울특별시 동대문구17,서울특별시 동대문구 전농동(미주아파트앞 부근),2015-06-12,22시경,부상신고사고,남,25세,자전거,기타불명,남,16세,보행자,부상신고,차대사람 - 기타,신호위반,맑음,0,1
2015,서울특별시 동대문구17,서울특별시 동대문구 전농동(미주아파트앞 부근),2015-04-21,21시경,경상사고,남,49세,자전거,상해없음,남,56세,보행자,경상,차대사람 - 보도통행중,기타,맑음,0,1
2015,서울특별시 동대문구17,서울특별시 동대문구 전농동(미주아파트앞 부근),2015-10-10,18시경,경상사고,여,44세,자전거,경상,남,46세,승용차,상해없음,차대차 - 측면직각충돌,안전운전불이행,맑음,0,1
2015,서울특별시 동대문구3,서울특별시 동대문구 답십리동(황물길-천호대로진입로 부근),2015-05-01,14시경,경상사고,남,54세,승용차,상해없음,남,75세,자전거,경상,차대차 - 기타,안전운전불이행,맑음,0,1
2015,서울특별시 동대문구3,서울특별시 동대문구 답십리동(황물길-천호대로진입로 부근),2015-01-22,08시경,경상사고,남,60세,승용차,상해없음,남,53세,자전거,경상,차대차 - 기타,안전운전불이행,맑음,0,1
2015,서울특별시 동대문구3,서울특별시 동대문구 답십리동(황물길-천호대로진입로 부근),2015-07-20,08시경,중상사고,여,40세,승용차,상해없음,남,16세,자전거,중상,차대차 - 기타,안전운전불이행,흐림,0,1
2015,서울특별시 동대문구3,서울특별시 동대문구 답십리동(황물길-천호대로진입로 부근),2015-03-05,07시경,경상사고,여,52세,승합차,상해없음,남,60세,자전거,경상,차대차 - 측면직각충돌,안전운전불이행,맑음,0,1
2015,서울특별시 동대문구3,서울특별시 동대문구 답십리동(황물길-천호대로진입로 부근),2015-11-30,11시경,경상사고,남,35세,원동기장치자전거,기타불명,남,23세,자전거,경상,차대차 - 정면충돌,중앙선침범,맑음,0,1
2015,서울특별시 동대문구3,서울특별시 동대문구 답십리동(황물길-천호대로진입로 부근),2015-05-26,11시경,부상신고사고,남,59세,자전거,부상신고,기타불명,불명,특수차,기타불명,차대차 - 추돌 - 주정차중,안전운전불이행,맑음,0,1
2015,서울특별시 동대문구3,서울특별시 동대문구 답십리동(황물길-천호대로진입로 부근),2015-10-16,23시경,경상사고,남,63세,자전거,경상,남,36세,승용차,상해없음,차대차 - 기타,안전운전불이행,맑음,0,1
2015,서울특별시 동대문구3,서울특별시 동대문구 답십리동(황물길-천호대로진입로 부근),2015-01-07,15시경,중상사고,남,67세,자전거,중상,남,61세,화물차,상해없음,차대차 - 측면직각충돌,안전운전불이행,맑음,0,1
2015,서울특별시 동대문구3,서울특별시 동대문구 답십리동(황물길-천호대로진입로 부근),2015-04-28,21시경,부상신고사고,여,28세,자전거,부상신고,남,49세,승용차,상해없음,차대차 - 측면직각충돌,신호위반,흐림,0,1
2015,서울특별시 동대문구3,서울특별시 동대문구 답십리동(황물길-천호대로진입로 부근),2015-05-29,09시경,경상사고,여,45세,자전거,경상,남,46세,승용차,상해없음,차대차 - 추돌 - 진행중,안전운전불이행,맑음,0,1
2015,서울특별시 동대문구11,서울특별시 동대문구 답십리동(신답육교 부근),2015-07-07,21시경,경상사고,남,20세,승용차,상해없음,여,27세,자전거,경상,차대차 - 기타,안전운전불이행,맑음,0,1
2015,서울특별시 동대문구11,서울특별시 동대문구 답십리동(신답육교 부근),2015-06-18,16시경,중상사고,남,47세,승용차,상해없음,남,16세,자전거,중상,차대차 - 기타,기타,맑음,0,1
2015,서울특별시 동대문구11,서울특별시 동대문구 답십리동(신답육교 부근),2015-03-25,08시경,중상사고,남,24세,자전거,상해없음,여,24세,보행자,중상,차대사람 - 횡단중,보행자보호의무위반,맑음,0,1
2015,서울특별시 동대문구11,서울특별시 동대문구 답십리동(신답육교 부근),2015-11-06,13시경,부상신고사고,남,49세,자전거,부상신고,남,58세,원동기장치자전거,상해없음,차대차 - 측면직각충돌,중앙선침범,맑음,0,1
2015,서울특별시 동대문구11,서울특별시 동대문구 답십리동(신답육교 부근),2015-07-01,09시경,중상사고,남,60세,자전거,중상,남,40세,화물차,상해없음,차대차 - 기타,신호위반,맑음,0,1
2015,서울특별시 동대문구11,서울특별시 동대문구 답십리동(신답육교 부근),2015-09-23,17시경,경상사고,여,57세,자전거,경상,남,61세,승용차,상해없음,차대차 - 측면직각충돌,신호위반,맑음,0,1
2015,서울특별시 동대문구4,서울특별시 동대문구 장안동(장평교앞 부근),2015-06-11,13시경,중상사고,남,30세,이륜차,상해없음,남,60세,자전거,중상,차대차 - 추돌 - 진행중,안전운전불이행,맑음,0,1
2015,서울특별시 동대문구4,서울특별시 동대문구 장안동(장평교앞 부근),2015-09-21,21시경,경상사고,기타불명,불명,자전거,기타불명,여,22세,자전거,경상,차대차 - 정면충돌,안전운전불이행,맑음,0,1
2015,서울특별시 동대문구4,서울특별시 동대문구 장안동(장평교앞 부근),2015-07-28,17시경,부상신고사고,남,10세,자전거,부상신고,여,51세,승용차,상해없음,차대차 - 정면충돌,안전운전불이행,맑음,0,1
2015,서울특별시 동대문구4,서울특별시 동대문구 장안동(장평교앞 부근),2015-05-14,21시경,경상사고,남,27세,자전거,상해없음,남,29세,자전거,경상,차대차 - 측면직각충돌,안전운전불이행,맑음,0,1
2015,서울특별시 동대문구4,서울특별시 동대문구 장안동(장평교앞 부근),2015-04-28,23시경,부상신고사고,남,65세,자전거,부상신고,여,34세,승용차,상해없음,차대차 - 기타,중앙선침범,맑음,0,1
2015,서울특별시 동대문구4,서울특별시 동대문구 장안동(장평교앞 부근),2015-08-23,13시경,부상신고사고,남,68세,자전거,부상신고,여,36세,승용차,상해없음,차대차 - 기타,안전운전불이행,맑음,0,1
2015,서울특별시 동대문구4,서울특별시 동대문구 장안동(장평교앞 부근),2015-10-11,15시경,경상사고,여,62세,자전거,경상,남,13세,자전거,상해없음,차대차 - 기타,안전운전불이행,맑음,0,1
2015,서울특별시 동대문구4,서울특별시 동대문구 장안동(장평교앞 부근),2015-04-11,11시경,중상사고,남,42세,화물차,상해없음,남,61세,자전거,중상,차대차 - 기타,안전운전불이행,맑음,0,1
2015,서울특별시 동대문구5,서울특별시 동대문구 장안동(장평중교 부근),2015-07-08,17시경,경상사고,남,52세,승용차,상해없음,남,12세,자전거,경상,차대차 - 기타,직진우회전진행방해,맑음,0,1
2015,서울특별시 동대문구5,서울특별시 동대문구 장안동(장평중교 부근),2015-11-04,19시경,경상사고,남,53세,승용차,상해없음,남,56세,자전거,경상,차대차 - 기타,안전운전불이행,맑음,0,1
2015,서울특별시 동대문구5,서울특별시 동대문구 장안동(장평중교 부근),2015-02-26,00시경,중상사고,남,49세,이륜차,상해없음,남,68세,자전거,중상,차대차 - 측면직각충돌,신호위반,비,0,1
2015,서울특별시 동대문구5,서울특별시 동대문구 장안동(장평중교 부근),2015-06-04,07시경,경상사고,남,12세,자전거,경상,남,55세,승용차,상해없음,차대차 - 측면직각충돌,안전운전불이행,맑음,0,1
2015,서울특별시 동대문구5,서울특별시 동대문구 장안동(장평중교 부근),2015-06-17,15시경,경상사고,남,70세,자전거,경상,남,50세,이륜차,상해없음,차대차 - 기타,안전운전불이행,맑음,0,1
2015,서울특별시 동대문구5,서울특별시 동대문구 장안동(장평중교 부근),2015-04-04,16시경,경상사고,남,74세,자전거,경상,남,63세,승용차,상해없음,차대차 - 기타,직진우회전진행방해,맑음,0,1
2015,서울특별시 동대문구5,서울특별시 동대문구 장안동(장평중교 부근),2015-03-06,15시경,경상사고,남,79세,자전거,경상,남,60세,승용차,상해없음,차대차 - 측면직각충돌,직진우회전진행방해,맑음,0,1
2015,서울특별시 동대문구5,서울특별시 동대문구 장안동(장평중교 부근),2015-12-25,10시경,경상사고,여,30세,자전거,경상,남,63세,승용차,상해없음,차대차 - 측면직각충돌,직진우회전진행방해,맑음,0,1
2015,서울특별시 동대문구7,서울특별시 동대문구 장안동(장안동사무소 부근),2015-05-10,02시경,중상사고,남,55세,승용차,상해없음,남,49세,자전거,중상,차대차 - 측면직각충돌,안전운전불이행,맑음,0,1
2015,서울특별시 동대문구7,서울특별시 동대문구 장안동(장안동사무소 부근),2015-11-03,16시경,중상사고,남,60세,승용차,상해없음,남,59세,자전거,중상,차대차 - 기타,안전운전불이행,맑음,0,1
2015,서울특별시 동대문구7,서울특별시 동대문구 장안동(장안동사무소 부근),2015-07-25,07시경,경상사고,남,64세,승용차,상해없음,남,78세,자전거,경상,차대차 - 기타,신호위반,흐림,0,1
2015,서울특별시 동대문구7,서울특별시 동대문구 장안동(장안동사무소 부근),2015-01-17,03시경,중상사고,남,31세,이륜차,경상,여,53세,자전거,중상,차대차 - 기타,안전운전불이행,흐림,0,2
2015,서울특별시 동대문구7,서울특별시 동대문구 장안동(장안동사무소 부근),2015-06-12,10시경,부상신고사고,남,73세,자전거,부상신고,남,45세,화물차,상해없음,차대차 - 측면직각충돌,불법유턴,맑음,0,1
2015,서울특별시 동대문구7,서울특별시 동대문구 장안동(장안동사무소 부근),2015-06-03,09시경,부상신고사고,남,75세,자전거,부상신고,남,47세,승용차,상해없음,차대차 - 기타,중앙선침범,맑음,0,1
2015,서울특별시 동대문구7,서울특별시 동대문구 장안동(장안동사무소 부근),2015-03-14,18시경,경상사고,남,58세,화물차,상해없음,남,7세,자전거,경상,차대차 - 기타,안전운전불이행,맑음,0,1
2015,서울특별시 동대문구9,서울특별시 동대문구 장안동(장안동우리은행 부근),2015-10-02,10시경,중상사고,남,42세,승용차,상해없음,남,60세,자전거,중상,차대차 - 기타,안전운전불이행,맑음,0,1
2015,서울특별시 동대문구9,서울특별시 동대문구 장안동(장안동우리은행 부근),2015-01-20,11시경,경상사고,남,71세,승용차,상해없음,남,83세,자전거,경상,차대차 - 기타,안전운전불이행,맑음,0,1