사고년도,다발시군구,지점명,사고일시,사고시간대,사고등급,가해자성별,가해자연령,가해차종,가해자신체상해정도,피해자성별,피해자연령,피해차종,피해자신체상해정도,사고유형,가해자법규위반,기상상태,사망자수,부상자수
2015,서울특별시 마포구7,서울특별시 마포구 도화동(일진빌딩 부근),2015-11-13,09시경,부상신고사고,남,28세,자전거,부상신고,남,68세,승용차,상해없음,차대차 - 기타,안전운전불이행,맑음,0,1
2015,서울특별시 마포구6,서울특별시 마포구 서교동(홍익대 부근),2015-10-08,23시경,경상사고,남,49세,승용차,상해없음,남,16세,자전거,경상,차대차 - 기타,기타,맑음,0,1
2015,서울특별시 마포구6,서울특별시 마포구 서교동(홍익대 부근),2015-10-11,01시경,중상사고,남,49세,승용차,상해없음,여,26세,자전거,중상,차대차 - 기타,기타,맑음,0,1
2015,서울특별시 마포구6,서울특별시 마포구 서교동(홍익대 부근),2015-02-17,23시경,경상사고,남,50세,승용차,상해없음,남,20세,자전거,경상,차대차 - 기타,기타,맑음,0,1
2015,서울특별시 마포구6,서울특별시 마포구 서교동(홍익대 부근),2015-10-23,19시경,경상사고,남,55세,승용차,상해없음,여,19세,자전거,경상,차대차 - 기타,기타,맑음,0,1
2015,서울특별시 마포구2,서울특별시 마포구 동교동(홍대입구역 부근),2015-07-21,15시경,부상신고사고,기타불명,불명,불명,기타불명,여,23세,자전거,부상신고,차대차 - 기타,기타,맑음,0,1
2015,서울특별시 마포구2,서울특별시 마포구 동교동(홍대입구역 부근),2015-07-27,15시경,경상사고,남,26세,승용차,상해없음,남,27세,자전거,경상,차대차 - 기타,안전운전불이행,맑음,0,1
2015,서울특별시 마포구2,서울특별시 마포구 동교동(홍대입구역 부근),2015-08-29,23시경,중상사고,남,46세,승용차,상해없음,남,26세,자전거,중상,차대차 - 측면직각충돌,기타,맑음,0,1
2015,서울특별시 마포구2,서울특별시 마포구 동교동(홍대입구역 부근),2015-04-21,22시경,경상사고,남,56세,승용차,상해없음,남,21세,자전거,경상,차대차 - 측면직각충돌,기타,맑음,0,1
2015,서울특별시 마포구2,서울특별시 마포구 동교동(홍대입구역 부근),2015-03-07,19시경,경상사고,남,22세,자전거,상해없음,여,65세,보행자,경상,차대사람 - 횡단중,보행자보호의무위반,맑음,0,1
2015,서울특별시 마포구2,서울특별시 마포구 동교동(홍대입구역 부근),2015-05-10,01시경,부상신고사고,남,29세,자전거,부상신고,여,25세,보행자,상해없음,차대사람 - 기타,안전운전불이행,맑음,0,1
2015,서울특별시 마포구2,서울특별시 마포구 동교동(홍대입구역 부근),2015-11-15,13시경,경상사고,여,26세,자전거,경상,남,25세,승용차,상해없음,차대차 - 측면직각충돌,불법유턴,맑음,0,1
2015,서울특별시 마포구2,서울특별시 마포구 동교동(홍대입구역 부근),2015-09-18,09시경,중상사고,여,36세,자전거,중상,남,72세,승용차,상해없음,차대차 - 측면직각충돌,안전운전불이행,맑음,0,1
2015,서울특별시 마포구4,서울특별시 마포구 동교동(대성카센터 부근),2015-12-06,08시경,경상사고,남,58세,승용차,상해없음,남,60세,자전거,경상,차대차 - 정면충돌,신호위반,맑음,0,1
2015,서울특별시 마포구4,서울특별시 마포구 동교동(대성카센터 부근),2015-10-18,18시경,경상사고,남,59세,승용차,상해없음,남,15세,자전거,경상,차대차 - 기타,기타,맑음,0,1
2015,서울특별시 마포구4,서울특별시 마포구 동교동(대성카센터 부근),2015-09-29,15시경,경상사고,남,63세,승용차,상해없음,남,35세,자전거,경상,차대차 - 기타,기타,맑음,0,1
2015,서울특별시 마포구4,서울특별시 마포구 동교동(대성카센터 부근),2015-06-19,03시경,부상신고사고,남,21세,자전거,부상신고,남,51세,승용차,상해없음,차대차 - 기타,안전운전불이행,맑음,0,1
2015,서울특별시 마포구4,서울특별시 마포구 동교동(대성카센터 부근),2015-10-05,23시경,부상신고사고,남,29세,자전거,상해없음,여,23세,보행자,부상신고,차대사람 - 횡단중,안전운전불이행,맑음,0,1
2015,서울특별시 마포구4,서울특별시 마포구 동교동(대성카센터 부근),2015-03-09,13시경,부상신고사고,남,73세,자전거,부상신고,남,77세,승합차,상해없음,차대차 - 기타,안전운전불이행,맑음,0,1
2015,서울특별시 마포구3,서울특별시 마포구 합정동(당인리발전소 부근),2015-09-22,20시경,경상사고,남,29세,승용차,상해없음,여,22세,자전거,경상,차대차 - 기타,기타,맑음,0,1
2015,서울특별시 마포구3,서울특별시 마포구 합정동(당인리발전소 부근),2015-03-29,15시경,경상사고,남,50세,승용차,상해없음,남,70세,자전거,경상,차대차 - 기타,신호위반,맑음,0,1
2015,서울특별시 마포구3,서울특별시 마포구 합정동(당인리발전소 부근),2015-10-10,11시경,중상사고,여,22세,승용차,상해없음,남,73세,자전거,중상,차대차 - 측면직각충돌,신호위반,맑음,0,1
2015,서울특별시 마포구3,서울특별시 마포구 합정동(당인리발전소 부근),2015-09-08,16시경,부상신고사고,남,20세,이륜차,상해없음,여,64세,자전거,부상신고,차대차 - 측면직각충돌,안전운전불이행,맑음,0,1
2015,서울특별시 마포구3,서울특별시 마포구 합정동(당인리발전소 부근),2015-08-01,16시경,부상신고사고,남,38세,자전거,부상신고,여,62세,승용차,상해없음,차대차 - 측면직각충돌,중앙선침범,맑음,0,1
2015,서울특별시 마포구3,서울특별시 마포구 합정동(당인리발전소 부근),2015-10-10,10시경,부상신고사고,남,75세,자전거,부상신고,여,32세,승용차,상해없음,차대차 - 측면직각충돌,안전운전불이행,맑음,0,1
2015,서울특별시 마포구1,서울특별시 마포구 망원동(망원우체국 부근),2015-05-03,19시경,부상신고사고,기타불명,불명,승용차,기타불명,여,9세,자전거,부상신고,차대차 - 측면직각충돌,안전운전불이행,맑음,0,1
2015,서울특별시 마포구1,서울특별시 마포구 망원동(망원우체국 부근),2015-06-07,23시경,중상사고,남,33세,승용차,상해없음,남,59세,자전거,중상,차대차 - 측면직각충돌,안전운전불이행,맑음,0,1
2015,서울특별시 마포구1,서울특별시 마포구 망원동(망원우체국 부근),2015-04-11,06시경,중상사고,남,36세,승용차,상해없음,여,64세,자전거,중상,차대차 - 추돌 - 진행중,안전운전불이행,흐림,0,1
2015,서울특별시 마포구1,서울특별시 마포구 망원동(망원우체국 부근),2015-07-05,12시경,중상사고,남,44세,승용차,상해없음,여,49세,자전거,중상,차대차 - 기타,안전운전불이행,맑음,0,1
2015,서울특별시 마포구1,서울특별시 마포구 망원동(망원우체국 부근),2015-05-10,19시경,중상사고,여,50세,승용차,상해없음,여,61세,자전거,중상,차대차 - 측면직각충돌,중앙선침범,맑음,0,1
2015,서울특별시 마포구1,서울특별시 마포구 망원동(망원우체국 부근),2015-12-31,16시경,경상사고,남,34세,승합차,상해없음,여,62세,자전거,경상,차대차 - 추돌 - 진행중,안전운전불이행,맑음,0,1
2015,서울특별시 마포구1,서울특별시 마포구 망원동(망원우체국 부근),2015-05-31,14시경,중상사고,남,65세,승합차,상해없음,남,16세,자전거,경상,차대차 - 기타,안전운전불이행,맑음,0,2
2015,서울특별시 마포구1,서울특별시 마포구 망원동(망원우체국 부근),2015-09-27,20시경,중상사고,남,15세,자전거,중상,여,56세,승용차,상해없음,차대차 - 측면직각충돌,안전운전불이행,맑음,0,1
2015,서울특별시 마포구1,서울특별시 마포구 망원동(망원우체국 부근),2015-05-10,19시경,중상사고,남,56세,자전거,중상,남,64세,승용차,상해없음,차대차 - 추돌 - 진행중,안전운전불이행,맑음,0,1
2015,서울특별시 마포구5,서울특별시 마포구 성산동(마포농수산물시장_난지도길_진입 부근),2015-05-21,09시경,중상사고,남,41세,승용차,상해없음,남,34세,자전거,중상,차대차 - 측면직각충돌,안전운전불이행,맑음,0,1
2015,서울특별시 마포구5,서울특별시 마포구 성산동(마포농수산물시장_난지도길_진입 부근),2015-06-05,07시경,부상신고사고,남,36세,자전거,부상신고,남,47세,화물차,상해없음,차대차 - 기타,안전운전불이행,흐림,0,1
2015,서울특별시 마포구5,서울특별시 마포구 성산동(마포농수산물시장_난지도길_진입 부근),2015-07-19,15시경,부상신고사고,남,46세,자전거,부상신고,남,11세,자전거,상해없음,차대차 - 기타,안전운전불이행,맑음,0,1
2015,서울특별시 마포구5,서울특별시 마포구 성산동(마포농수산물시장_난지도길_진입 부근),2015-03-27,17시경,경상사고,남,68세,자전거,상해없음,여,61세,보행자,경상,차대사람 - 기타,안전운전불이행,맑음,0,1
2015,서울특별시 마포구5,서울특별시 마포구 성산동(마포농수산물시장_난지도길_진입 부근),2015-05-11,10시경,경상사고,여,35세,자전거,경상,남,67세,승용차,상해없음,차대차 - 기타,안전운전불이행,맑음,0,1
2015,서울특별시 양천구2,서울특별시 양천구 신정동(신정교(서단) 부근),2015-09-26,15시경,부상신고사고,기타불명,불명,불명,기타불명,남,7세,자전거,부상신고,차대차 - 측면직각충돌,신호위반,맑음,0,1
2015,서울특별시 양천구2,서울특별시 양천구 신정동(신정교(서단) 부근),2015-04-25,19시경,경상사고,남,64세,승용차,상해없음,남,50세,자전거,경상,차대차 - 추돌 - 주정차중,기타,맑음,0,1
2015,서울특별시 양천구2,서울특별시 양천구 신정동(신정교(서단) 부근),2015-10-09,10시경,중상사고,여,37세,승용차,상해없음,남,79세,자전거,중상,차대차 - 측면직각충돌,안전운전불이행,맑음,0,1
2015,서울특별시 양천구2,서울특별시 양천구 신정동(신정교(서단) 부근),2015-10-15,12시경,경상사고,여,57세,승용차,상해없음,남,47세,자전거,경상,차대차 - 기타,안전운전불이행,맑음,0,1
2015,서울특별시 양천구2,서울특별시 양천구 신정동(신정교(서단) 부근),2015-11-01,13시경,경상사고,남,34세,이륜차,상해없음,남,53세,자전거,경상,차대차 - 기타,직진우회전진행방해,맑음,0,1
2015,서울특별시 양천구2,서울특별시 양천구 신정동(신정교(서단) 부근),2015-03-11,15시경,경상사고,남,19세,자전거,경상,남,54세,승용차,상해없음,차대차 - 측면직각충돌,교차로운행방법위반,맑음,0,1
2015,서울특별시 양천구2,서울특별시 양천구 신정동(신정교(서단) 부근),2015-05-07,17시경,중상사고,남,20세,자전거,상해없음,여,46세,보행자,중상,차대사람 - 기타,기타,맑음,0,1
2015,서울특별시 양천구2,서울특별시 양천구 신정동(신정교(서단) 부근),2015-05-01,22시경,경상사고,남,67세,화물차,상해없음,여,45세,자전거,경상,차대차 - 측면직각충돌,안전운전불이행,맑음,0,1
2015,서울특별시 양천구4,서울특별시 양천구 신정동(제일시장앞 부근),2015-08-05,16시경,경상사고,남,62세,승용차,기타불명,남,18세,자전거,경상,차대차 - 측면직각충돌,안전운전불이행,맑음,0,1
2015,서울특별시 양천구4,서울특별시 양천구 신정동(제일시장앞 부근),2015-05-16,11시경,경상사고,남,11세,자전거,경상,남,36세,화물차,상해없음,차대차 - 측면직각충돌,중앙선침범,맑음,0,1
2015,서울특별시 양천구4,서울특별시 양천구 신정동(제일시장앞 부근),2015-11-30,09시경,중상사고,여,47세,자전거,중상,여,36세,승용차,상해없음,차대차 - 기타,중앙선침범,맑음,0,1
2015,서울특별시 양천구4,서울특별시 양천구 신정동(제일시장앞 부근),2015-03-28,15시경,경상사고,남,55세,화물차,상해없음,남,14세,자전거,경상,차대차 - 기타,안전운전불이행,맑음,0,1
2015,서울특별시 양천구4,서울특별시 양천구 신정동(제일시장앞 부근),2015-08-18,10시경,중상사고,남,63세,화물차,상해없음,여,72세,자전거,중상,차대차 - 정면충돌,안전운전불이행,맑음,0,1
2015,서울특별시 양천구1,서울특별시 양천구 목동(오목교역 부근),2015-02-01,23시경,경상사고,남,45세,승용차,상해없음,남,29세,자전거,경상,차대차 - 측면직각충돌,신호위반,맑음,0,1
2015,서울특별시 양천구1,서울특별시 양천구 목동(오목교역 부근),2015-08-05,12시경,경상사고,남,55세,승용차,상해없음,남,13세,자전거,경상,차대차 - 측면직각충돌,신호위반,맑음,0,1
2015,서울특별시 양천구1,서울특별시 양천구 목동(오목교역 부근),2015-08-19,23시경,중상사고,남,55세,승용차,상해없음,남,27세,자전거,중상,차대차 - 기타,안전운전불이행,맑음,0,1
2015,서울특별시 양천구1,서울특별시 양천구 목동(오목교역 부근),2015-08-28,05시경,경상사고,남,58세,승용차,상해없음,남,28세,자전거,경상,차대차 - 기타,신호위반,맑음,0,1
2015,서울특별시 양천구1,서울특별시 양천구 목동(오목교역 부근),2015-06-08,11시경,경상사고,남,43세,승합차,상해없음,여,19세,자전거,경상,차대차 - 측면직각충돌,안전운전불이행,맑음,0,1
2015,서울특별시 양천구1,서울특별시 양천구 목동(오목교역 부근),2015-01-10,10시경,경상사고,남,47세,승합차,상해없음,남,84세,자전거,경상,차대차 - 측면직각충돌,안전운전불이행,맑음,0,1
2015,서울특별시 양천구1,서울특별시 양천구 목동(오목교역 부근),2015-09-29,17시경,경상사고,남,11세,자전거,상해없음,남,47세,자전거,경상,차대차 - 기타,안전운전불이행,기타,0,1
2015,서울특별시 양천구1,서울특별시 양천구 목동(오목교역 부근),2015-05-26,19시경,부상신고사고,남,19세,자전거,부상신고,남,47세,승용차,상해없음,차대차 - 기타,중앙선침범,맑음,0,1
2015,서울특별시 양천구1,서울특별시 양천구 목동(오목교역 부근),2015-03-27,17시경,부상신고사고,남,53세,자전거,부상신고,남,57세,승용차,상해없음,차대차 - 추돌 - 진행중,차로위반,맑음,0,1
2015,서울특별시 양천구1,서울특별시 양천구 목동(오목교역 부근),2015-10-22,10시경,부상신고사고,남,68세,자전거,부상신고,여,62세,승용차,상해없음,차대차 - 측면직각충돌,중앙선침범,맑음,0,1
2015,서울특별시 양천구5,서울특별시 양천구 목동(JS빌딩 부근),2015-11-12,10시경,경상사고,남,46세,승용차,상해없음,여,22세,자전거,경상,차대차 - 측면직각충돌,안전운전불이행,맑음,0,1
2015,서울특별시 양천구5,서울특별시 양천구 목동(JS빌딩 부근),2015-09-04,23시경,중상사고,남,16세,이륜차,중상,남,23세,자전거,중상,차대차 - 측면직각충돌,신호위반,맑음,0,2
2015,서울특별시 양천구5,서울특별시 양천구 목동(JS빌딩 부근),2015-08-24,00시경,경상사고,남,19세,자전거,상해없음,여,55세,보행자,경상,차대사람 - 보도통행중,기타,맑음,0,1
2015,서울특별시 양천구5,서울특별시 양천구 목동(JS빌딩 부근),2015-02-12,13시경,경상사고,남,81세,자전거,경상,남,59세,승합차,상해없음,차대차 - 측면직각충돌,안전운전불이행,맑음,0,1
2015,서울특별시 양천구3,서울특별시 양천구 신월동(왕실아파트 부근),2015-10-31,12시경,경상사고,기타불명,불명,불명,기타불명,여,48세,자전거,경상,차대차 - 측면직각충돌,안전운전불이행,맑음,0,1
2015,서울특별시 양천구3,서울특별시 양천구 신월동(왕실아파트 부근),2015-07-24,15시경,경상사고,남,67세,승용차,상해없음,여,46세,자전거,경상,차대차 - 기타,기타,비,0,1
2015,서울특별시 양천구3,서울특별시 양천구 신월동(왕실아파트 부근),2015-09-10,19시경,경상사고,여,54세,승용차,상해없음,남,68세,자전거,경상,차대차 - 정면충돌,안전운전불이행,맑음,0,1
2015,서울특별시 양천구3,서울특별시 양천구 신월동(왕실아파트 부근),2015-02-05,08시경,중상사고,남,41세,승합차,상해없음,남,48세,자전거,중상,차대차 - 측면직각충돌,안전운전불이행,맑음,0,1
2015,서울특별시 양천구3,서울특별시 양천구 신월동(왕실아파트 부근),2015-09-08,17시경,경상사고,남,16세,자전거,상해없음,여,53세,보행자,경상,차대사람 - 기타,안전운전불이행,맑음,0,1
2015,서울특별시 양천구3,서울특별시 양천구 신월동(왕실아파트 부근),2015-04-24,18시경,부상신고사고,남,29세,자전거,부상신고,남,55세,승용차,상해없음,차대차 - 측면직각충돌,안전운전불이행,맑음,0,1
2015,서울특별시 양천구3,서울특별시 양천구 신월동(왕실아파트 부근),2015-10-08,08시경,부상신고사고,남,72세,자전거,부상신고,남,47세,승용차,상해없음,차대차 - 측면직각충돌,불법유턴,맑음,0,1
2015,서울특별시 양천구3,서울특별시 양천구 신월동(왕실아파트 부근),2015-06-15,21시경,중상사고,여,25세,자전거,상해없음,여,36세,보행자,중상,차대사람 - 보도통행중,기타,맑음,0,1
2015,서울특별시 강서구3,서울특별시 강서구 등촌동(조흥은행등촌동지점 부근),2015-04-28,15시경,경상사고,남,50세,승용차,상해없음,남,31세,자전거,경상,차대차 - 측면직각충돌,기타,맑음,0,1
2015,서울특별시 강서구3,서울특별시 강서구 등촌동(조흥은행등촌동지점 부근),2015-02-12,20시경,경상사고,여,41세,승용차,상해없음,남,62세,자전거,경상,차대차 - 기타,안전운전불이행,맑음,0,1
2015,서울특별시 강서구3,서울특별시 강서구 등촌동(조흥은행등촌동지점 부근),2015-06-10,06시경,중상사고,남,59세,승합차,상해없음,남,61세,자전거,중상,차대차 - 측면직각충돌,교차로운행방법위반,맑음,0,1
2015,서울특별시 강서구3,서울특별시 강서구 등촌동(조흥은행등촌동지점 부근),2015-11-24,16시경,경상사고,남,21세,이륜차,상해없음,남,53세,자전거,경상,차대차 - 기타,안전운전불이행,맑음,0,1
2015,서울특별시 강서구3,서울특별시 강서구 등촌동(조흥은행등촌동지점 부근),2015-09-23,17시경,경상사고,남,16세,자전거,상해없음,여,17세,보행자,경상,차대사람 - 기타,신호위반,맑음,0,1
2015,서울특별시 강서구3,서울특별시 강서구 등촌동(조흥은행등촌동지점 부근),2015-10-16,14시경,경상사고,남,54세,자전거,상해없음,여,56세,보행자,경상,차대사람 - 기타,안전운전불이행,맑음,0,1
2015,서울특별시 강서구3,서울특별시 강서구 등촌동(조흥은행등촌동지점 부근),2015-08-08,23시경,경상사고,남,56세,자전거,상해없음,남,45세,보행자,경상,차대사람 - 보도통행중,안전운전불이행,맑음,0,1
2015,서울특별시 강서구1,서울특별시 강서구 화곡동((주)슈퍼텍 부근),2015-10-06,23시경,경상사고,남,25세,승용차,상해없음,남,21세,자전거,경상,차대차 - 측면직각충돌,신호위반,맑음,0,1
2015,서울특별시 강서구1,서울특별시 강서구 화곡동((주)슈퍼텍 부근),2015-01-30,09시경,경상사고,남,63세,승용차,상해없음,남,41세,자전거,경상,차대차 - 기타,기타,맑음,0,1
2015,서울특별시 강서구1,서울특별시 강서구 화곡동((주)슈퍼텍 부근),2015-09-03,21시경,중상사고,남,13세,자전거,경상,남,64세,원동기장치자전거,중상,차대차 - 측면직각충돌,안전운전불이행,맑음,0,3
2015,서울특별시 강서구1,서울특별시 강서구 화곡동((주)슈퍼텍 부근),2015-11-09,08시경,경상사고,남,15세,자전거,경상,남,53세,승용차,상해없음,차대차 - 기타,신호위반,맑음,0,1
2015,서울특별시 강서구1,서울특별시 강서구 화곡동((주)슈퍼텍 부근),2015-07-30,21시경,중상사고,남,16세,자전거,상해없음,여,49세,보행자,중상,차대사람 - 횡단중,신호위반,맑음,0,1
2015,서울특별시 강서구1,서울특별시 강서구 화곡동((주)슈퍼텍 부근),2015-04-17,15시경,중상사고,남,59세,자전거,중상,여,46세,승합차,상해없음,차대차 - 기타,안전거리미확보,맑음,0,1
2015,서울특별시 강서구1,서울특별시 강서구 화곡동((주)슈퍼텍 부근),2015-12-18,09시경,경상사고,여,50세,자전거,경상,여,59세,승용차,상해없음,차대차 - 측면직각충돌,안전운전불이행,맑음,0,1
2015,서울특별시 강서구1,서울특별시 강서구 화곡동((주)슈퍼텍 부근),2015-08-19,21시경,경상사고,남,60세,화물차,상해없음,남,57세,자전거,경상,차대차 - 기타,안전운전불이행,맑음,0,1
2015,서울특별시 강서구5,서울특별시 강서구 화곡동(우장공원입구 부근),2015-06-15,09시경,중상사고,남,48세,승용차,상해없음,여,51세,자전거,중상,차대차 - 기타,기타,맑음,0,1
2015,서울특별시 강서구5,서울특별시 강서구 화곡동(우장공원입구 부근),2015-06-04,21시경,경상사고,남,51세,승용차,상해없음,남,21세,자전거,경상,차대차 - 측면직각충돌,안전운전불이행,맑음,0,1
2015,서울특별시 강서구5,서울특별시 강서구 화곡동(우장공원입구 부근),2015-07-09,01시경,중상사고,남,52세,승합차,상해없음,남,22세,자전거,중상,차대차 - 기타,기타,맑음,0,1
2015,서울특별시 강서구5,서울특별시 강서구 화곡동(우장공원입구 부근),2015-01-13,10시경,경상사고,남,50세,이륜차,상해없음,여,71세,자전거,경상,차대차 - 기타,안전운전불이행,맑음,0,1
2015,서울특별시 강서구5,서울특별시 강서구 화곡동(우장공원입구 부근),2015-09-24,01시경,부상신고사고,남,18세,자전거,부상신고,남,63세,승용차,상해없음,차대차 - 기타,신호위반,맑음,0,1
2015,서울특별시 강서구5,서울특별시 강서구 화곡동(우장공원입구 부근),2015-05-15,03시경,경상사고,남,30세,자전거,경상,남,72세,승용차,상해없음,차대차 - 기타,교차로운행방법위반,맑음,0,1
2015,서울특별시 강서구7,서울특별시 강서구 화곡동(신정여상 부근),2015-04-27,11시경,중상사고,남,38세,승용차,상해없음,남,16세,자전거,중상,차대차 - 측면직각충돌,안전운전불이행,맑음,0,1
2015,서울특별시 강서구7,서울특별시 강서구 화곡동(신정여상 부근),2015-08-21,08시경,경상사고,남,36세,승합차,상해없음,남,67세,자전거,경상,차대차 - 기타,신호위반,맑음,0,2
2015,서울특별시 강서구7,서울특별시 강서구 화곡동(신정여상 부근),2015-08-26,14시경,중상사고,남,19세,자전거,중상,남,45세,화물차,상해없음,차대차 - 기타,신호위반,맑음,0,1
2015,서울특별시 강서구7,서울특별시 강서구 화곡동(신정여상 부근),2015-05-19,14시경,중상사고,남,78세,자전거,중상,남,32세,승용차,상해없음,차대차 - 측면직각충돌,안전거리미확보,맑음,0,1
2015,서울특별시 강서구7,서울특별시 강서구 화곡동(신정여상 부근),2015-06-14,00시경,경상사고,여,19세,자전거,상해없음,여,59세,보행자,경상,차대사람 - 보도통행중,신호위반,맑음,0,1
2015,서울특별시 강서구10,서울특별시 강서구 화곡동(동진빌딩 부근),2015-09-22,08시경,중상사고,남,39세,승용차,상해없음,남,52세,자전거,중상,차대차 - 기타,신호위반,맑음,0,1
2015,서울특별시 강서구10,서울특별시 강서구 화곡동(동진빌딩 부근),2015-04-10,16시경,경상사고,여,47세,승용차,상해없음,남,13세,자전거,경상,차대차 - 측면직각충돌,신호위반,맑음,0,1
2015,서울특별시 강서구10,서울특별시 강서구 화곡동(동진빌딩 부근),2015-04-25,09시경,중상사고,남,71세,자전거,중상,남,52세,승용차,상해없음,차대차 - 측면직각충돌,신호위반,맑음,0,1
2015,서울특별시 강서구10,서울특별시 강서구 화곡동(동진빌딩 부근),2015-01-17,14시경,경상사고,남,76세,자전거,경상,남,44세,화물차,상해없음,차대차 - 기타,중앙선침범,맑음,0,1
2015,서울특별시 강서구11,서울특별시 강서구 화곡동(동면빌딩 부근),2015-06-10,08시경,중상사고,남,46세,승용차,상해없음,남,29세,자전거,중상,차대차 - 측면직각충돌,직진우회전진행방해,맑음,0,1
2015,서울특별시 강서구11,서울특별시 강서구 화곡동(동면빌딩 부근),2015-11-24,17시경,경상사고,남,67세,승합차,상해없음,남,13세,자전거,경상,차대차 - 측면직각충돌,안전운전불이행,맑음,0,1
2015,서울특별시 강서구11,서울특별시 강서구 화곡동(동면빌딩 부근),2015-01-02,05시경,경상사고,남,45세,특수차,상해없음,남,70세,자전거,경상,차대차 - 측면직각충돌,안전운전불이행,맑음,0,1
2015,서울특별시 강서구11,서울특별시 강서구 화곡동(동면빌딩 부근),2015-06-15,11시경,경상사고,남,56세,화물차,상해없음,여,39세,자전거,경상,차대차 - 기타,안전운전불이행,맑음,0,1
2015,서울특별시 강서구6,서울특별시 강서구 내발산동(수명파크3단지 부근),2015-12-23,15시경,경상사고,기타불명,불명,불명,기타불명,남,12세,자전거,경상,차대차 - 측면직각충돌,안전운전불이행,맑음,0,1
2015,서울특별시 강서구6,서울특별시 강서구 내발산동(수명파크3단지 부근),2015-09-15,15시경,경상사고,남,54세,승용차,상해없음,남,9세,자전거,경상,차대차 - 기타,안전운전불이행,맑음,0,1
2015,서울특별시 강서구6,서울특별시 강서구 내발산동(수명파크3단지 부근),2015-08-23,23시경,경상사고,남,28세,원동기장치자전거,상해없음,남,17세,자전거,경상,차대차 - 기타,신호위반,맑음,0,1
2015,서울특별시 강서구6,서울특별시 강서구 내발산동(수명파크3단지 부근),2015-11-29,08시경,부상신고사고,남,26세,자전거,부상신고,여,59세,승용차,상해없음,차대차 - 기타,중앙선침범,비,0,1
2015,서울특별시 강서구6,서울특별시 강서구 내발산동(수명파크3단지 부근),2015-08-26,03시경,사망사고,여,58세,자전거,사망,남,33세,승용차,상해없음,차대차 - 기타,신호위반,맑음,1,0
2015,서울특별시 강서구9,서울특별시 강서구 내발산동(우리은행내발산 부근),2015-10-02,16시경,부상신고사고,기타불명,불명,불명,기타불명,남,14세,자전거,부상신고,차대차 - 기타,안전운전불이행,맑음,0,1
2015,서울특별시 강서구9,서울특별시 강서구 내발산동(우리은행내발산 부근),2015-11-05,07시경,경상사고,남,67세,승용차,상해없음,여,25세,자전거,경상,차대차 - 기타,기타,맑음,0,1
2015,서울특별시 강서구9,서울특별시 강서구 내발산동(우리은행내발산 부근),2015-07-22,12시경,중상사고,남,16세,자전거,중상,남,34세,이륜차,경상,차대차 - 측면직각충돌,중앙선침범,맑음,0,2
2015,서울특별시 강서구9,서울특별시 강서구 내발산동(우리은행내발산 부근),2015-08-20,23시경,중상사고,남,18세,자전거,중상,여,49세,승용차,상해없음,차대차 - 측면직각충돌,직진우회전진행방해,맑음,0,1
2015,서울특별시 강서구9,서울특별시 강서구 내발산동(우리은행내발산 부근),2015-11-11,13시경,경상사고,남,42세,화물차,상해없음,여,56세,자전거,경상,차대차 - 측면직각충돌,기타,맑음,0,1
2015,서울특별시 강서구12,서울특별시 강서구 내발산동(로얄파크빌 부근),2015-08-07,07시경,중상사고,남,67세,승용차,상해없음,여,58세,자전거,중상,차대차 - 기타,안전운전불이행,맑음,0,1
2015,서울특별시 강서구12,서울특별시 강서구 내발산동(로얄파크빌 부근),2015-11-10,08시경,경상사고,남,13세,자전거,경상,남,69세,승용차,상해없음,차대차 - 기타,중앙선침범,맑음,0,1
2015,서울특별시 강서구12,서울특별시 강서구 내발산동(로얄파크빌 부근),2015-06-11,11시경,경상사고,남,7세,자전거,기타불명,여,4세,보행자,경상,차대사람 - 기타,기타,맑음,0,1
2015,서울특별시 강서구12,서울특별시 강서구 내발산동(로얄파크빌 부근),2015-11-06,14시경,경상사고,남,9세,자전거,경상,여,49세,승용차,상해없음,차대차 - 기타,안전운전불이행,맑음,0,1
2015,서울특별시 강서구8,서울특별시 강서구 외발산동(강서면허시험장삼거리_남부순환 부근),2015-11-21,07시경,중상사고,남,60세,승용차,상해없음,남,70세,자전거,중상,차대차 - 측면직각충돌,안전운전불이행,맑음,0,1
2015,서울특별시 강서구8,서울특별시 강서구 외발산동(강서면허시험장삼거리_남부순환 부근),2015-03-17,08시경,중상사고,남,28세,자전거,중상,남,55세,화물차,상해없음,차대차 - 측면직각충돌,안전운전불이행,맑음,0,1
2015,서울특별시 강서구8,서울특별시 강서구 외발산동(강서면허시험장삼거리_남부순환 부근),2015-09-27,22시경,부상신고사고,남,58세,자전거,부상신고,남,51세,승용차,상해없음,차대차 - 기타,신호위반,맑음,0,1
2015,서울특별시 강서구8,서울특별시 강서구 외발산동(강서면허시험장삼거리_남부순환 부근),2015-06-04,17시경,경상사고,남,75세,자전거,경상,남,58세,승합차,상해없음,차대차 - 측면직각충돌,중앙선침범,맑음,0,1
2015,서울특별시 강서구8,서울특별시 강서구 외발산동(강서면허시험장삼거리_남부순환 부근),2015-04-01,15시경,중상사고,여,57세,자전거,중상,남,34세,승용차,상해없음,차대차 - 측면직각충돌,신호위반,맑음,0,1
2015,서울특별시 강서구13,서울특별시 강서구 공항동(올림픽대로-정곡길램프(3) 부근),2015-08-01,10시경,중상사고,남,35세,자전거,상해없음,남,20세,자전거,중상,차대차 - 기타,안전운전불이행,맑음,0,1