사고년도,다발시군구,지점명,사고일시,사고시간대,사고등급,가해자성별,가해자연령,가해차종,가해자신체상해정도,피해자성별,피해자연령,피해차종,피해자신체상해정도,사고유형,가해자법규위반,기상상태,사망자수,부상자수
2015,서울특별시 영등포구2,서울특별시 영등포구 당산동(당산지하차도(북측) 부근),2015-06-29,11시경,중상사고,남,17세,자전거,경상,남,39세,자전거,중상,차대차 - 측면직각충돌,안전운전불이행,맑음,0,2
2015,서울특별시 영등포구2,서울특별시 영등포구 당산동(당산지하차도(북측) 부근),2015-02-20,18시경,경상사고,남,21세,자전거,상해없음,여,29세,자전거,경상,차대차 - 측면직각충돌,안전운전불이행,맑음,0,1
2015,서울특별시 영등포구2,서울특별시 영등포구 당산동(당산지하차도(북측) 부근),2015-06-10,23시경,경상사고,남,23세,자전거,상해없음,여,59세,보행자,경상,차대사람 - 횡단중,안전운전불이행,맑음,0,1
2015,서울특별시 영등포구2,서울특별시 영등포구 당산동(당산지하차도(북측) 부근),2015-04-12,18시경,경상사고,남,26세,자전거,상해없음,남,25세,자전거,경상,차대차 - 추돌 - 진행중,안전운전불이행,맑음,0,1
2015,서울특별시 영등포구2,서울특별시 영등포구 당산동(당산지하차도(북측) 부근),2015-09-13,16시경,부상신고사고,남,30세,자전거,상해없음,남,53세,보행자,부상신고,차대사람 - 횡단중,안전운전불이행,맑음,0,1
2015,서울특별시 영등포구2,서울특별시 영등포구 당산동(당산지하차도(북측) 부근),2015-06-02,21시경,중상사고,남,32세,자전거,상해없음,여,62세,보행자,중상,차대사람 - 기타,안전운전불이행,맑음,0,1
2015,서울특별시 영등포구2,서울특별시 영등포구 당산동(당산지하차도(북측) 부근),2015-09-08,11시경,경상사고,남,42세,자전거,상해없음,남,72세,자전거,경상,차대차 - 정면충돌,안전운전불이행,맑음,0,1
2015,서울특별시 영등포구2,서울특별시 영등포구 당산동(당산지하차도(북측) 부근),2015-05-10,09시경,경상사고,남,47세,자전거,부상신고,남,27세,자전거,경상,차대차 - 기타,안전운전불이행,맑음,0,2
2015,서울특별시 영등포구2,서울특별시 영등포구 당산동(당산지하차도(북측) 부근),2015-05-17,12시경,부상신고사고,남,54세,자전거,상해없음,여,50세,보행자,부상신고,차대사람 - 기타,안전운전불이행,맑음,0,1
2015,서울특별시 영등포구2,서울특별시 영등포구 당산동(당산지하차도(북측) 부근),2015-06-02,21시경,경상사고,남,58세,자전거,상해없음,여,24세,자전거,경상,차대차 - 측면직각충돌,안전운전불이행,맑음,0,1
2015,서울특별시 영등포구2,서울특별시 영등포구 당산동(당산지하차도(북측) 부근),2015-09-14,00시경,중상사고,남,66세,자전거,부상신고,남,39세,자전거,중상,차대차 - 측면직각충돌,안전운전불이행,맑음,0,2
2015,서울특별시 영등포구2,서울특별시 영등포구 당산동(당산지하차도(북측) 부근),2015-10-03,11시경,부상신고사고,남,67세,자전거,부상신고,남,48세,자전거,상해없음,차대차 - 측면직각충돌,안전운전불이행,맑음,0,1
2015,서울특별시 영등포구9,서울특별시 영등포구 문래동3가(영등포청과시장 부근),2015-05-12,09시경,중상사고,남,62세,승용차,상해없음,남,69세,자전거,중상,차대차 - 기타,안전운전불이행,맑음,0,1
2015,서울특별시 영등포구9,서울특별시 영등포구 문래동3가(영등포청과시장 부근),2015-06-03,22시경,중상사고,남,62세,승용차,상해없음,남,76세,자전거,중상,차대차 - 측면직각충돌,신호위반,맑음,0,1
2015,서울특별시 영등포구9,서울특별시 영등포구 문래동3가(영등포청과시장 부근),2015-07-03,11시경,경상사고,남,65세,승용차,상해없음,여,34세,자전거,경상,차대차 - 측면직각충돌,안전운전불이행,맑음,0,1
2015,서울특별시 영등포구9,서울특별시 영등포구 문래동3가(영등포청과시장 부근),2015-08-13,12시경,부상신고사고,남,14세,자전거,부상신고,여,35세,승용차,상해없음,차대차 - 측면직각충돌,안전운전불이행,맑음,0,1
2015,서울특별시 영등포구9,서울특별시 영등포구 문래동3가(영등포청과시장 부근),2015-07-15,11시경,부상신고사고,남,70세,자전거,부상신고,여,41세,승용차,상해없음,차대차 - 측면직각충돌,안전운전불이행,맑음,0,1
2015,서울특별시 영등포구9,서울특별시 영등포구 문래동3가(영등포청과시장 부근),2015-06-10,15시경,중상사고,여,75세,자전거,중상,남,47세,승용차,상해없음,차대차 - 측면직각충돌,안전운전불이행,맑음,0,1
2015,서울특별시 영등포구7,서울특별시 영등포구 문래동6가(문래대원아파트 부근),2015-07-16,17시경,부상신고사고,남,11세,자전거,부상신고,여,30세,승용차,상해없음,차대차 - 기타,안전운전불이행,맑음,0,1
2015,서울특별시 영등포구7,서울특별시 영등포구 문래동6가(문래대원아파트 부근),2015-05-04,19시경,중상사고,남,12세,자전거,상해없음,남,36세,자전거,중상,차대차 - 정면충돌,안전운전불이행,맑음,0,1
2015,서울특별시 영등포구7,서울특별시 영등포구 문래동6가(문래대원아파트 부근),2015-07-01,20시경,부상신고사고,남,25세,자전거,부상신고,여,26세,자전거,부상신고,차대차 - 추돌 - 진행중,안전운전불이행,맑음,0,2
2015,서울특별시 영등포구7,서울특별시 영등포구 문래동6가(문래대원아파트 부근),2015-08-16,09시경,중상사고,남,31세,자전거,경상,남,72세,자전거,중상,차대차 - 추돌 - 진행중,안전운전불이행,맑음,0,2
2015,서울특별시 영등포구7,서울특별시 영등포구 문래동6가(문래대원아파트 부근),2015-10-22,08시경,경상사고,남,39세,자전거,경상,남,62세,보행자,경상,차대사람 - 차도통행중,안전운전불이행,맑음,0,2
2015,서울특별시 영등포구7,서울특별시 영등포구 문래동6가(문래대원아파트 부근),2015-07-18,07시경,경상사고,남,39세,자전거,상해없음,남,85세,자전거,경상,차대차 - 기타,안전운전불이행,맑음,0,1
2015,서울특별시 영등포구7,서울특별시 영등포구 문래동6가(문래대원아파트 부근),2015-09-06,19시경,중상사고,남,55세,자전거,중상,여,20세,자전거,상해없음,차대차 - 측면직각충돌,안전운전불이행,맑음,0,1
2015,서울특별시 영등포구7,서울특별시 영등포구 문래동6가(문래대원아파트 부근),2015-10-20,15시경,중상사고,남,70세,자전거,부상신고,남,56세,자전거,중상,차대차 - 기타,안전운전불이행,맑음,0,2
2015,서울특별시 영등포구18,서울특별시 영등포구 양평동1가(유원문래APT 부근),2015-11-03,23시경,중상사고,남,43세,자전거,상해없음,여,54세,보행자,중상,차대사람 - 횡단중,안전운전불이행,맑음,0,1
2015,서울특별시 영등포구18,서울특별시 영등포구 양평동1가(유원문래APT 부근),2015-12-24,09시경,부상신고사고,남,60세,자전거,부상신고,남,29세,승용차,상해없음,차대차 - 기타,중앙선침범,맑음,0,1
2015,서울특별시 영등포구18,서울특별시 영등포구 양평동1가(유원문래APT 부근),2015-11-27,09시경,사망사고,남,91세,자전거,사망,남,65세,승용차,상해없음,차대차 - 측면직각충돌,신호위반,흐림,1,0
2015,서울특별시 영등포구18,서울특별시 영등포구 양평동1가(유원문래APT 부근),2015-08-14,20시경,경상사고,남,50세,화물차,상해없음,남,47세,자전거,경상,차대차 - 기타,안전운전불이행,맑음,0,1
2015,서울특별시 영등포구10,서울특별시 영등포구 양평동3가(서부간선도로-제물포길램프(9) 부근),2015-12-13,05시경,중상사고,남,47세,승용차,상해없음,남,72세,자전거,중상,차대차 - 측면직각충돌,안전운전불이행,맑음,0,1
2015,서울특별시 영등포구10,서울특별시 영등포구 양평동3가(서부간선도로-제물포길램프(9) 부근),2015-08-15,16시경,경상사고,남,12세,자전거,기타불명,남,7세,자전거,경상,차대차 - 추돌 - 진행중,안전운전불이행,맑음,0,2
2015,서울특별시 영등포구10,서울특별시 영등포구 양평동3가(서부간선도로-제물포길램프(9) 부근),2015-05-06,18시경,경상사고,남,62세,자전거,경상,남,49세,자전거,경상,차대차 - 측면직각충돌,안전운전불이행,맑음,0,2
2015,서울특별시 영등포구10,서울특별시 영등포구 양평동3가(서부간선도로-제물포길램프(9) 부근),2015-09-22,18시경,부상신고사고,남,62세,자전거,상해없음,남,26세,자전거,부상신고,차대차 - 추돌 - 진행중,안전거리미확보,맑음,0,1
2015,서울특별시 영등포구10,서울특별시 영등포구 양평동3가(서부간선도로-제물포길램프(9) 부근),2015-03-26,12시경,경상사고,남,76세,자전거,경상,남,74세,자전거,경상,차대차 - 기타,안전운전불이행,맑음,0,2
2015,서울특별시 영등포구10,서울특별시 영등포구 양평동3가(서부간선도로-제물포길램프(9) 부근),2015-07-30,14시경,중상사고,여,65세,자전거,중상,남,52세,자전거,상해없음,차대차 - 추돌 - 진행중,안전운전불이행,맑음,0,1
2015,서울특별시 영등포구15,서울특별시 영등포구 양평동4가(양평동사거리 부근),2015-07-14,07시경,부상신고사고,남,33세,승용차,상해없음,남,14세,자전거,부상신고,차대차 - 기타,직진우회전진행방해,맑음,0,1
2015,서울특별시 영등포구15,서울특별시 영등포구 양평동4가(양평동사거리 부근),2015-04-21,21시경,경상사고,남,39세,승용차,상해없음,남,15세,자전거,경상,차대차 - 기타,기타,맑음,0,1
2015,서울특별시 영등포구15,서울특별시 영등포구 양평동4가(양평동사거리 부근),2015-09-11,19시경,경상사고,남,60세,승용차,상해없음,남,17세,자전거,경상,차대차 - 기타,신호위반,비,0,1
2015,서울특별시 영등포구15,서울특별시 영등포구 양평동4가(양평동사거리 부근),2015-07-27,17시경,경상사고,남,61세,승용차,상해없음,남,12세,자전거,경상,차대차 - 측면직각충돌,신호위반,맑음,0,1
2015,서울특별시 영등포구15,서울특별시 영등포구 양평동4가(양평동사거리 부근),2015-02-03,20시경,경상사고,남,70세,승용차,상해없음,남,37세,자전거,경상,차대차 - 추돌 - 진행중,안전운전불이행,맑음,0,1
2015,서울특별시 영등포구15,서울특별시 영등포구 양평동4가(양평동사거리 부근),2015-07-14,08시경,경상사고,여,35세,승용차,상해없음,남,27세,자전거,경상,차대차 - 측면직각충돌,안전운전불이행,맑음,0,1
2015,서울특별시 영등포구6,서울특별시 영등포구 양화동(올림픽대로-일반국도1호선램프(6 부근),2015-04-25,18시경,경상사고,남,38세,승용차,상해없음,남,50세,자전거,경상,차대차 - 측면직각충돌,안전운전불이행,맑음,0,1
2015,서울특별시 영등포구6,서울특별시 영등포구 양화동(올림픽대로-일반국도1호선램프(6 부근),2015-01-23,17시경,경상사고,남,64세,승용차,상해없음,남,70세,자전거,경상,차대차 - 측면직각충돌,안전운전불이행,맑음,0,1
2015,서울특별시 영등포구6,서울특별시 영등포구 양화동(올림픽대로-일반국도1호선램프(6 부근),2015-05-10,13시경,경상사고,남,20세,자전거,경상,남,18세,자전거,경상,차대차 - 측면직각충돌,안전운전불이행,맑음,0,2
2015,서울특별시 영등포구6,서울특별시 영등포구 양화동(올림픽대로-일반국도1호선램프(6 부근),2015-05-02,14시경,부상신고사고,남,22세,자전거,부상신고,남,11세,자전거,상해없음,차대차 - 추돌 - 주정차중,안전운전불이행,맑음,0,1
2015,서울특별시 영등포구6,서울특별시 영등포구 양화동(올림픽대로-일반국도1호선램프(6 부근),2015-08-13,00시경,중상사고,남,26세,자전거,상해없음,남,44세,자전거,경상,차대차 - 기타,안전운전불이행,맑음,0,2
2015,서울특별시 영등포구6,서울특별시 영등포구 양화동(올림픽대로-일반국도1호선램프(6 부근),2015-06-01,19시경,중상사고,남,56세,자전거,경상,남,35세,자전거,중상,차대차 - 기타,안전운전불이행,맑음,0,2
2015,서울특별시 영등포구6,서울특별시 영등포구 양화동(올림픽대로-일반국도1호선램프(6 부근),2015-05-31,14시경,경상사고,남,58세,자전거,상해없음,여,37세,자전거,경상,차대차 - 측면직각충돌,안전운전불이행,맑음,0,1
2015,서울특별시 영등포구6,서울특별시 영등포구 양화동(올림픽대로-일반국도1호선램프(6 부근),2015-08-02,14시경,부상신고사고,남,76세,자전거,상해없음,남,21세,자전거,부상신고,차대차 - 기타,안전운전불이행,맑음,0,1
2015,서울특별시 영등포구6,서울특별시 영등포구 양화동(올림픽대로-일반국도1호선램프(6 부근),2015-07-08,22시경,중상사고,여,27세,자전거,상해없음,여,43세,보행자,중상,차대사람 - 횡단중,안전운전불이행,맑음,0,1
2015,서울특별시 영등포구11,서울특별시 영등포구 신길동(신풍역 부근),2015-06-27,17시경,중상사고,남,60세,승용차,상해없음,여,42세,자전거,중상,차대차 - 추돌 - 주정차중,기타,맑음,0,1
2015,서울특별시 영등포구11,서울특별시 영등포구 신길동(신풍역 부근),2015-08-13,09시경,경상사고,남,71세,승용차,상해없음,남,71세,자전거,경상,차대차 - 측면직각충돌,안전운전불이행,맑음,0,1
2015,서울특별시 영등포구11,서울특별시 영등포구 신길동(신풍역 부근),2015-10-17,12시경,경상사고,여,35세,승용차,상해없음,남,75세,자전거,경상,차대차 - 기타,안전운전불이행,맑음,0,1
2015,서울특별시 영등포구11,서울특별시 영등포구 신길동(신풍역 부근),2015-06-14,10시경,부상신고사고,남,13세,자전거,부상신고,남,37세,승용차,상해없음,차대차 - 기타,안전운전불이행,맑음,0,1
2015,서울특별시 영등포구11,서울특별시 영등포구 신길동(신풍역 부근),2015-07-30,20시경,중상사고,남,80세,자전거,중상,남,66세,승용차,상해없음,차대차 - 측면직각충돌,안전거리미확보,맑음,0,1
2015,서울특별시 영등포구11,서울특별시 영등포구 신길동(신풍역 부근),2015-11-03,15시경,경상사고,여,37세,자전거,상해없음,여,47세,보행자,경상,차대사람 - 횡단중,안전운전불이행,맑음,0,1
2015,서울특별시 영등포구16,서울특별시 영등포구 신길동(신길삼거리_노량진로_진입 부근),2015-08-23,21시경,경상사고,남,40세,승용차,상해없음,남,46세,자전거,경상,차대차 - 기타,안전운전불이행,맑음,0,1
2015,서울특별시 영등포구16,서울특별시 영등포구 신길동(신길삼거리_노량진로_진입 부근),2015-10-12,23시경,부상신고사고,남,22세,자전거,부상신고,남,42세,승용차,상해없음,차대차 - 측면직각충돌,안전운전불이행,맑음,0,1
2015,서울특별시 영등포구16,서울특별시 영등포구 신길동(신길삼거리_노량진로_진입 부근),2015-04-18,17시경,경상사고,남,43세,자전거,경상,남,68세,승용차,상해없음,차대차 - 측면직각충돌,안전운전불이행,맑음,0,1
2015,서울특별시 영등포구16,서울특별시 영등포구 신길동(신길삼거리_노량진로_진입 부근),2015-04-19,16시경,경상사고,남,79세,자전거,경상,남,28세,승용차,상해없음,차대차 - 측면직각충돌,안전운전불이행,비,0,1
2015,서울특별시 영등포구16,서울특별시 영등포구 신길동(신길삼거리_노량진로_진입 부근),2015-09-19,04시경,부상신고사고,여,57세,자전거,부상신고,남,49세,화물차,상해없음,차대차 - 측면직각충돌,안전운전불이행,맑음,0,1
2015,서울특별시 영등포구16,서울특별시 영등포구 신길동(신길삼거리_노량진로_진입 부근),2015-10-19,15시경,경상사고,여,68세,자전거,경상,남,65세,승용차,상해없음,차대차 - 정면충돌,중앙선침범,맑음,0,1
2015,서울특별시 영등포구22,서울특별시 영등포구 신길동(사러가시장앞 부근),2015-12-20,01시경,부상신고사고,남,56세,승용차,상해없음,남,32세,자전거,부상신고,차대차 - 측면직각충돌,안전운전불이행,맑음,0,1
2015,서울특별시 영등포구22,서울특별시 영등포구 신길동(사러가시장앞 부근),2015-11-03,00시경,부상신고사고,남,21세,자전거,부상신고,남,60세,승용차,상해없음,차대차 - 정면충돌,중앙선침범,맑음,0,1
2015,서울특별시 영등포구22,서울특별시 영등포구 신길동(사러가시장앞 부근),2015-04-02,11시경,경상사고,남,62세,자전거,경상,남,64세,화물차,상해없음,차대차 - 측면직각충돌,안전운전불이행,맑음,0,1
2015,서울특별시 영등포구22,서울특별시 영등포구 신길동(사러가시장앞 부근),2015-09-22,07시경,부상신고사고,남,76세,자전거,부상신고,남,64세,승용차,상해없음,차대차 - 기타,안전운전불이행,맑음,0,1
2015,서울특별시 영등포구23,서울특별시 영등포구 신길동(신길역 부근),2015-05-29,22시경,부상신고사고,남,16세,자전거,부상신고,남,49세,화물차,상해없음,차대차 - 측면직각충돌,중앙선침범,맑음,0,1
2015,서울특별시 영등포구23,서울특별시 영등포구 신길동(신길역 부근),2015-10-25,00시경,경상사고,남,61세,자전거,경상,남,59세,승용차,상해없음,차대차 - 기타,안전운전불이행,맑음,0,1
2015,서울특별시 영등포구23,서울특별시 영등포구 신길동(신길역 부근),2015-02-07,04시경,사망사고,남,93세,자전거,사망,남,64세,화물차,상해없음,차대차 - 측면직각충돌,안전운전불이행,맑음,1,0
2015,서울특별시 영등포구3,서울특별시 영등포구 대림동(한양식품 부근),2015-09-01,10시경,경상사고,남,54세,승용차,상해없음,여,52세,자전거,경상,차대차 - 측면직각충돌,신호위반,맑음,0,1
2015,서울특별시 영등포구3,서울특별시 영등포구 대림동(한양식품 부근),2015-08-18,09시경,경상사고,남,59세,승용차,상해없음,남,50세,자전거,경상,차대차 - 기타,신호위반,맑음,0,1
2015,서울특별시 영등포구3,서울특별시 영등포구 대림동(한양식품 부근),2015-07-27,20시경,경상사고,남,61세,승용차,상해없음,남,31세,자전거,경상,차대차 - 기타,신호위반,맑음,0,1
2015,서울특별시 영등포구3,서울특별시 영등포구 대림동(한양식품 부근),2015-03-05,12시경,경상사고,남,67세,승용차,상해없음,남,44세,자전거,경상,차대차 - 측면직각충돌,안전운전불이행,맑음,0,1
2015,서울특별시 영등포구3,서울특별시 영등포구 대림동(한양식품 부근),2015-05-07,14시경,경상사고,여,43세,승용차,상해없음,여,44세,자전거,경상,차대차 - 기타,안전운전불이행,맑음,0,1
2015,서울특별시 영등포구3,서울특별시 영등포구 대림동(한양식품 부근),2015-03-27,18시경,경상사고,여,54세,승용차,기타불명,남,52세,자전거,경상,차대차 - 측면직각충돌,안전운전불이행,맑음,0,1
2015,서울특별시 영등포구3,서울특별시 영등포구 대림동(한양식품 부근),2015-03-09,16시경,중상사고,남,62세,승합차,상해없음,남,42세,자전거,중상,차대차 - 추돌 - 진행중,신호위반,맑음,0,1
2015,서울특별시 영등포구3,서울특별시 영등포구 대림동(한양식품 부근),2015-09-16,17시경,경상사고,남,33세,자전거,경상,남,32세,승용차,상해없음,차대차 - 측면직각충돌,안전운전불이행,맑음,0,1
2015,서울특별시 영등포구3,서울특별시 영등포구 대림동(한양식품 부근),2015-12-21,05시경,중상사고,남,43세,자전거,중상,남,61세,승용차,상해없음,차대차 - 측면직각충돌,안전운전불이행,맑음,0,1
2015,서울특별시 영등포구3,서울특별시 영등포구 대림동(한양식품 부근),2015-10-26,17시경,중상사고,남,79세,자전거,중상,남,72세,승용차,상해없음,차대차 - 기타,안전운전불이행,맑음,0,1
2015,서울특별시 영등포구3,서울특별시 영등포구 대림동(한양식품 부근),2015-05-14,07시경,경상사고,여,52세,자전거,상해없음,여,44세,보행자,경상,차대사람 - 보도통행중,기타,맑음,0,1
2015,서울특별시 영등포구3,서울특별시 영등포구 대림동(한양식품 부근),2015-11-27,14시경,경상사고,남,52세,화물차,상해없음,남,61세,자전거,경상,차대차 - 정면충돌,안전운전불이행,맑음,0,1
2015,서울특별시 영등포구5,서울특별시 영등포구 대림동(대림우성아파트사거리 부근),2015-02-02,19시경,경상사고,남,46세,승용차,상해없음,여,52세,자전거,경상,차대차 - 측면직각충돌,중앙선침범,맑음,0,1
2015,서울특별시 영등포구5,서울특별시 영등포구 대림동(대림우성아파트사거리 부근),2015-10-19,17시경,중상사고,남,51세,승용차,상해없음,남,7세,자전거,중상,차대차 - 측면직각충돌,안전운전불이행,맑음,0,1
2015,서울특별시 영등포구5,서울특별시 영등포구 대림동(대림우성아파트사거리 부근),2015-06-05,14시경,경상사고,남,52세,승용차,상해없음,여,42세,자전거,경상,차대차 - 측면직각충돌,신호위반,비,0,1
2015,서울특별시 영등포구5,서울특별시 영등포구 대림동(대림우성아파트사거리 부근),2015-06-27,17시경,경상사고,남,59세,이륜차,상해없음,여,57세,자전거,경상,차대차 - 측면직각충돌,신호위반,맑음,0,1
2015,서울특별시 영등포구5,서울특별시 영등포구 대림동(대림우성아파트사거리 부근),2015-03-24,06시경,경상사고,남,59세,자전거,경상,남,47세,승용차,상해없음,차대차 - 측면직각충돌,신호위반,맑음,0,1
2015,서울특별시 영등포구5,서울특별시 영등포구 대림동(대림우성아파트사거리 부근),2015-06-23,19시경,부상신고사고,남,6세,자전거,부상신고,남,55세,승용차,상해없음,차대차 - 기타,안전운전불이행,맑음,0,1
2015,서울특별시 영등포구5,서울특별시 영등포구 대림동(대림우성아파트사거리 부근),2015-02-16,09시경,경상사고,남,71세,자전거,경상,남,48세,승용차,상해없음,차대차 - 측면직각충돌,중앙선침범,비,0,1
2015,서울특별시 영등포구5,서울특별시 영등포구 대림동(대림우성아파트사거리 부근),2015-09-05,16시경,부상신고사고,남,78세,자전거,부상신고,여,38세,승용차,상해없음,차대차 - 측면직각충돌,신호위반,흐림,0,1
2015,서울특별시 영등포구5,서울특별시 영등포구 대림동(대림우성아파트사거리 부근),2015-03-18,14시경,경상사고,여,50세,자전거,경상,남,53세,승용차,상해없음,차대차 - 기타,안전운전불이행,비,0,1
2015,서울특별시 영등포구5,서울특별시 영등포구 대림동(대림우성아파트사거리 부근),2015-06-14,21시경,부상신고사고,여,55세,자전거,부상신고,남,48세,승용차,상해없음,차대차 - 측면직각충돌,안전운전불이행,맑음,0,1
2015,서울특별시 영등포구8,서울특별시 영등포구 대림동(우성대림2차아파트 부근),2015-06-04,18시경,부상신고사고,남,44세,승용차,상해없음,남,41세,자전거,부상신고,차대차 - 기타,안전운전불이행,맑음,0,1
2015,서울특별시 영등포구8,서울특별시 영등포구 대림동(우성대림2차아파트 부근),2015-04-27,20시경,경상사고,남,65세,승용차,상해없음,남,42세,자전거,경상,차대차 - 측면직각충돌,기타,맑음,0,1
2015,서울특별시 영등포구8,서울특별시 영등포구 대림동(우성대림2차아파트 부근),2015-07-22,00시경,중상사고,남,74세,승용차,상해없음,남,40세,자전거,경상,차대차 - 기타,안전운전불이행,맑음,0,3
2015,서울특별시 영등포구8,서울특별시 영등포구 대림동(우성대림2차아파트 부근),2015-05-27,19시경,경상사고,남,50세,자전거,경상,남,25세,승용차,상해없음,차대차 - 측면직각충돌,안전거리미확보,맑음,0,1
2015,서울특별시 영등포구8,서울특별시 영등포구 대림동(우성대림2차아파트 부근),2015-05-07,05시경,경상사고,남,55세,자전거,경상,남,58세,승용차,상해없음,차대차 - 측면직각충돌,안전거리미확보,맑음,0,1
2015,서울특별시 영등포구8,서울특별시 영등포구 대림동(우성대림2차아파트 부근),2015-05-31,18시경,부상신고사고,남,5세,자전거,부상신고,남,16세,이륜차,상해없음,차대차 - 기타,안전운전불이행,맑음,0,1
2015,서울특별시 영등포구8,서울특별시 영등포구 대림동(우성대림2차아파트 부근),2015-09-10,21시경,부상신고사고,여,52세,자전거,부상신고,여,34세,보행자,상해없음,차대사람 - 길가장자리구역통행중,안전운전불이행,맑음,0,1
2015,서울특별시 영등포구8,서울특별시 영등포구 대림동(우성대림2차아파트 부근),2015-07-28,20시경,부상신고사고,여,64세,자전거,부상신고,여,31세,승용차,상해없음,차대차 - 측면직각충돌,안전운전불이행,맑음,0,1
2015,서울특별시 영등포구21,서울특별시 영등포구 대림동(구로1교(남단) 부근),2015-07-19,05시경,중상사고,남,53세,승용차,상해없음,여,49세,자전거,중상,차대차 - 기타,신호위반,비,0,1
2015,서울특별시 영등포구21,서울특별시 영등포구 대림동(구로1교(남단) 부근),2015-07-07,21시경,부상신고사고,남,62세,자전거,부상신고,남,35세,승용차,상해없음,차대차 - 기타,안전운전불이행,맑음,0,1
2015,서울특별시 영등포구21,서울특별시 영등포구 대림동(구로1교(남단) 부근),2015-08-14,17시경,경상사고,여,58세,자전거,경상,남,74세,승용차,상해없음,차대차 - 기타,신호위반,맑음,0,1
2015,서울특별시 영등포구21,서울특별시 영등포구 대림동(구로1교(남단) 부근),2015-10-20,08시경,경상사고,남,61세,화물차,상해없음,남,28세,자전거,경상,차대차 - 기타,신호위반,맑음,0,1
2015,서울특별시 동작구2,서울특별시 동작구 상도동(중앙대입구교차로 부근),2015-10-25,19시경,중상사고,남,17세,자전거,중상,여,42세,자전거,중상,차대차 - 정면충돌,안전운전불이행,맑음,0,2
2015,서울특별시 동작구2,서울특별시 동작구 상도동(중앙대입구교차로 부근),2015-06-21,23시경,중상사고,남,21세,자전거,기타불명,여,23세,자전거,중상,차대차 - 추돌 - 진행중,안전운전불이행,맑음,0,1
2015,서울특별시 동작구2,서울특별시 동작구 상도동(중앙대입구교차로 부근),2015-09-19,14시경,부상신고사고,남,22세,자전거,상해없음,남,26세,자전거,상해없음,차대차 - 기타,안전운전불이행,맑음,0,1
2015,서울특별시 동작구2,서울특별시 동작구 상도동(중앙대입구교차로 부근),2015-08-21,19시경,부상신고사고,남,37세,자전거,상해없음,남,57세,자전거,부상신고,차대차 - 기타,안전운전불이행,맑음,0,1
2015,서울특별시 동작구2,서울특별시 동작구 상도동(중앙대입구교차로 부근),2015-09-30,15시경,중상사고,남,44세,자전거,상해없음,여,22세,자전거,중상,차대차 - 정면충돌,안전운전불이행,맑음,0,1
2015,서울특별시 동작구2,서울특별시 동작구 상도동(중앙대입구교차로 부근),2015-07-14,20시경,경상사고,남,45세,자전거,경상,여,23세,자전거,상해없음,차대차 - 추돌 - 진행중,안전운전불이행,맑음,0,1
2015,서울특별시 동작구2,서울특별시 동작구 상도동(중앙대입구교차로 부근),2015-08-29,19시경,경상사고,남,53세,자전거,경상,여,21세,자전거,상해없음,차대차 - 기타,안전운전불이행,맑음,0,1
2015,서울특별시 동작구2,서울특별시 동작구 상도동(중앙대입구교차로 부근),2015-05-02,18시경,중상사고,여,22세,자전거,중상,남,29세,자전거,중상,차대차 - 측면직각충돌,안전운전불이행,맑음,0,2
2015,서울특별시 동작구1,서울특별시 동작구 본동(한강대교남단사거리 부근),2015-08-03,12시경,경상사고,남,42세,승용차,상해없음,남,24세,자전거,경상,차대차 - 측면직각충돌,안전운전불이행,맑음,0,1
2015,서울특별시 동작구1,서울특별시 동작구 본동(한강대교남단사거리 부근),2015-06-21,12시경,중상사고,남,55세,승용차,상해없음,남,29세,자전거,중상,차대차 - 측면직각충돌,안전운전불이행,맑음,0,1
2015,서울특별시 동작구1,서울특별시 동작구 본동(한강대교남단사거리 부근),2015-08-04,08시경,중상사고,여,64세,승용차,상해없음,여,59세,자전거,중상,차대차 - 정면충돌,안전운전불이행,맑음,0,1
2015,서울특별시 동작구1,서울특별시 동작구 본동(한강대교남단사거리 부근),2015-12-25,15시경,중상사고,남,16세,자전거,상해없음,여,52세,자전거,중상,차대차 - 측면직각충돌,안전운전불이행,맑음,0,1
2015,서울특별시 동작구1,서울특별시 동작구 본동(한강대교남단사거리 부근),2015-05-26,10시경,부상신고사고,남,22세,자전거,부상신고,여,58세,승합차,상해없음,차대차 - 추돌 - 진행중,안전거리미확보,맑음,0,1
2015,서울특별시 동작구1,서울특별시 동작구 본동(한강대교남단사거리 부근),2015-05-16,18시경,중상사고,남,25세,자전거,상해없음,남,38세,자전거,중상,차대차 - 정면충돌,안전운전불이행,맑음,0,1
2015,서울특별시 동작구1,서울특별시 동작구 본동(한강대교남단사거리 부근),2015-04-30,12시경,부상신고사고,남,37세,자전거,상해없음,여,58세,자전거,부상신고,차대차 - 측면직각충돌,안전운전불이행,맑음,0,1
2015,서울특별시 동작구1,서울특별시 동작구 본동(한강대교남단사거리 부근),2015-09-19,18시경,중상사고,남,43세,자전거,중상,남,49세,자전거,상해없음,차대차 - 정면충돌,안전운전불이행,맑음,0,1
2015,서울특별시 동작구1,서울특별시 동작구 본동(한강대교남단사거리 부근),2015-11-21,11시경,부상신고사고,남,54세,자전거,부상신고,남,47세,승용차,상해없음,차대차 - 추돌 - 진행중,안전운전불이행,맑음,0,1