사고년도,다발시군구,지점명,사고일시,사고시간대,사고등급,가해자성별,가해자연령,가해차종,가해자신체상해정도,피해자성별,피해자연령,피해차종,피해자신체상해정도,사고유형,가해자법규위반,기상상태,사망자수,부상자수
2015,서울특별시 송파구5,서울특별시 송파구 잠실동(삼전사거리 부근),2015-04-15,05시경,중상사고,남,62세,승용차,상해없음,여,65세,자전거,중상,차대차 - 측면직각충돌,신호위반,맑음,0,1
2015,서울특별시 송파구5,서울특별시 송파구 잠실동(삼전사거리 부근),2015-06-04,07시경,부상신고사고,남,63세,승용차,상해없음,남,16세,자전거,부상신고,차대차 - 기타,신호위반,맑음,0,1
2015,서울특별시 송파구5,서울특별시 송파구 잠실동(삼전사거리 부근),2015-04-03,08시경,경상사고,남,69세,승용차,경상,여,21세,자전거,경상,차대차 - 측면직각충돌,안전운전불이행,맑음,0,2
2015,서울특별시 송파구5,서울특별시 송파구 잠실동(삼전사거리 부근),2015-02-26,21시경,부상신고사고,남,24세,자전거,기타불명,남,36세,자전거,부상신고,차대차 - 측면직각충돌,교차로운행방법위반,맑음,0,1
2015,서울특별시 송파구5,서울특별시 송파구 잠실동(삼전사거리 부근),2015-12-09,15시경,부상신고사고,남,50세,자전거,부상신고,여,50세,승용차,상해없음,차대차 - 측면직각충돌,불법유턴,맑음,0,1
2015,서울특별시 송파구5,서울특별시 송파구 잠실동(삼전사거리 부근),2015-10-05,18시경,경상사고,남,75세,자전거,부상신고,여,24세,보행자,경상,차대사람 - 횡단중,보행자보호의무위반,맑음,0,2
2015,서울특별시 송파구5,서울특별시 송파구 잠실동(삼전사거리 부근),2015-06-20,13시경,경상사고,남,58세,화물차,상해없음,남,54세,자전거,경상,차대차 - 추돌 - 주정차중,기타,비,0,1
2015,서울특별시 송파구8,서울특별시 송파구 잠실동(신천동길-일반국도3호선_진입 부근),2015-05-21,14시경,중상사고,남,40세,승용차,상해없음,남,42세,자전거,중상,차대차 - 측면직각충돌,안전운전불이행,맑음,0,1
2015,서울특별시 송파구8,서울특별시 송파구 잠실동(신천동길-일반국도3호선_진입 부근),2015-10-13,06시경,경상사고,남,54세,승용차,상해없음,남,37세,자전거,경상,차대차 - 측면직각충돌,안전운전불이행,맑음,0,1
2015,서울특별시 송파구8,서울특별시 송파구 잠실동(신천동길-일반국도3호선_진입 부근),2015-08-31,07시경,중상사고,남,60세,승용차,상해없음,남,17세,자전거,중상,차대차 - 기타,신호위반,맑음,0,1
2015,서울특별시 송파구8,서울특별시 송파구 잠실동(신천동길-일반국도3호선_진입 부근),2015-05-09,17시경,부상신고사고,남,61세,승용차,상해없음,남,47세,자전거,부상신고,차대차 - 측면직각충돌,안전운전불이행,맑음,0,1
2015,서울특별시 송파구8,서울특별시 송파구 잠실동(신천동길-일반국도3호선_진입 부근),2015-01-26,13시경,중상사고,여,37세,승용차,상해없음,여,22세,자전거,중상,차대차 - 측면직각충돌,신호위반,맑음,0,1
2015,서울특별시 송파구8,서울특별시 송파구 잠실동(신천동길-일반국도3호선_진입 부근),2015-02-23,12시경,경상사고,여,54세,승용차,상해없음,남,25세,자전거,경상,차대차 - 측면직각충돌,안전운전불이행,맑음,0,1
2015,서울특별시 송파구8,서울특별시 송파구 잠실동(신천동길-일반국도3호선_진입 부근),2015-12-31,05시경,부상신고사고,여,65세,자전거,부상신고,남,56세,승용차,상해없음,차대차 - 측면직각충돌,불법유턴,비,0,1
2015,서울특별시 송파구9,서울특별시 송파구 잠실동(잠실소방파출소 부근),2015-05-09,03시경,중상사고,남,25세,승용차,상해없음,남,68세,자전거,중상,차대차 - 측면직각충돌,신호위반,맑음,0,1
2015,서울특별시 송파구9,서울특별시 송파구 잠실동(잠실소방파출소 부근),2015-04-01,14시경,부상신고사고,남,51세,승용차,상해없음,여,10세,자전거,부상신고,차대차 - 측면직각충돌,안전운전불이행,맑음,0,1
2015,서울특별시 송파구9,서울특별시 송파구 잠실동(잠실소방파출소 부근),2015-07-15,11시경,중상사고,남,59세,승용차,상해없음,여,61세,자전거,중상,차대차 - 측면직각충돌,안전운전불이행,맑음,0,1
2015,서울특별시 송파구9,서울특별시 송파구 잠실동(잠실소방파출소 부근),2015-10-15,07시경,경상사고,남,62세,승용차,상해없음,남,18세,자전거,경상,차대차 - 측면직각충돌,안전운전불이행,맑음,0,1
2015,서울특별시 송파구9,서울특별시 송파구 잠실동(잠실소방파출소 부근),2015-09-06,00시경,경상사고,기타불명,불명,원동기장치자전거,기타불명,남,17세,자전거,경상,차대차 - 추돌 - 진행중,안전운전불이행,맑음,0,1
2015,서울특별시 송파구9,서울특별시 송파구 잠실동(잠실소방파출소 부근),2015-04-14,12시경,중상사고,남,41세,자전거,상해없음,여,68세,보행자,중상,차대사람 - 기타,보행자보호의무위반,기타,0,1
2015,서울특별시 송파구9,서울특별시 송파구 잠실동(잠실소방파출소 부근),2015-05-30,13시경,부상신고사고,남,70세,자전거,상해없음,여,24세,이륜차,부상신고,차대차 - 측면직각충돌,중앙선침범,흐림,0,1
2015,서울특별시 송파구11,서울특별시 송파구 잠실동(잠실사거리 부근),2015-10-23,13시경,경상사고,남,56세,승용차,상해없음,남,26세,자전거,경상,차대차 - 측면직각충돌,안전운전불이행,맑음,0,1
2015,서울특별시 송파구11,서울특별시 송파구 잠실동(잠실사거리 부근),2015-07-23,15시경,경상사고,여,32세,승용차,상해없음,남,17세,자전거,경상,차대차 - 측면직각충돌,신호위반,비,0,1
2015,서울특별시 송파구11,서울특별시 송파구 잠실동(잠실사거리 부근),2015-01-26,21시경,경상사고,여,40세,승용차,상해없음,남,15세,자전거,경상,차대차 - 추돌 - 진행중,안전운전불이행,맑음,0,1
2015,서울특별시 송파구11,서울특별시 송파구 잠실동(잠실사거리 부근),2015-12-11,20시경,중상사고,남,46세,승합차,상해없음,남,58세,자전거,중상,차대차 - 측면직각충돌,안전운전불이행,맑음,0,1
2015,서울특별시 송파구11,서울특별시 송파구 잠실동(잠실사거리 부근),2015-03-02,12시경,경상사고,남,14세,자전거,경상,여,34세,승용차,상해없음,차대차 - 기타,불법유턴,맑음,0,1
2015,서울특별시 송파구11,서울특별시 송파구 잠실동(잠실사거리 부근),2015-10-17,09시경,중상사고,남,50세,화물차,상해없음,여,46세,자전거,중상,차대차 - 측면직각충돌,안전운전불이행,맑음,0,1
2015,서울특별시 송파구12,서울특별시 송파구 잠실동(잠전초교입구 부근),2015-04-10,17시경,중상사고,남,29세,승용차,상해없음,남,12세,자전거,중상,차대차 - 측면직각충돌,신호위반,맑음,0,1
2015,서울특별시 송파구12,서울특별시 송파구 잠실동(잠전초교입구 부근),2015-06-29,15시경,중상사고,남,45세,승용차,상해없음,남,13세,자전거,중상,차대차 - 측면직각충돌,안전운전불이행,맑음,0,1
2015,서울특별시 송파구12,서울특별시 송파구 잠실동(잠전초교입구 부근),2015-06-15,23시경,부상신고사고,남,46세,승용차,상해없음,여,54세,자전거,부상신고,차대차 - 측면직각충돌,기타,흐림,0,1
2015,서울특별시 송파구12,서울특별시 송파구 잠실동(잠전초교입구 부근),2015-09-03,07시경,경상사고,남,60세,승용차,상해없음,여,17세,자전거,경상,차대차 - 측면직각충돌,신호위반,흐림,0,1
2015,서울특별시 송파구12,서울특별시 송파구 잠실동(잠전초교입구 부근),2015-05-24,12시경,부상신고사고,남,46세,자전거,부상신고,남,47세,승용차,상해없음,차대차 - 측면직각충돌,신호위반,맑음,0,1
2015,서울특별시 송파구12,서울특별시 송파구 잠실동(잠전초교입구 부근),2015-07-04,17시경,부상신고사고,남,6세,자전거,부상신고,남,57세,승용차,상해없음,차대차 - 측면직각충돌,불법유턴,맑음,0,1
2015,서울특별시 송파구14,서울특별시 송파구 잠실동(청담IC4 부근),2015-10-18,16시경,부상신고사고,남,12세,자전거,부상신고,남,41세,자전거,상해없음,차대차 - 측면직각충돌,안전운전불이행,맑음,0,1
2015,서울특별시 송파구14,서울특별시 송파구 잠실동(청담IC4 부근),2015-10-08,23시경,경상사고,남,30세,자전거,경상,남,38세,보행자,상해없음,차대사람 - 차도통행중,안전운전불이행,맑음,0,1
2015,서울특별시 송파구14,서울특별시 송파구 잠실동(청담IC4 부근),2015-06-07,19시경,부상신고사고,남,37세,자전거,부상신고,남,12세,자전거,상해없음,차대차 - 추돌 - 진행중,안전거리미확보,맑음,0,1
2015,서울특별시 송파구14,서울특별시 송파구 잠실동(청담IC4 부근),2015-07-09,18시경,경상사고,남,46세,자전거,경상,남,55세,자전거,부상신고,차대차 - 추돌 - 주정차중,안전운전불이행,맑음,0,2
2015,서울특별시 송파구14,서울특별시 송파구 잠실동(청담IC4 부근),2015-09-06,16시경,중상사고,여,19세,자전거,부상신고,남,36세,자전거,중상,차대차 - 정면충돌,안전운전불이행,맑음,0,2
2015,서울특별시 송파구14,서울특별시 송파구 잠실동(청담IC4 부근),2015-05-22,22시경,부상신고사고,여,29세,자전거,부상신고,여,22세,원동기장치자전거,상해없음,차대차 - 추돌 - 주정차중,안전운전불이행,맑음,0,1
2015,서울특별시 송파구15,서울특별시 송파구 잠실동(잠사길-잠실철교로_진입 부근),2015-07-28,22시경,경상사고,남,17세,원동기장치자전거,상해없음,남,30세,자전거,경상,차대차 - 추돌 - 진행중,안전운전불이행,맑음,0,1
2015,서울특별시 송파구15,서울특별시 송파구 잠실동(잠사길-잠실철교로_진입 부근),2015-05-02,12시경,부상신고사고,남,12세,자전거,부상신고,남,61세,자전거,부상신고,차대차 - 측면직각충돌,안전운전불이행,맑음,0,2
2015,서울특별시 송파구15,서울특별시 송파구 잠실동(잠사길-잠실철교로_진입 부근),2015-06-27,19시경,경상사고,남,24세,자전거,경상,남,45세,자전거,부상신고,차대차 - 기타,안전운전불이행,맑음,0,2
2015,서울특별시 송파구15,서울특별시 송파구 잠실동(잠사길-잠실철교로_진입 부근),2015-08-16,08시경,경상사고,남,37세,자전거,상해없음,여,63세,보행자,경상,차대사람 - 길가장자리구역통행중,안전운전불이행,맑음,0,1
2015,서울특별시 송파구15,서울특별시 송파구 잠실동(잠사길-잠실철교로_진입 부근),2015-04-13,08시경,경상사고,남,38세,자전거,경상,남,52세,보행자,상해없음,차대사람 - 횡단중,안전운전불이행,맑음,0,1
2015,서울특별시 송파구15,서울특별시 송파구 잠실동(잠사길-잠실철교로_진입 부근),2015-07-17,14시경,부상신고사고,여,52세,자전거,부상신고,남,59세,자전거,상해없음,차대차 - 추돌 - 진행중,안전운전불이행,맑음,0,1
2015,서울특별시 송파구17,서울특별시 송파구 잠실동(석촌호수(서호) 부근),2015-12-04,10시경,경상사고,남,54세,승용차,상해없음,여,47세,자전거,경상,차대차 - 측면직각충돌,신호위반,맑음,0,1
2015,서울특별시 송파구17,서울특별시 송파구 잠실동(석촌호수(서호) 부근),2015-02-08,13시경,경상사고,남,22세,이륜차,상해없음,여,61세,자전거,경상,차대차 - 측면직각충돌,신호위반,맑음,0,1
2015,서울특별시 송파구17,서울특별시 송파구 잠실동(석촌호수(서호) 부근),2015-10-12,06시경,경상사고,기타불명,불명,자전거,기타불명,남,17세,자전거,경상,차대차 - 측면직각충돌,안전운전불이행,맑음,0,1
2015,서울특별시 송파구17,서울특별시 송파구 잠실동(석촌호수(서호) 부근),2015-06-16,00시경,부상신고사고,남,25세,자전거,부상신고,남,54세,승용차,상해없음,차대차 - 측면직각충돌,안전운전불이행,맑음,0,1
2015,서울특별시 송파구17,서울특별시 송파구 잠실동(석촌호수(서호) 부근),2015-07-04,05시경,사망사고,남,57세,화물차,상해없음,남,74세,자전거,사망,차대차 - 기타,안전운전불이행,맑음,1,0
2015,서울특별시 송파구20,서울특별시 송파구 잠실동(송파구민회관 부근),2015-10-03,18시경,경상사고,남,32세,승용차,상해없음,남,73세,자전거,경상,차대차 - 기타,직진우회전진행방해,기타,0,1
2015,서울특별시 송파구20,서울특별시 송파구 잠실동(송파구민회관 부근),2015-06-04,22시경,경상사고,남,39세,승용차,상해없음,남,12세,자전거,경상,차대차 - 정면충돌,미분류,흐림,0,1
2015,서울특별시 송파구20,서울특별시 송파구 잠실동(송파구민회관 부근),2015-05-10,13시경,경상사고,남,43세,승용차,상해없음,여,43세,자전거,경상,차대차 - 정면충돌,직진우회전진행방해,맑음,0,2
2015,서울특별시 송파구20,서울특별시 송파구 잠실동(송파구민회관 부근),2015-07-11,20시경,경상사고,남,44세,승용차,상해없음,여,12세,자전거,경상,차대차 - 기타,안전운전불이행,맑음,0,1
2015,서울특별시 송파구20,서울특별시 송파구 잠실동(송파구민회관 부근),2015-03-18,07시경,중상사고,남,70세,승합차,상해없음,남,68세,자전거,중상,차대차 - 기타,안전운전불이행,맑음,0,1
2015,서울특별시 송파구21,서울특별시 송파구 잠실동(트리지움 상가 부근),2015-05-21,22시경,중상사고,남,43세,승용차,상해없음,여,24세,자전거,중상,차대차 - 측면직각충돌,안전운전불이행,맑음,0,1
2015,서울특별시 송파구21,서울특별시 송파구 잠실동(트리지움 상가 부근),2015-05-06,09시경,경상사고,여,38세,승용차,상해없음,남,74세,자전거,경상,차대차 - 추돌 - 주정차중,기타,맑음,0,1
2015,서울특별시 송파구21,서울특별시 송파구 잠실동(트리지움 상가 부근),2015-02-05,07시경,경상사고,남,34세,자전거,경상,여,42세,승용차,상해없음,차대차 - 측면직각충돌,신호위반,맑음,0,1
2015,서울특별시 송파구21,서울특별시 송파구 잠실동(트리지움 상가 부근),2015-07-26,22시경,부상신고사고,남,53세,자전거,부상신고,없음,불명,없음,없음,차량단독 - 전도전복,안전거리미확보,맑음,0,1
2015,서울특별시 송파구21,서울특별시 송파구 잠실동(트리지움 상가 부근),2015-11-16,17시경,부상신고사고,여,9세,자전거,부상신고,여,39세,승용차,상해없음,차대차 - 추돌 - 진행중,안전운전불이행,비,0,1
2015,서울특별시 송파구27,서울특별시 송파구 잠실동(올림픽대로-백제고분로램프(3) 부근),2015-09-06,16시경,부상신고사고,남,22세,자전거,상해없음,남,41세,자전거,부상신고,차대차 - 추돌 - 진행중,안전운전불이행,맑음,0,1
2015,서울특별시 송파구27,서울특별시 송파구 잠실동(올림픽대로-백제고분로램프(3) 부근),2015-05-23,20시경,중상사고,남,24세,자전거,부상신고,남,7세,보행자,중상,차대사람 - 횡단중,안전운전불이행,기타,0,2
2015,서울특별시 송파구27,서울특별시 송파구 잠실동(올림픽대로-백제고분로램프(3) 부근),2015-09-14,07시경,중상사고,남,59세,자전거,부상신고,남,63세,자전거,중상,차대차 - 추돌 - 진행중,안전운전불이행,맑음,0,2
2015,서울특별시 송파구27,서울특별시 송파구 잠실동(올림픽대로-백제고분로램프(3) 부근),2015-06-03,21시경,부상신고사고,여,56세,자전거,상해없음,여,53세,자전거,부상신고,차대차 - 기타,안전운전불이행,맑음,0,1
2015,서울특별시 송파구4,서울특별시 송파구 신천동(잠실역 부근),2015-11-30,08시경,경상사고,남,27세,승용차,상해없음,남,12세,자전거,경상,차대차 - 측면직각충돌,안전운전불이행,맑음,0,1
2015,서울특별시 송파구4,서울특별시 송파구 신천동(잠실역 부근),2015-05-17,17시경,경상사고,남,36세,승용차,상해없음,여,27세,자전거,경상,차대차 - 측면직각충돌,안전운전불이행,맑음,0,1
2015,서울특별시 송파구4,서울특별시 송파구 신천동(잠실역 부근),2015-04-26,21시경,경상사고,남,54세,승용차,상해없음,남,32세,자전거,경상,차대차 - 측면직각충돌,안전거리미확보,맑음,0,1
2015,서울특별시 송파구4,서울특별시 송파구 신천동(잠실역 부근),2015-05-23,19시경,부상신고사고,남,65세,승용차,상해없음,남,52세,자전거,부상신고,차대차 - 측면직각충돌,안전운전불이행,기타,0,3
2015,서울특별시 송파구4,서울특별시 송파구 신천동(잠실역 부근),2015-05-02,09시경,중상사고,여,41세,승용차,상해없음,남,82세,자전거,중상,차대차 - 측면직각충돌,안전운전불이행,맑음,0,1
2015,서울특별시 송파구4,서울특별시 송파구 신천동(잠실역 부근),2015-12-20,09시경,경상사고,여,49세,승용차,상해없음,여,20세,자전거,경상,차대차 - 측면직각충돌,안전운전불이행,맑음,0,1
2015,서울특별시 송파구4,서울특별시 송파구 신천동(잠실역 부근),2015-10-20,19시경,경상사고,남,14세,자전거,경상,남,71세,승용차,상해없음,차대차 - 추돌 - 진행중,안전운전불이행,맑음,0,1
2015,서울특별시 송파구4,서울특별시 송파구 신천동(잠실역 부근),2015-09-21,17시경,부상신고사고,남,35세,자전거,부상신고,남,53세,승용차,상해없음,차대차 - 기타,안전운전불이행,맑음,0,1
2015,서울특별시 송파구4,서울특별시 송파구 신천동(잠실역 부근),2015-08-16,14시경,경상사고,남,63세,자전거,상해없음,여,44세,보행자,경상,차대사람 - 횡단중,보행자보호의무위반,맑음,0,1
2015,서울특별시 송파구4,서울특별시 송파구 신천동(잠실역 부근),2015-05-22,16시경,부상신고사고,남,66세,자전거,부상신고,남,36세,승용차,상해없음,차대차 - 측면직각충돌,안전운전불이행,맑음,0,1
2015,서울특별시 송파구18,서울특별시 송파구 신천동(올림픽공원삼거리 부근),2015-07-10,20시경,중상사고,남,32세,승용차,상해없음,남,67세,자전거,중상,차대차 - 측면직각충돌,안전운전불이행,맑음,0,1
2015,서울특별시 송파구18,서울특별시 송파구 신천동(올림픽공원삼거리 부근),2015-10-30,13시경,중상사고,여,20세,승용차,상해없음,여,55세,자전거,중상,차대차 - 측면직각충돌,신호위반,맑음,0,1
2015,서울특별시 송파구18,서울특별시 송파구 신천동(올림픽공원삼거리 부근),2015-01-23,04시경,경상사고,여,46세,승용차,상해없음,남,33세,자전거,경상,차대차 - 측면직각충돌,신호위반,맑음,0,1
2015,서울특별시 송파구18,서울특별시 송파구 신천동(올림픽공원삼거리 부근),2015-03-14,13시경,중상사고,남,63세,자전거,중상,남,56세,승용차,상해없음,차대차 - 추돌 - 진행중,안전운전불이행,맑음,0,1
2015,서울특별시 송파구18,서울특별시 송파구 신천동(올림픽공원삼거리 부근),2015-06-17,18시경,경상사고,남,53세,화물차,상해없음,남,22세,자전거,경상,차대차 - 측면직각충돌,안전운전불이행,맑음,0,1
2015,서울특별시 송파구3,서울특별시 송파구 풍납동(세제빌딩 부근),2015-08-06,16시경,경상사고,남,60세,승용차,상해없음,남,15세,자전거,경상,차대차 - 측면직각충돌,교차로운행방법위반,맑음,0,1
2015,서울특별시 송파구3,서울특별시 송파구 풍납동(세제빌딩 부근),2015-10-08,16시경,경상사고,남,61세,승용차,상해없음,남,15세,자전거,경상,차대차 - 측면직각충돌,안전운전불이행,맑음,0,1
2015,서울특별시 송파구3,서울특별시 송파구 풍납동(세제빌딩 부근),2015-03-17,23시경,부상신고사고,남,62세,승용차,상해없음,남,20세,자전거,부상신고,차대차 - 기타,안전운전불이행,맑음,0,1
2015,서울특별시 송파구3,서울특별시 송파구 풍납동(세제빌딩 부근),2015-04-03,07시경,경상사고,남,64세,승용차,상해없음,남,17세,자전거,경상,차대차 - 측면직각충돌,안전운전불이행,맑음,0,1
2015,서울특별시 송파구3,서울특별시 송파구 풍납동(세제빌딩 부근),2015-10-14,09시경,경상사고,여,55세,승용차,상해없음,남,25세,자전거,경상,차대차 - 측면직각충돌,안전운전불이행,맑음,0,1
2015,서울특별시 송파구3,서울특별시 송파구 풍납동(세제빌딩 부근),2015-10-24,01시경,부상신고사고,남,23세,자전거,부상신고,남,33세,승용차,상해없음,차대차 - 측면직각충돌,중앙선침범,맑음,0,1
2015,서울특별시 송파구3,서울특별시 송파구 풍납동(세제빌딩 부근),2015-08-03,22시경,경상사고,남,34세,자전거,부상신고,남,57세,자전거,경상,차대차 - 정면충돌,안전운전불이행,맑음,0,2
2015,서울특별시 송파구3,서울특별시 송파구 풍납동(세제빌딩 부근),2015-04-06,06시경,경상사고,남,55세,자전거,경상,남,36세,승합차,상해없음,차대차 - 측면직각충돌,안전운전불이행,맑음,0,1
2015,서울특별시 송파구3,서울특별시 송파구 풍납동(세제빌딩 부근),2015-08-21,23시경,중상사고,여,27세,자전거,중상,없음,불명,없음,없음,차량단독 - 전도전복,안전운전불이행,맑음,0,1
2015,서울특별시 송파구3,서울특별시 송파구 풍납동(세제빌딩 부근),2015-05-29,12시경,경상사고,여,72세,자전거,상해없음,여,52세,보행자,경상,차대사람 - 보도통행중,안전운전불이행,맑음,0,1
2015,서울특별시 송파구30,서울특별시 송파구 풍납동(풍납제1경노당 부근),2015-07-29,07시경,경상사고,남,56세,승용차,상해없음,남,18세,자전거,경상,차대차 - 측면직각충돌,교차로운행방법위반,맑음,0,1
2015,서울특별시 송파구30,서울특별시 송파구 풍납동(풍납제1경노당 부근),2015-11-02,18시경,경상사고,남,73세,승용차,상해없음,남,33세,자전거,경상,차대차 - 측면직각충돌,안전운전불이행,맑음,0,4
2015,서울특별시 송파구30,서울특별시 송파구 풍납동(풍납제1경노당 부근),2015-08-29,18시경,경상사고,여,47세,승용차,상해없음,남,62세,자전거,경상,차대차 - 기타,안전운전불이행,맑음,0,1
2015,서울특별시 송파구30,서울특별시 송파구 풍납동(풍납제1경노당 부근),2015-11-04,06시경,부상신고사고,여,44세,승합차,상해없음,남,46세,자전거,부상신고,차대차 - 측면직각충돌,안전운전불이행,맑음,0,1
2015,서울특별시 송파구16,서울특별시 송파구 송파동(송파여성문화회관 부근),2015-02-14,18시경,경상사고,기타불명,불명,불명,기타불명,남,11세,자전거,경상,차대차 - 기타,안전운전불이행,흐림,0,1
2015,서울특별시 송파구16,서울특별시 송파구 송파동(송파여성문화회관 부근),2015-11-17,06시경,경상사고,남,40세,승용차,상해없음,남,62세,자전거,경상,차대차 - 기타,안전운전불이행,맑음,0,1
2015,서울특별시 송파구16,서울특별시 송파구 송파동(송파여성문화회관 부근),2015-07-05,17시경,경상사고,남,53세,승용차,상해없음,여,20세,자전거,경상,차대차 - 기타,안전운전불이행,맑음,0,1
2015,서울특별시 송파구16,서울특별시 송파구 송파동(송파여성문화회관 부근),2015-05-23,17시경,경상사고,남,12세,자전거,경상,남,77세,승용차,상해없음,차대차 - 측면직각충돌,안전운전불이행,맑음,0,1
2015,서울특별시 송파구16,서울특별시 송파구 송파동(송파여성문화회관 부근),2015-07-16,08시경,부상신고사고,남,30세,자전거,부상신고,여,30세,승용차,상해없음,차대차 - 측면직각충돌,신호위반,맑음,0,1
2015,서울특별시 송파구16,서울특별시 송파구 송파동(송파여성문화회관 부근),2015-10-29,15시경,부상신고사고,여,48세,자전거,부상신고,남,30세,승용차,상해없음,차대차 - 측면직각충돌,안전운전불이행,맑음,0,1
2015,서울특별시 송파구7,서울특별시 송파구 석촌동(석촌지하차도(서측) 부근),2015-10-26,22시경,중상사고,남,34세,승용차,상해없음,여,53세,자전거,중상,차대차 - 측면직각충돌,안전운전불이행,맑음,0,1
2015,서울특별시 송파구7,서울특별시 송파구 석촌동(석촌지하차도(서측) 부근),2015-04-06,21시경,중상사고,남,46세,승용차,상해없음,여,59세,자전거,중상,차대차 - 기타,안전운전불이행,맑음,0,1
2015,서울특별시 송파구7,서울특별시 송파구 석촌동(석촌지하차도(서측) 부근),2015-10-20,18시경,중상사고,여,41세,승용차,상해없음,남,25세,자전거,중상,차대차 - 측면직각충돌,신호위반,맑음,0,1
2015,서울특별시 송파구7,서울특별시 송파구 석촌동(석촌지하차도(서측) 부근),2015-05-04,20시경,중상사고,기타불명,불명,이륜차,기타불명,남,61세,자전거,중상,차대차 - 측면직각충돌,안전운전불이행,맑음,0,1
2015,서울특별시 송파구7,서울특별시 송파구 석촌동(석촌지하차도(서측) 부근),2015-07-23,09시경,중상사고,남,30세,자전거,기타불명,남,38세,보행자,중상,차대사람 - 횡단중,안전운전불이행,맑음,0,1
2015,서울특별시 송파구7,서울특별시 송파구 석촌동(석촌지하차도(서측) 부근),2015-08-17,00시경,부상신고사고,남,40세,자전거,부상신고,없음,불명,없음,없음,차량단독 - 기타,안전운전불이행,흐림,0,1
2015,서울특별시 송파구7,서울특별시 송파구 석촌동(석촌지하차도(서측) 부근),2015-05-15,15시경,중상사고,남,43세,화물차,상해없음,여,69세,자전거,중상,차대차 - 기타,기타,맑음,0,1
2015,서울특별시 송파구6,서울특별시 송파구 가락동(신가초교앞 부근),2015-07-01,17시경,중상사고,남,31세,승용차,상해없음,남,22세,자전거,중상,차대차 - 측면직각충돌,신호위반,맑음,0,1
2015,서울특별시 송파구6,서울특별시 송파구 가락동(신가초교앞 부근),2015-10-11,11시경,중상사고,남,43세,승용차,상해없음,여,52세,자전거,중상,차대차 - 추돌 - 진행중,안전운전불이행,비,0,1
2015,서울특별시 송파구6,서울특별시 송파구 가락동(신가초교앞 부근),2015-10-28,01시경,경상사고,남,49세,승용차,상해없음,남,27세,자전거,경상,차대차 - 측면직각충돌,기타,맑음,0,1
2015,서울특별시 송파구6,서울특별시 송파구 가락동(신가초교앞 부근),2015-10-25,22시경,중상사고,남,57세,승용차,상해없음,남,47세,자전거,중상,차대차 - 추돌 - 주정차중,신호위반,맑음,0,1
2015,서울특별시 송파구6,서울특별시 송파구 가락동(신가초교앞 부근),2015-11-05,15시경,경상사고,여,38세,승용차,상해없음,남,50세,자전거,경상,차대차 - 측면직각충돌,안전운전불이행,흐림,0,1
2015,서울특별시 송파구6,서울특별시 송파구 가락동(신가초교앞 부근),2015-09-16,18시경,중상사고,남,45세,자전거,중상,여,63세,승용차,상해없음,차대차 - 측면직각충돌,불법유턴,맑음,0,1
2015,서울특별시 송파구6,서울특별시 송파구 가락동(신가초교앞 부근),2015-03-05,01시경,중상사고,남,64세,자전거,중상,남,30세,승용차,상해없음,차대차 - 기타,안전운전불이행,맑음,0,1
2015,서울특별시 송파구6,서울특별시 송파구 가락동(신가초교앞 부근),2015-12-16,10시경,경상사고,남,73세,자전거,경상,남,70세,승용차,상해없음,차대차 - 측면직각충돌,안전운전불이행,맑음,0,1
2015,서울특별시 송파구19,서울특별시 송파구 가락동(가락시장 부근),2015-03-25,17시경,중상사고,남,29세,승용차,상해없음,여,55세,자전거,중상,차대차 - 측면직각충돌,안전운전불이행,흐림,0,1
2015,서울특별시 송파구19,서울특별시 송파구 가락동(가락시장 부근),2015-09-24,17시경,경상사고,남,69세,승용차,상해없음,남,31세,자전거,경상,차대차 - 측면직각충돌,안전운전불이행,맑음,0,1
2015,서울특별시 송파구19,서울특별시 송파구 가락동(가락시장 부근),2015-11-13,07시경,경상사고,남,51세,자전거,부상신고,남,60세,승용차,상해없음,차대차 - 추돌 - 주정차중,안전운전불이행,맑음,0,2
2015,서울특별시 송파구19,서울특별시 송파구 가락동(가락시장 부근),2015-12-08,22시경,부상신고사고,여,64세,자전거,부상신고,기타불명,불명,승용차,기타불명,차대차 - 측면직각충돌,안전운전불이행,맑음,0,1
2015,서울특별시 송파구19,서울특별시 송파구 가락동(가락시장 부근),2015-11-18,09시경,중상사고,남,46세,화물차,상해없음,남,57세,자전거,중상,차대차 - 측면직각충돌,안전운전불이행,비,0,1
2015,서울특별시 송파구26,서울특별시 송파구 가락동(가락지하차도(서측) 부근),2015-01-25,19시경,중상사고,남,52세,승용차,상해없음,남,48세,자전거,중상,차대차 - 기타,신호위반,비,0,1
2015,서울특별시 송파구26,서울특별시 송파구 가락동(가락지하차도(서측) 부근),2015-10-15,09시경,중상사고,남,52세,자전거,중상,여,42세,승용차,상해없음,차대차 - 추돌 - 진행중,차로위반,맑음,0,1
2015,서울특별시 송파구26,서울특별시 송파구 가락동(가락지하차도(서측) 부근),2015-04-29,07시경,중상사고,남,53세,화물차,상해없음,여,62세,자전거,중상,차대차 - 추돌 - 진행중,신호위반,비,0,1
2015,서울특별시 송파구26,서울특별시 송파구 가락동(가락지하차도(서측) 부근),2015-10-19,04시경,경상사고,남,54세,화물차,상해없음,남,65세,자전거,경상,차대차 - 측면직각충돌,안전운전불이행,맑음,0,1
2015,서울특별시 송파구22,서울특별시 송파구 문정동(미성빌딩 부근),2015-03-09,19시경,중상사고,남,33세,승용차,상해없음,남,25세,자전거,중상,차대차 - 측면직각충돌,직진우회전진행방해,맑음,0,1