사고년도,다발시군구,지점명,사고일시,사고시간대,사고등급,가해자성별,가해자연령,가해차종,가해자신체상해정도,피해자성별,피해자연령,피해차종,피해자신체상해정도,사고유형,가해자법규위반,기상상태,사망자수,부상자수
2015,서울특별시 강동구7,서울특별시 강동구 천호동(올림픽대로-구천면길램프(4) 부근),2015-06-15,22시경,경상사고,남,26세,자전거,기타불명,남,25세,보행자,경상,차대사람 - 기타,안전운전불이행,맑음,0,1
2015,서울특별시 강동구7,서울특별시 강동구 천호동(올림픽대로-구천면길램프(4) 부근),2015-06-21,20시경,경상사고,남,33세,자전거,상해없음,여,75세,보행자,경상,차대사람 - 기타,안전운전불이행,맑음,0,1
2015,서울특별시 강동구7,서울특별시 강동구 천호동(올림픽대로-구천면길램프(4) 부근),2015-09-02,07시경,중상사고,남,48세,자전거,상해없음,남,38세,자전거,중상,차대차 - 기타,교차로운행방법위반,맑음,0,1
2015,서울특별시 강동구7,서울특별시 강동구 천호동(올림픽대로-구천면길램프(4) 부근),2015-07-26,15시경,경상사고,남,56세,자전거,경상,남,26세,자전거,상해없음,차대차 - 기타,안전운전불이행,맑음,0,1
2015,서울특별시 강동구7,서울특별시 강동구 천호동(올림픽대로-구천면길램프(4) 부근),2015-08-29,15시경,경상사고,여,26세,자전거,상해없음,남,78세,자전거,경상,차대차 - 기타,안전운전불이행,맑음,0,1
2015,서울특별시 강동구14,서울특별시 강동구 강일동(강일3.6단지_강일동길_진출_3 부근),2015-03-24,07시경,부상신고사고,기타불명,불명,불명,기타불명,남,16세,자전거,부상신고,차대차 - 기타,안전운전불이행,맑음,0,1
2015,서울특별시 강동구14,서울특별시 강동구 강일동(강일3.6단지_강일동길_진출_3 부근),2015-04-28,16시경,경상사고,남,53세,승합차,기타불명,남,21세,자전거,경상,차대차 - 기타,안전운전불이행,맑음,0,1
2015,서울특별시 강동구14,서울특별시 강동구 강일동(강일3.6단지_강일동길_진출_3 부근),2015-01-13,06시경,경상사고,남,73세,자전거,경상,남,51세,이륜차,상해없음,차대차 - 기타,안전운전불이행,맑음,0,1
2015,서울특별시 강동구14,서울특별시 강동구 강일동(강일3.6단지_강일동길_진출_3 부근),2015-05-07,11시경,부상신고사고,남,79세,자전거,상해없음,남,19세,자전거,부상신고,차대차 - 정면충돌,안전운전불이행,맑음,0,1
2015,부산광역시 부산진구1,부산광역시 부산진구 전포동(서면교차로 부근),2015-05-06,08시경,중상사고,남,51세,건설기계,상해없음,남,57세,자전거,중상,차대차 - 기타,안전운전불이행,맑음,0,1
2015,부산광역시 부산진구1,부산광역시 부산진구 전포동(서면교차로 부근),2015-06-10,13시경,중상사고,남,28세,승용차,상해없음,여,54세,자전거,중상,차대차 - 기타,안전운전불이행,맑음,0,1
2015,부산광역시 부산진구1,부산광역시 부산진구 전포동(서면교차로 부근),2015-03-14,12시경,중상사고,남,45세,승용차,상해없음,남,77세,자전거,중상,차대차 - 기타,안전운전불이행,맑음,0,1
2015,부산광역시 부산진구1,부산광역시 부산진구 전포동(서면교차로 부근),2015-10-12,17시경,경상사고,남,60세,승용차,상해없음,남,57세,자전거,경상,차대차 - 기타,안전거리미확보,맑음,0,1
2015,부산광역시 부산진구1,부산광역시 부산진구 전포동(서면교차로 부근),2015-08-08,23시경,경상사고,여,28세,승용차,상해없음,남,29세,자전거,경상,차대차 - 측면직각충돌,기타,맑음,0,1
2015,부산광역시 부산진구1,부산광역시 부산진구 전포동(서면교차로 부근),2015-11-04,18시경,부상신고사고,남,16세,자전거,부상신고,남,17세,이륜차,상해없음,차대차 - 측면직각충돌,신호위반,맑음,0,1
2015,부산광역시 동래구2,부산광역시 동래구 수안동(세병교(동측) 부근),2015-10-06,12시경,경상사고,기타불명,불명,승용차,기타불명,남,15세,자전거,경상,차대차 - 측면직각충돌,안전운전불이행,맑음,0,1
2015,부산광역시 동래구2,부산광역시 동래구 수안동(세병교(동측) 부근),2015-01-06,08시경,중상사고,여,67세,승용차,상해없음,여,66세,자전거,중상,차대차 - 측면직각충돌,안전운전불이행,맑음,0,1
2015,부산광역시 동래구2,부산광역시 동래구 수안동(세병교(동측) 부근),2015-09-21,15시경,중상사고,남,11세,자전거,중상,남,41세,승용차,상해없음,차대차 - 측면직각충돌,중앙선침범,맑음,0,1
2015,부산광역시 동래구2,부산광역시 동래구 수안동(세병교(동측) 부근),2015-02-23,19시경,부상신고사고,남,75세,자전거,부상신고,남,48세,승용차,상해없음,차대차 - 측면직각충돌,안전운전불이행,맑음,0,1
2015,부산광역시 동래구2,부산광역시 동래구 수안동(세병교(동측) 부근),2015-04-27,20시경,중상사고,여,55세,자전거,중상,남,27세,승용차,상해없음,차대차 - 측면직각충돌,불법유턴,맑음,0,1
2015,부산광역시 동래구2,부산광역시 동래구 수안동(세병교(동측) 부근),2015-07-27,16시경,중상사고,남,50세,화물차,상해없음,남,64세,자전거,중상,차대차 - 추돌 - 진행중,안전운전불이행,맑음,0,1
2015,부산광역시 동래구1,부산광역시 동래구 사직동(내성교차로 부근),2015-10-22,02시경,중상사고,남,29세,승용차,상해없음,여,58세,자전거,중상,차대차 - 측면직각충돌,안전운전불이행,맑음,0,1
2015,부산광역시 동래구1,부산광역시 동래구 사직동(내성교차로 부근),2015-05-12,21시경,경상사고,남,50세,승용차,상해없음,여,22세,자전거,경상,차대차 - 측면직각충돌,안전운전불이행,맑음,0,1
2015,부산광역시 동래구1,부산광역시 동래구 사직동(내성교차로 부근),2015-03-27,15시경,경상사고,남,64세,승용차,상해없음,남,33세,자전거,경상,차대차 - 측면직각충돌,안전운전불이행,맑음,0,1
2015,부산광역시 동래구1,부산광역시 동래구 사직동(내성교차로 부근),2015-08-17,10시경,중상사고,남,64세,승용차,상해없음,여,14세,자전거,중상,차대차 - 측면직각충돌,신호위반,맑음,0,1
2015,부산광역시 동래구1,부산광역시 동래구 사직동(내성교차로 부근),2015-06-19,10시경,경상사고,기타불명,불명,자전거,기타불명,남,58세,승용차,상해없음,차대차 - 측면직각충돌,불법유턴,맑음,0,1
2015,부산광역시 동래구1,부산광역시 동래구 사직동(내성교차로 부근),2015-07-18,16시경,경상사고,남,15세,자전거,상해없음,여,62세,보행자,경상,차대사람 - 기타,안전운전불이행,맑음,0,1
2015,부산광역시 동래구1,부산광역시 동래구 사직동(내성교차로 부근),2015-09-11,07시경,중상사고,남,16세,자전거,상해없음,남,78세,보행자,중상,차대사람 - 보도통행중,기타,맑음,0,1
2015,부산광역시 동래구1,부산광역시 동래구 사직동(내성교차로 부근),2015-09-19,10시경,경상사고,남,24세,자전거,경상,여,52세,승용차,상해없음,차대차 - 측면직각충돌,교차로운행방법위반,맑음,0,1
2015,부산광역시 동래구1,부산광역시 동래구 사직동(내성교차로 부근),2015-08-02,14시경,중상사고,남,33세,자전거,중상,남,54세,승용차,상해없음,차대차 - 측면직각충돌,안전운전불이행,맑음,0,1
2015,부산광역시 동래구1,부산광역시 동래구 사직동(내성교차로 부근),2015-09-14,20시경,경상사고,남,53세,자전거,상해없음,남,20세,자전거,경상,차대차 - 정면충돌,안전운전불이행,맑음,0,1
2015,부산광역시 동래구1,부산광역시 동래구 사직동(내성교차로 부근),2015-03-08,12시경,중상사고,남,8세,자전거,중상,남,9세,자전거,중상,차대차 - 정면충돌,안전운전불이행,맑음,0,2
2015,부산광역시 동래구1,부산광역시 동래구 사직동(내성교차로 부근),2015-05-13,07시경,중상사고,여,38세,자전거,중상,남,44세,승용차,상해없음,차대차 - 측면직각충돌,교차로운행방법위반,맑음,0,1
2015,부산광역시 남구1,부산광역시 남구 대연동(LG25 부근),2015-10-17,22시경,중상사고,남,22세,승용차,상해없음,남,18세,자전거,중상,차대차 - 측면직각충돌,신호위반,맑음,0,1
2015,부산광역시 남구1,부산광역시 남구 대연동(LG25 부근),2015-03-25,09시경,경상사고,남,26세,승용차,상해없음,남,20세,자전거,경상,차대차 - 측면직각충돌,안전운전불이행,맑음,0,1
2015,부산광역시 남구1,부산광역시 남구 대연동(LG25 부근),2015-12-03,16시경,중상사고,남,59세,승용차,상해없음,남,22세,자전거,중상,차대차 - 측면직각충돌,신호위반,맑음,0,1
2015,부산광역시 남구1,부산광역시 남구 대연동(LG25 부근),2015-10-31,08시경,경상사고,남,75세,자전거,경상,남,27세,승용차,상해없음,차대차 - 측면직각충돌,불법유턴,맑음,0,1
2015,부산광역시 남구1,부산광역시 남구 대연동(LG25 부근),2015-05-17,10시경,부상신고사고,여,23세,자전거,부상신고,남,34세,승용차,상해없음,차대차 - 측면직각충돌,중앙선침범,맑음,0,1
2015,부산광역시 해운대구1,부산광역시 해운대구 우동(올림픽동산앞 부근),2015-08-13,21시경,중상사고,남,31세,승용차,상해없음,남,14세,자전거,중상,차대차 - 기타,교차로운행방법위반,맑음,0,1
2015,부산광역시 해운대구1,부산광역시 해운대구 우동(올림픽동산앞 부근),2015-03-06,21시경,중상사고,남,53세,승용차,상해없음,여,45세,자전거,중상,차대차 - 기타,안전운전불이행,맑음,0,1
2015,부산광역시 해운대구1,부산광역시 해운대구 우동(올림픽동산앞 부근),2015-11-16,05시경,사망사고,남,54세,승용차,상해없음,남,72세,자전거,사망,차대차 - 추돌 - 진행중,안전운전불이행,맑음,1,0
2015,부산광역시 해운대구1,부산광역시 해운대구 우동(올림픽동산앞 부근),2015-05-17,20시경,부상신고사고,남,14세,자전거,부상신고,남,42세,이륜차,상해없음,차대차 - 측면직각충돌,안전운전불이행,맑음,0,1
2015,부산광역시 사하구1,부산광역시 사하구 하단동(대림상사 부근),2015-06-09,22시경,경상사고,기타불명,불명,승용차,기타불명,남,26세,자전거,경상,차대차 - 기타,안전운전불이행,맑음,0,1
2015,부산광역시 사하구1,부산광역시 사하구 하단동(대림상사 부근),2015-06-17,08시경,중상사고,남,64세,승용차,상해없음,남,78세,자전거,중상,차대차 - 기타,안전운전불이행,맑음,0,1
2015,부산광역시 사하구1,부산광역시 사하구 하단동(대림상사 부근),2015-12-06,11시경,경상사고,남,60세,자전거,경상,남,52세,승용차,상해없음,차대차 - 기타,불법유턴,맑음,0,1
2015,부산광역시 사하구1,부산광역시 사하구 하단동(대림상사 부근),2015-11-24,15시경,부상신고사고,남,66세,자전거,부상신고,남,51세,승용차,상해없음,차대차 - 기타,신호위반,맑음,0,1
2015,부산광역시 사하구1,부산광역시 사하구 하단동(대림상사 부근),2015-07-17,07시경,중상사고,남,74세,자전거,중상,남,50세,건설기계,상해없음,차대차 - 기타,안전운전불이행,맑음,0,1
2015,부산광역시 사하구1,부산광역시 사하구 하단동(대림상사 부근),2015-07-04,15시경,부상신고사고,여,54세,자전거,부상신고,여,34세,승용차,상해없음,차대차 - 기타,안전운전불이행,맑음,0,1
2015,부산광역시 사하구1,부산광역시 사하구 하단동(대림상사 부근),2015-08-14,08시경,중상사고,남,33세,화물차,상해없음,남,24세,자전거,중상,차대차 - 기타,교차로운행방법위반,맑음,0,1
2015,부산광역시 사하구2,부산광역시 사하구 하단동(프로미 월드 부근),2015-07-21,20시경,경상사고,기타불명,불명,불명,기타불명,남,54세,자전거,경상,차대차 - 기타,직진우회전진행방해,흐림,0,1
2015,부산광역시 사하구2,부산광역시 사하구 하단동(프로미 월드 부근),2015-09-09,00시경,중상사고,남,54세,승용차,상해없음,남,25세,자전거,중상,차대차 - 기타,신호위반,맑음,0,1
2015,부산광역시 사하구2,부산광역시 사하구 하단동(프로미 월드 부근),2015-07-27,14시경,경상사고,여,31세,승용차,상해없음,남,23세,자전거,경상,차대차 - 기타,교차로운행방법위반,맑음,0,1
2015,부산광역시 사하구2,부산광역시 사하구 하단동(프로미 월드 부근),2015-07-28,16시경,경상사고,남,14세,자전거,상해없음,남,58세,보행자,경상,차대사람 - 기타,안전운전불이행,맑음,0,1
2015,부산광역시 사하구2,부산광역시 사하구 하단동(프로미 월드 부근),2015-07-24,22시경,경상사고,기타불명,불명,화물차,기타불명,남,17세,자전거,경상,차대차 - 추돌 - 주정차중,안전운전불이행,맑음,0,1
2015,부산광역시 사하구2,부산광역시 사하구 하단동(프로미 월드 부근),2015-03-11,17시경,부상신고사고,남,27세,화물차,상해없음,남,53세,자전거,부상신고,차대차 - 기타,교차로운행방법위반,맑음,0,1
2015,부산광역시 금정구1,부산광역시 금정구 장전동(양산쌀상회 부근),2015-07-07,00시경,부상신고사고,남,52세,승용차,상해없음,남,32세,자전거,부상신고,차대차 - 측면직각충돌,신호위반,맑음,0,1
2015,부산광역시 금정구1,부산광역시 금정구 장전동(양산쌀상회 부근),2015-07-02,09시경,경상사고,남,68세,승용차,상해없음,남,63세,자전거,경상,차대차 - 기타,안전운전불이행,맑음,0,1
2015,부산광역시 금정구1,부산광역시 금정구 장전동(양산쌀상회 부근),2015-08-18,22시경,중상사고,기타불명,불명,원동기장치자전거,기타불명,남,31세,자전거,중상,차대차 - 기타,안전운전불이행,맑음,0,1
2015,부산광역시 금정구1,부산광역시 금정구 장전동(양산쌀상회 부근),2015-06-12,11시경,중상사고,남,65세,자전거,부상신고,남,24세,자전거,중상,차대차 - 정면충돌,안전운전불이행,맑음,0,2
2015,부산광역시 금정구1,부산광역시 금정구 장전동(양산쌀상회 부근),2015-05-01,16시경,중상사고,여,46세,자전거,상해없음,남,68세,자전거,중상,차대차 - 측면직각충돌,안전운전불이행,맑음,0,1
2015,부산광역시 금정구1,부산광역시 금정구 장전동(양산쌀상회 부근),2015-04-06,09시경,부상신고사고,기타불명,불명,화물차,기타불명,남,68세,자전거,부상신고,차대차 - 기타,안전운전불이행,맑음,0,1
2015,부산광역시 수영구4,부산광역시 수영구 민락동(노블스카이 부근),2015-05-28,23시경,경상사고,남,22세,승용차,상해없음,남,21세,자전거,경상,차대차 - 추돌 - 진행중,안전운전불이행,맑음,0,1
2015,부산광역시 수영구4,부산광역시 수영구 민락동(노블스카이 부근),2015-07-02,23시경,경상사고,남,24세,자전거,경상,남,25세,자전거,경상,차대차 - 기타,안전운전불이행,맑음,0,2
2015,부산광역시 수영구4,부산광역시 수영구 민락동(노블스카이 부근),2015-11-22,11시경,부상신고사고,남,27세,자전거,부상신고,남,45세,승용차,상해없음,차대차 - 정면충돌,안전운전불이행,맑음,0,1
2015,부산광역시 수영구4,부산광역시 수영구 민락동(노블스카이 부근),2015-07-19,13시경,경상사고,남,45세,자전거,상해없음,남,3세,보행자,경상,차대사람 - 기타,기타,맑음,0,1
2015,부산광역시 수영구2,부산광역시 수영구 광안동(원조대구막창 부근),2015-08-03,21시경,경상사고,기타불명,불명,승용차,기타불명,남,24세,자전거,경상,차대차 - 기타,안전운전불이행,맑음,0,1
2015,부산광역시 수영구2,부산광역시 수영구 광안동(원조대구막창 부근),2015-03-13,15시경,중상사고,여,51세,승용차,상해없음,남,60세,자전거,중상,차대차 - 측면직각충돌,안전운전불이행,맑음,0,1
2015,부산광역시 수영구2,부산광역시 수영구 광안동(원조대구막창 부근),2015-01-31,13시경,부상신고사고,남,63세,자전거,부상신고,남,56세,승용차,상해없음,차대차 - 기타,안전운전불이행,맑음,0,1
2015,부산광역시 수영구2,부산광역시 수영구 광안동(원조대구막창 부근),2015-06-20,17시경,경상사고,남,77세,자전거,경상,여,58세,승용차,상해없음,차대차 - 측면직각충돌,안전운전불이행,맑음,0,1
2015,부산광역시 수영구2,부산광역시 수영구 광안동(원조대구막창 부근),2015-06-06,13시경,경상사고,남,47세,화물차,상해없음,남,23세,자전거,경상,차대차 - 추돌 - 진행중,신호위반,맑음,0,1
2015,부산광역시 수영구3,부산광역시 수영구 광안동(브라암스 부근),2015-06-24,21시경,경상사고,남,29세,승용차,상해없음,남,25세,자전거,경상,차대차 - 기타,신호위반,맑음,0,1
2015,부산광역시 수영구3,부산광역시 수영구 광안동(브라암스 부근),2015-09-14,18시경,중상사고,남,15세,자전거,상해없음,여,64세,보행자,중상,차대사람 - 보도통행중,안전운전불이행,기타,0,1
2015,부산광역시 수영구3,부산광역시 수영구 광안동(브라암스 부근),2015-03-01,15시경,경상사고,남,15세,자전거,상해없음,여,66세,보행자,경상,차대사람 - 기타,중앙선침범,맑음,0,1
2015,부산광역시 수영구3,부산광역시 수영구 광안동(브라암스 부근),2015-06-24,12시경,사망사고,남,77세,자전거,사망,여,28세,승용차,상해없음,차대차 - 측면직각충돌,불법유턴,맑음,1,0
2015,부산광역시 수영구1,부산광역시 수영구 남천동(씨제이푸드빌(주)빕스남천점 부근),2015-12-19,07시경,중상사고,남,31세,승용차,상해없음,남,79세,자전거,중상,차대차 - 기타,안전운전불이행,맑음,0,1
2015,부산광역시 수영구1,부산광역시 수영구 남천동(씨제이푸드빌(주)빕스남천점 부근),2015-04-12,15시경,경상사고,남,33세,승용차,상해없음,남,15세,자전거,경상,차대차 - 측면직각충돌,안전운전불이행,맑음,0,1
2015,부산광역시 수영구1,부산광역시 수영구 남천동(씨제이푸드빌(주)빕스남천점 부근),2015-08-17,16시경,중상사고,여,35세,승용차,상해없음,남,13세,자전거,중상,차대차 - 기타,안전운전불이행,맑음,0,1
2015,부산광역시 수영구1,부산광역시 수영구 남천동(씨제이푸드빌(주)빕스남천점 부근),2015-10-06,18시경,경상사고,여,51세,승용차,상해없음,남,8세,자전거,경상,차대차 - 측면직각충돌,안전운전불이행,맑음,0,1
2015,부산광역시 수영구1,부산광역시 수영구 남천동(씨제이푸드빌(주)빕스남천점 부근),2015-03-23,07시경,경상사고,여,52세,승용차,상해없음,여,53세,자전거,경상,차대차 - 추돌 - 진행중,안전운전불이행,맑음,0,1
2015,대구광역시 중구10,대구광역시 중구 동인동4가(동신교서편 부근),2015-05-07,13시경,중상사고,남,44세,승용차,상해없음,여,80세,자전거,중상,차대차 - 측면직각충돌,안전운전불이행,맑음,0,1
2015,대구광역시 중구10,대구광역시 중구 동인동4가(동신교서편 부근),2015-05-01,18시경,중상사고,남,17세,자전거,상해없음,여,61세,자전거,중상,차대차 - 추돌 - 진행중,안전운전불이행,맑음,0,1
2015,대구광역시 중구10,대구광역시 중구 동인동4가(동신교서편 부근),2015-07-25,08시경,부상신고사고,남,58세,자전거,부상신고,여,68세,승용차,상해없음,차대차 - 측면직각충돌,안전운전불이행,맑음,0,1
2015,대구광역시 중구10,대구광역시 중구 동인동4가(동신교서편 부근),2015-04-25,16시경,사망사고,남,79세,자전거,사망,남,21세,자전거,부상신고,차대차 - 기타,안전운전불이행,맑음,1,1
2015,대구광역시 중구10,대구광역시 중구 동인동4가(동신교서편 부근),2015-10-10,19시경,부상신고사고,여,73세,자전거,부상신고,남,31세,승용차,상해없음,차대차 - 측면직각충돌,불법유턴,맑음,0,1
2015,대구광역시 중구13,대구광역시 중구 동인동4가(종각네거리 부근),2015-04-04,09시경,경상사고,남,28세,승용차,상해없음,여,74세,자전거,경상,차대차 - 측면직각충돌,안전운전불이행,맑음,0,1
2015,대구광역시 중구13,대구광역시 중구 동인동4가(종각네거리 부근),2015-12-15,21시경,경상사고,남,62세,승용차,상해없음,여,37세,자전거,경상,차대차 - 정면충돌,안전운전불이행,맑음,0,1
2015,대구광역시 중구13,대구광역시 중구 동인동4가(종각네거리 부근),2015-08-17,17시경,중상사고,여,43세,승용차,상해없음,남,18세,자전거,중상,차대차 - 측면직각충돌,안전운전불이행,맑음,0,1
2015,대구광역시 중구13,대구광역시 중구 동인동4가(종각네거리 부근),2015-07-13,07시경,부상신고사고,남,58세,자전거,부상신고,남,33세,승용차,상해없음,차대차 - 정면충돌,안전운전불이행,맑음,0,1
2015,대구광역시 중구13,대구광역시 중구 동인동4가(종각네거리 부근),2015-05-28,09시경,부상신고사고,남,60세,자전거,부상신고,남,67세,승용차,상해없음,차대차 - 측면직각충돌,안전운전불이행,맑음,0,1
2015,대구광역시 중구3,대구광역시 중구 삼덕동2가(떡보의하루 부근),2015-07-28,01시경,경상사고,남,63세,승용차,상해없음,남,29세,자전거,경상,차대차 - 측면직각충돌,직진우회전진행방해,맑음,0,1
2015,대구광역시 중구3,대구광역시 중구 삼덕동2가(떡보의하루 부근),2015-10-02,12시경,경상사고,여,26세,승용차,상해없음,여,73세,자전거,경상,차대차 - 기타,교차로운행방법위반,맑음,0,1
2015,대구광역시 중구3,대구광역시 중구 삼덕동2가(떡보의하루 부근),2015-07-03,10시경,경상사고,남,46세,승합차,상해없음,여,64세,자전거,경상,차대차 - 기타,안전운전불이행,맑음,0,1
2015,대구광역시 중구3,대구광역시 중구 삼덕동2가(떡보의하루 부근),2015-05-14,10시경,부상신고사고,남,32세,자전거,부상신고,남,49세,승용차,상해없음,차대차 - 측면직각충돌,신호위반,맑음,0,1
2015,대구광역시 중구3,대구광역시 중구 삼덕동2가(떡보의하루 부근),2015-03-19,17시경,부상신고사고,남,80세,자전거,부상신고,여,51세,승용차,상해없음,차대차 - 측면직각충돌,중앙선침범,맑음,0,1
2015,대구광역시 중구3,대구광역시 중구 삼덕동2가(떡보의하루 부근),2015-08-17,21시경,경상사고,여,36세,자전거,상해없음,남,32세,보행자,경상,차대사람 - 기타,안전운전불이행,맑음,0,1
2015,대구광역시 중구3,대구광역시 중구 삼덕동2가(떡보의하루 부근),2015-07-19,13시경,경상사고,여,56세,자전거,경상,남,25세,승용차,상해없음,차대차 - 기타,안전운전불이행,맑음,0,1
2015,대구광역시 중구4,대구광역시 중구 봉산동(봉산육거리 부근),2015-02-13,11시경,경상사고,남,51세,승용차,상해없음,남,58세,자전거,경상,차대차 - 기타,안전운전불이행,맑음,0,1
2015,대구광역시 중구4,대구광역시 중구 봉산동(봉산육거리 부근),2015-10-10,18시경,경상사고,남,56세,승용차,상해없음,남,59세,자전거,경상,차대차 - 추돌 - 주정차중,기타,맑음,0,1
2015,대구광역시 중구4,대구광역시 중구 봉산동(봉산육거리 부근),2015-10-17,10시경,경상사고,남,59세,승용차,상해없음,남,14세,자전거,경상,차대차 - 측면직각충돌,기타,맑음,0,1
2015,대구광역시 중구4,대구광역시 중구 봉산동(봉산육거리 부근),2015-03-10,18시경,중상사고,남,66세,승용차,상해없음,남,87세,자전거,중상,차대차 - 측면직각충돌,안전운전불이행,맑음,0,1
2015,대구광역시 중구4,대구광역시 중구 봉산동(봉산육거리 부근),2015-08-03,22시경,중상사고,여,24세,승용차,상해없음,남,73세,자전거,중상,차대차 - 측면직각충돌,안전운전불이행,맑음,0,1
2015,대구광역시 중구4,대구광역시 중구 봉산동(봉산육거리 부근),2015-08-07,20시경,중상사고,여,53세,승용차,상해없음,여,55세,자전거,중상,차대차 - 측면직각충돌,안전운전불이행,맑음,0,1
2015,대구광역시 중구8,대구광역시 중구 덕산동(반월당 부근),2015-03-13,21시경,경상사고,여,40세,승용차,상해없음,여,59세,자전거,경상,차대차 - 기타,안전운전불이행,맑음,0,1
2015,대구광역시 중구8,대구광역시 중구 덕산동(반월당 부근),2015-07-02,17시경,경상사고,남,41세,이륜차,상해없음,남,22세,자전거,경상,차대차 - 기타,안전운전불이행,맑음,0,1
2015,대구광역시 중구8,대구광역시 중구 덕산동(반월당 부근),2015-09-16,19시경,부상신고사고,남,14세,자전거,부상신고,여,46세,이륜차,상해없음,차대차 - 정면충돌,중앙선침범,맑음,0,1
2015,대구광역시 중구8,대구광역시 중구 덕산동(반월당 부근),2015-11-25,08시경,경상사고,남,15세,자전거,상해없음,여,33세,보행자,경상,차대사람 - 보도통행중,기타,비,0,1
2015,대구광역시 중구8,대구광역시 중구 덕산동(반월당 부근),2015-07-04,00시경,부상신고사고,남,30세,자전거,부상신고,남,66세,승용차,상해없음,차대차 - 측면직각충돌,신호위반,맑음,0,1
2015,대구광역시 중구8,대구광역시 중구 덕산동(반월당 부근),2015-07-10,14시경,중상사고,여,58세,자전거,중상,남,44세,승합차,상해없음,차대차 - 측면직각충돌,신호위반,맑음,0,1
2015,대구광역시 중구6,대구광역시 중구 동성로2가(중앙네거리 부근),2015-08-19,08시경,경상사고,남,48세,승용차,상해없음,남,48세,자전거,경상,차대차 - 측면직각충돌,안전운전불이행,맑음,0,1
2015,대구광역시 중구6,대구광역시 중구 동성로2가(중앙네거리 부근),2015-06-19,19시경,경상사고,남,56세,승용차,상해없음,남,22세,자전거,경상,차대차 - 측면직각충돌,안전운전불이행,맑음,0,1
2015,대구광역시 중구6,대구광역시 중구 동성로2가(중앙네거리 부근),2015-07-01,23시경,경상사고,남,24세,이륜차,부상신고,남,22세,자전거,경상,차대차 - 측면직각충돌,안전운전불이행,맑음,0,2
2015,대구광역시 중구6,대구광역시 중구 동성로2가(중앙네거리 부근),2015-07-22,07시경,중상사고,남,67세,자전거,중상,남,61세,승용차,상해없음,차대차 - 측면직각충돌,신호위반,맑음,0,1
2015,대구광역시 중구6,대구광역시 중구 동성로2가(중앙네거리 부근),2015-12-06,12시경,부상신고사고,남,73세,자전거,부상신고,남,23세,이륜차,상해없음,차대차 - 측면직각충돌,불법유턴,맑음,0,1
2015,대구광역시 중구6,대구광역시 중구 동성로2가(중앙네거리 부근),2015-11-19,08시경,중상사고,남,74세,자전거,중상,남,41세,자전거,경상,차대차 - 정면충돌,안전운전불이행,맑음,0,2
2015,대구광역시 중구2,대구광역시 중구 교동(교동네거리 부근),2015-05-21,13시경,경상사고,여,52세,승용차,상해없음,남,63세,자전거,경상,차대차 - 정면충돌,안전운전불이행,맑음,0,1
2015,대구광역시 중구2,대구광역시 중구 교동(교동네거리 부근),2015-10-29,17시경,부상신고사고,남,56세,자전거,부상신고,남,72세,승용차,상해없음,차대차 - 측면직각충돌,불법유턴,맑음,0,1
2015,대구광역시 중구2,대구광역시 중구 교동(교동네거리 부근),2015-10-02,16시경,경상사고,남,67세,자전거,경상,남,55세,승합차,상해없음,차대차 - 기타,안전운전불이행,맑음,0,1
2015,대구광역시 중구2,대구광역시 중구 교동(교동네거리 부근),2015-04-10,12시경,부상신고사고,남,75세,자전거,부상신고,남,33세,승합차,상해없음,차대차 - 측면직각충돌,중앙선침범,맑음,0,1
2015,대구광역시 중구2,대구광역시 중구 교동(교동네거리 부근),2015-10-06,12시경,사망사고,남,75세,자전거,사망,남,45세,승용차,상해없음,차대차 - 측면직각충돌,중앙선침범,맑음,1,0
2015,대구광역시 중구2,대구광역시 중구 교동(교동네거리 부근),2015-12-15,09시경,경상사고,남,80세,자전거,경상,남,70세,승용차,상해없음,차대차 - 정면충돌,안전운전불이행,맑음,0,1
2015,대구광역시 중구2,대구광역시 중구 교동(교동네거리 부근),2015-12-13,21시경,경상사고,남,62세,화물차,상해없음,남,58세,자전거,경상,차대차 - 측면직각충돌,안전운전불이행,맑음,0,1
2015,대구광역시 중구1,대구광역시 중구 동산동(내당네거리 부근),2015-09-05,21시경,경상사고,남,20세,승용차,상해없음,남,17세,자전거,경상,차대차 - 측면직각충돌,안전운전불이행,맑음,0,1
2015,대구광역시 중구1,대구광역시 중구 동산동(내당네거리 부근),2015-09-28,17시경,경상사고,여,25세,승용차,상해없음,남,46세,자전거,경상,차대차 - 측면직각충돌,안전운전불이행,맑음,0,1
2015,대구광역시 중구1,대구광역시 중구 동산동(내당네거리 부근),2015-06-13,23시경,경상사고,남,48세,승합차,기타불명,남,24세,자전거,상해없음,차대차 - 기타,안전운전불이행,맑음,0,1
2015,대구광역시 중구1,대구광역시 중구 동산동(내당네거리 부근),2015-08-22,22시경,중상사고,남,48세,승합차,상해없음,남,58세,자전거,중상,차대차 - 측면직각충돌,안전운전불이행,맑음,0,1
2015,대구광역시 중구1,대구광역시 중구 동산동(내당네거리 부근),2015-10-27,15시경,중상사고,남,71세,승합차,상해없음,여,54세,자전거,중상,차대차 - 측면직각충돌,안전운전불이행,맑음,0,1