사고년도,다발시군구,지점명,사고일시,사고시간대,사고등급,가해자성별,가해자연령,가해차종,가해자신체상해정도,피해자성별,피해자연령,피해차종,피해자신체상해정도,사고유형,가해자법규위반,기상상태,사망자수,부상자수
2015,대구광역시 중구1,대구광역시 중구 동산동(내당네거리 부근),2015-10-30,13시경,중상사고,남,72세,자전거,중상,남,47세,화물차,상해없음,차대차 - 측면직각충돌,불법유턴,맑음,0,1
2015,대구광역시 중구1,대구광역시 중구 동산동(내당네거리 부근),2015-01-15,18시경,부상신고사고,여,27세,자전거,부상신고,남,68세,승용차,상해없음,차대차 - 기타,안전운전불이행,흐림,0,1
2015,대구광역시 중구1,대구광역시 중구 동산동(내당네거리 부근),2015-06-12,07시경,경상사고,남,66세,화물차,상해없음,남,85세,자전거,경상,차대차 - 측면직각충돌,안전운전불이행,맑음,0,1
2015,대구광역시 중구12,대구광역시 중구 태평로2가(대구역네거리 부근),2015-05-20,09시경,경상사고,남,49세,승용차,상해없음,여,65세,자전거,경상,차대차 - 기타,안전운전불이행,맑음,0,1
2015,대구광역시 중구12,대구광역시 중구 태평로2가(대구역네거리 부근),2015-05-29,11시경,경상사고,남,62세,자전거,경상,남,59세,승용차,상해없음,차대차 - 추돌 - 진행중,안전운전불이행,맑음,0,1
2015,대구광역시 중구12,대구광역시 중구 태평로2가(대구역네거리 부근),2015-06-26,14시경,중상사고,남,47세,화물차,상해없음,남,57세,자전거,중상,차대차 - 측면직각충돌,안전운전불이행,맑음,0,1
2015,대구광역시 중구12,대구광역시 중구 태평로2가(대구역네거리 부근),2015-09-05,11시경,중상사고,남,55세,화물차,상해없음,남,75세,자전거,중상,차대차 - 측면직각충돌,안전운전불이행,맑음,0,1
2015,대구광역시 중구12,대구광역시 중구 태평로2가(대구역네거리 부근),2015-02-09,10시경,경상사고,남,62세,화물차,상해없음,남,70세,자전거,경상,차대차 - 추돌 - 진행중,안전운전불이행,맑음,0,1
2015,대구광역시 중구7,대구광역시 중구 대신동(큰장네거리 부근),2015-04-25,19시경,부상신고사고,기타불명,불명,불명,기타불명,남,64세,자전거,부상신고,차대차 - 기타,안전운전불이행,맑음,0,1
2015,대구광역시 중구7,대구광역시 중구 대신동(큰장네거리 부근),2015-06-28,09시경,경상사고,남,61세,승용차,상해없음,여,68세,자전거,경상,차대차 - 측면직각충돌,안전운전불이행,맑음,0,1
2015,대구광역시 중구7,대구광역시 중구 대신동(큰장네거리 부근),2015-11-20,16시경,경상사고,남,65세,승용차,상해없음,여,10세,자전거,경상,차대차 - 측면직각충돌,교차로운행방법위반,맑음,0,1
2015,대구광역시 중구7,대구광역시 중구 대신동(큰장네거리 부근),2015-04-28,11시경,경상사고,여,32세,승용차,상해없음,남,64세,자전거,경상,차대차 - 추돌 - 진행중,안전운전불이행,맑음,0,1
2015,대구광역시 중구7,대구광역시 중구 대신동(큰장네거리 부근),2015-09-21,08시경,경상사고,여,55세,자전거,경상,남,33세,이륜차,경상,차대차 - 정면충돌,중앙선침범,맑음,0,2
2015,대구광역시 중구7,대구광역시 중구 대신동(큰장네거리 부근),2015-08-28,14시경,중상사고,남,48세,화물차,상해없음,남,71세,자전거,중상,차대차 - 측면직각충돌,안전운전불이행,맑음,0,1
2015,대구광역시 중구9,대구광역시 중구 대신동(계산오거리 부근),2015-02-17,17시경,경상사고,남,32세,승용차,상해없음,남,54세,자전거,경상,차대차 - 측면직각충돌,안전운전불이행,맑음,0,1
2015,대구광역시 중구9,대구광역시 중구 대신동(계산오거리 부근),2015-01-06,11시경,경상사고,여,52세,승용차,상해없음,남,71세,자전거,경상,차대차 - 측면직각충돌,안전운전불이행,맑음,0,1
2015,대구광역시 중구9,대구광역시 중구 대신동(계산오거리 부근),2015-07-13,09시경,부상신고사고,남,57세,자전거,상해없음,여,49세,자전거,부상신고,차대차 - 측면직각충돌,안전운전불이행,맑음,0,1
2015,대구광역시 중구9,대구광역시 중구 대신동(계산오거리 부근),2015-04-15,14시경,부상신고사고,남,64세,자전거,부상신고,남,59세,승용차,상해없음,차대차 - 측면직각충돌,중앙선침범,맑음,0,1
2015,대구광역시 중구9,대구광역시 중구 대신동(계산오거리 부근),2015-10-02,11시경,중상사고,남,71세,자전거,중상,남,53세,승용차,상해없음,차대차 - 측면직각충돌,중앙선침범,맑음,0,1
2015,대구광역시 중구9,대구광역시 중구 대신동(계산오거리 부근),2015-03-29,11시경,경상사고,남,56세,화물차,상해없음,여,27세,자전거,경상,차대차 - 측면직각충돌,안전운전불이행,맑음,0,1
2015,대구광역시 중구11,대구광역시 중구 남산동(신남사거리 부근),2015-09-29,16시경,부상신고사고,기타불명,불명,불명,기타불명,남,15세,자전거,부상신고,차대차 - 기타,안전운전불이행,맑음,0,1
2015,대구광역시 중구11,대구광역시 중구 남산동(신남사거리 부근),2015-04-25,12시경,중상사고,남,44세,승합차,상해없음,여,29세,자전거,중상,차대차 - 기타,안전운전불이행,맑음,0,1
2015,대구광역시 중구11,대구광역시 중구 남산동(신남사거리 부근),2015-05-25,21시경,중상사고,남,77세,이륜차,기타불명,남,57세,자전거,중상,차대차 - 측면직각충돌,신호위반,맑음,0,1
2015,대구광역시 중구11,대구광역시 중구 남산동(신남사거리 부근),2015-03-16,07시경,부상신고사고,남,22세,자전거,부상신고,남,57세,원동기장치자전거,상해없음,차대차 - 기타,안전운전불이행,맑음,0,1
2015,대구광역시 중구11,대구광역시 중구 남산동(신남사거리 부근),2015-07-14,20시경,중상사고,남,41세,자전거,상해없음,여,71세,보행자,중상,차대사람 - 기타,안전운전불이행,맑음,0,1
2015,대구광역시 중구5,대구광역시 중구 대봉동(- 인근),2015-10-08,17시경,중상사고,남,60세,승용차,상해없음,남,16세,자전거,중상,차대차 - 측면직각충돌,안전운전불이행,맑음,0,1
2015,대구광역시 중구5,대구광역시 중구 대봉동(- 인근),2015-05-13,19시경,경상사고,여,45세,승용차,상해없음,남,41세,자전거,경상,차대차 - 기타,안전운전불이행,맑음,0,1
2015,대구광역시 중구5,대구광역시 중구 대봉동(- 인근),2015-01-08,20시경,부상신고사고,남,50세,이륜차,상해없음,남,13세,자전거,부상신고,차대차 - 측면직각충돌,안전운전불이행,맑음,0,1
2015,대구광역시 중구5,대구광역시 중구 대봉동(- 인근),2015-03-15,15시경,경상사고,남,72세,자전거,부상신고,남,14세,자전거,경상,차대차 - 정면충돌,안전운전불이행,맑음,0,2
2015,대구광역시 중구5,대구광역시 중구 대봉동(- 인근),2015-12-21,16시경,경상사고,여,36세,자전거,경상,남,47세,자전거,상해없음,차대차 - 정면충돌,안전운전불이행,맑음,0,1
2015,대구광역시 중구5,대구광역시 중구 대봉동(- 인근),2015-03-08,23시경,중상사고,여,60세,자전거,경상,남,18세,자전거,중상,차대차 - 기타,안전운전불이행,맑음,0,2
2015,대구광역시 동구1,대구광역시 동구 신암동(태원상사(주) 부근),2015-02-25,16시경,중상사고,남,39세,승용차,상해없음,여,58세,자전거,중상,차대차 - 기타,안전운전불이행,맑음,0,1
2015,대구광역시 동구1,대구광역시 동구 신암동(태원상사(주) 부근),2015-01-07,20시경,경상사고,여,24세,승용차,상해없음,남,53세,자전거,경상,차대차 - 추돌 - 진행중,안전운전불이행,맑음,0,1
2015,대구광역시 동구1,대구광역시 동구 신암동(태원상사(주) 부근),2015-07-16,18시경,경상사고,여,44세,승용차,상해없음,여,50세,자전거,경상,차대차 - 기타,안전운전불이행,맑음,0,1
2015,대구광역시 동구1,대구광역시 동구 신암동(태원상사(주) 부근),2015-05-22,18시경,경상사고,남,63세,원동기장치자전거,상해없음,여,27세,자전거,경상,차대차 - 기타,안전운전불이행,맑음,0,1
2015,대구광역시 동구1,대구광역시 동구 신암동(태원상사(주) 부근),2015-06-15,23시경,부상신고사고,기타불명,불명,이륜차,기타불명,남,27세,자전거,부상신고,차대차 - 기타,안전운전불이행,맑음,0,1
2015,대구광역시 동구1,대구광역시 동구 신암동(태원상사(주) 부근),2015-05-30,19시경,경상사고,남,23세,이륜차,상해없음,남,77세,자전거,경상,차대차 - 기타,안전운전불이행,맑음,0,1
2015,대구광역시 동구1,대구광역시 동구 신암동(태원상사(주) 부근),2015-05-07,21시경,중상사고,남,36세,화물차,상해없음,남,22세,자전거,중상,차대차 - 기타,안전운전불이행,맑음,0,1
2015,대구광역시 동구2,대구광역시 동구 신암동(효목고기마트 부근),2015-10-04,17시경,경상사고,남,58세,승용차,상해없음,남,11세,자전거,경상,차대차 - 기타,안전운전불이행,맑음,0,1
2015,대구광역시 동구2,대구광역시 동구 신암동(효목고기마트 부근),2015-04-16,11시경,중상사고,남,65세,승용차,상해없음,여,55세,자전거,중상,차대차 - 측면직각충돌,안전운전불이행,맑음,0,1
2015,대구광역시 동구2,대구광역시 동구 신암동(효목고기마트 부근),2015-12-24,17시경,중상사고,남,67세,승용차,상해없음,남,72세,자전거,중상,차대차 - 기타,안전운전불이행,맑음,0,1
2015,대구광역시 동구2,대구광역시 동구 신암동(효목고기마트 부근),2015-10-05,08시경,중상사고,남,72세,승용차,상해없음,여,56세,자전거,중상,차대차 - 기타,안전운전불이행,맑음,0,1
2015,대구광역시 동구2,대구광역시 동구 신암동(효목고기마트 부근),2015-06-09,17시경,경상사고,남,56세,승합차,상해없음,남,71세,자전거,경상,차대차 - 측면직각충돌,안전운전불이행,맑음,0,1
2015,대구광역시 동구2,대구광역시 동구 신암동(효목고기마트 부근),2015-04-17,15시경,경상사고,남,51세,자전거,상해없음,여,61세,보행자,경상,차대사람 - 기타,안전운전불이행,맑음,0,1
2015,대구광역시 동구10,대구광역시 동구 신천동(제일방사선의원 부근),2015-07-13,10시경,경상사고,남,31세,승용차,상해없음,남,86세,자전거,경상,차대차 - 측면직각충돌,안전운전불이행,맑음,0,1
2015,대구광역시 동구10,대구광역시 동구 신천동(제일방사선의원 부근),2015-05-16,12시경,중상사고,남,53세,승용차,상해없음,남,78세,자전거,중상,차대차 - 기타,안전운전불이행,맑음,0,1
2015,대구광역시 동구10,대구광역시 동구 신천동(제일방사선의원 부근),2015-07-24,16시경,중상사고,남,70세,승용차,상해없음,남,74세,자전거,중상,차대차 - 기타,안전운전불이행,맑음,0,1
2015,대구광역시 동구10,대구광역시 동구 신천동(제일방사선의원 부근),2015-07-17,09시경,중상사고,남,28세,자전거,중상,남,36세,승용차,상해없음,차대차 - 기타,안전운전불이행,맑음,0,1
2015,대구광역시 동구6,대구광역시 동구 효목동(코리안숯불바베큐 부근),2015-09-24,14시경,경상사고,남,53세,승용차,상해없음,남,53세,자전거,경상,차대차 - 기타,안전운전불이행,맑음,0,1
2015,대구광역시 동구6,대구광역시 동구 효목동(코리안숯불바베큐 부근),2015-10-25,10시경,중상사고,여,46세,승용차,상해없음,남,73세,자전거,중상,차대차 - 기타,안전운전불이행,맑음,0,1
2015,대구광역시 동구6,대구광역시 동구 효목동(코리안숯불바베큐 부근),2015-09-10,18시경,경상사고,여,56세,승용차,상해없음,남,18세,자전거,경상,차대차 - 기타,교차로운행방법위반,맑음,0,1
2015,대구광역시 동구6,대구광역시 동구 효목동(코리안숯불바베큐 부근),2015-10-24,13시경,부상신고사고,남,16세,자전거,부상신고,여,45세,승용차,상해없음,차대차 - 기타,안전운전불이행,맑음,0,1
2015,대구광역시 동구6,대구광역시 동구 효목동(코리안숯불바베큐 부근),2015-10-31,17시경,중상사고,남,79세,자전거,중상,남,17세,이륜차,부상신고,차대차 - 측면직각충돌,안전운전불이행,맑음,0,3
2015,대구광역시 동구11,대구광역시 동구 효목동(아양네거리 부근),2015-07-21,15시경,경상사고,남,57세,건설기계,상해없음,남,68세,자전거,경상,차대차 - 기타,안전운전불이행,맑음,0,1
2015,대구광역시 동구11,대구광역시 동구 효목동(아양네거리 부근),2015-02-07,15시경,중상사고,남,52세,승합차,상해없음,여,62세,자전거,중상,차대차 - 측면직각충돌,안전운전불이행,맑음,0,1
2015,대구광역시 동구11,대구광역시 동구 효목동(아양네거리 부근),2015-10-26,07시경,경상사고,남,62세,자전거,경상,여,52세,승용차,상해없음,차대차 - 기타,안전운전불이행,맑음,0,1
2015,대구광역시 동구11,대구광역시 동구 효목동(아양네거리 부근),2015-10-13,20시경,경상사고,여,53세,화물차,상해없음,남,23세,자전거,경상,차대차 - 측면직각충돌,기타,맑음,0,1
2015,대구광역시 동구9,대구광역시 동구 지저동(싱싱(주) 부근),2015-02-02,10시경,중상사고,남,57세,승용차,상해없음,남,72세,자전거,중상,차대차 - 측면직각충돌,안전운전불이행,맑음,0,1
2015,대구광역시 동구9,대구광역시 동구 지저동(싱싱(주) 부근),2015-10-28,18시경,중상사고,남,72세,승용차,상해없음,남,14세,자전거,중상,차대차 - 기타,안전운전불이행,맑음,0,1
2015,대구광역시 동구9,대구광역시 동구 지저동(싱싱(주) 부근),2015-04-17,17시경,중상사고,기타불명,불명,자전거,기타불명,여,19세,자전거,중상,차대차 - 기타,안전운전불이행,맑음,0,1
2015,대구광역시 동구9,대구광역시 동구 지저동(싱싱(주) 부근),2015-06-10,20시경,경상사고,여,51세,자전거,경상,여,54세,승용차,기타불명,차대차 - 측면직각충돌,안전운전불이행,맑음,0,1
2015,대구광역시 동구7,대구광역시 동구 입석동(현대방촌판매대리점 부근),2015-01-21,11시경,부상신고사고,남,51세,승용차,상해없음,여,75세,자전거,부상신고,차대차 - 측면직각충돌,안전운전불이행,맑음,0,1
2015,대구광역시 동구7,대구광역시 동구 입석동(현대방촌판매대리점 부근),2015-07-13,07시경,중상사고,여,31세,승용차,상해없음,남,71세,자전거,중상,차대차 - 기타,신호위반,흐림,0,1
2015,대구광역시 동구7,대구광역시 동구 입석동(현대방촌판매대리점 부근),2015-07-05,10시경,경상사고,여,47세,승용차,상해없음,여,34세,자전거,경상,차대차 - 기타,안전운전불이행,맑음,0,1
2015,대구광역시 동구7,대구광역시 동구 입석동(현대방촌판매대리점 부근),2015-04-30,17시경,경상사고,남,14세,자전거,경상,남,39세,승용차,상해없음,차대차 - 측면직각충돌,안전운전불이행,맑음,0,1
2015,대구광역시 동구7,대구광역시 동구 입석동(현대방촌판매대리점 부근),2015-06-22,13시경,경상사고,남,53세,화물차,상해없음,여,58세,자전거,경상,차대차 - 기타,안전운전불이행,맑음,0,1
2015,대구광역시 동구12,대구광역시 동구 입석동(입석사거리 부근),2015-08-27,18시경,경상사고,남,28세,승용차,상해없음,남,56세,자전거,경상,차대차 - 기타,안전운전불이행,비,0,1
2015,대구광역시 동구12,대구광역시 동구 입석동(입석사거리 부근),2015-12-11,10시경,경상사고,여,59세,승용차,상해없음,남,22세,자전거,경상,차대차 - 기타,안전운전불이행,맑음,0,1
2015,대구광역시 동구12,대구광역시 동구 입석동(입석사거리 부근),2015-07-01,21시경,경상사고,남,13세,자전거,상해없음,여,53세,보행자,경상,차대사람 - 기타,보행자보호의무위반,맑음,0,1
2015,대구광역시 동구12,대구광역시 동구 입석동(입석사거리 부근),2015-09-01,17시경,경상사고,여,59세,자전거,경상,여,47세,승용차,상해없음,차대차 - 기타,중앙선침범,맑음,0,1
2015,대구광역시 동구5,대구광역시 동구 검사동(반야월삼거리 부근),2015-09-24,07시경,경상사고,여,39세,승용차,상해없음,남,17세,자전거,경상,차대차 - 기타,안전운전불이행,맑음,0,1
2015,대구광역시 동구5,대구광역시 동구 검사동(반야월삼거리 부근),2015-09-07,19시경,중상사고,남,58세,자전거,중상,남,32세,승용차,상해없음,차대차 - 기타,안전운전불이행,맑음,0,1
2015,대구광역시 동구5,대구광역시 동구 검사동(반야월삼거리 부근),2015-10-30,09시경,중상사고,남,71세,자전거,중상,남,36세,승용차,상해없음,차대차 - 기타,안전운전불이행,맑음,0,1
2015,대구광역시 동구5,대구광역시 동구 검사동(반야월삼거리 부근),2015-08-31,10시경,중상사고,남,75세,자전거,중상,남,35세,승용차,상해없음,차대차 - 측면직각충돌,안전운전불이행,맑음,0,1
2015,대구광역시 동구5,대구광역시 동구 검사동(반야월삼거리 부근),2015-12-28,14시경,중상사고,남,52세,화물차,상해없음,남,13세,자전거,중상,차대차 - 기타,신호위반,맑음,0,1
2015,대구광역시 동구3,대구광역시 동구 방촌동(스타마트 부근),2015-10-28,15시경,경상사고,남,34세,승용차,상해없음,남,68세,자전거,경상,차대차 - 측면직각충돌,안전운전불이행,맑음,0,1
2015,대구광역시 동구3,대구광역시 동구 방촌동(스타마트 부근),2015-03-30,14시경,경상사고,남,34세,승용차,상해없음,남,73세,자전거,경상,차대차 - 기타,안전운전불이행,맑음,0,1
2015,대구광역시 동구3,대구광역시 동구 방촌동(스타마트 부근),2015-03-14,13시경,부상신고사고,남,49세,승용차,상해없음,여,60세,자전거,부상신고,차대차 - 기타,안전운전불이행,맑음,0,1
2015,대구광역시 동구3,대구광역시 동구 방촌동(스타마트 부근),2015-10-29,21시경,부상신고사고,남,69세,자전거,부상신고,남,46세,승용차,상해없음,차대차 - 기타,안전운전불이행,맑음,0,1
2015,대구광역시 동구3,대구광역시 동구 방촌동(스타마트 부근),2015-03-28,09시경,부상신고사고,남,76세,자전거,부상신고,여,39세,승용차,상해없음,차대차 - 정면충돌,중앙선침범,맑음,0,1
2015,대구광역시 동구3,대구광역시 동구 방촌동(스타마트 부근),2015-04-18,16시경,중상사고,남,52세,화물차,상해없음,남,39세,자전거,중상,차대차 - 측면직각충돌,안전운전불이행,맑음,0,1
2015,대구광역시 동구8,대구광역시 동구 방촌동(보람속셈학원 부근),2015-04-14,18시경,경상사고,남,37세,승용차,상해없음,남,27세,자전거,경상,차대차 - 측면직각충돌,교차로운행방법위반,맑음,0,1
2015,대구광역시 동구8,대구광역시 동구 방촌동(보람속셈학원 부근),2015-01-05,08시경,경상사고,여,35세,승용차,상해없음,여,62세,자전거,경상,차대차 - 추돌 - 진행중,교차로운행방법위반,맑음,0,1
2015,대구광역시 동구8,대구광역시 동구 방촌동(보람속셈학원 부근),2015-09-10,18시경,부상신고사고,남,65세,자전거,부상신고,남,37세,승용차,상해없음,차대차 - 측면직각충돌,안전운전불이행,맑음,0,1
2015,대구광역시 동구8,대구광역시 동구 방촌동(보람속셈학원 부근),2015-09-21,14시경,중상사고,남,33세,화물차,상해없음,남,80세,자전거,중상,차대차 - 측면직각충돌,안전운전불이행,맑음,0,1
2015,대구광역시 동구8,대구광역시 동구 방촌동(보람속셈학원 부근),2015-09-24,11시경,경상사고,남,35세,화물차,상해없음,남,81세,자전거,경상,차대차 - 측면직각충돌,직진우회전진행방해,맑음,0,1
2015,대구광역시 동구4,대구광역시 동구 율하동(안심주공1단지 부근),2015-05-10,20시경,경상사고,남,27세,승용차,상해없음,남,55세,자전거,경상,차대차 - 기타,교차로운행방법위반,맑음,0,1
2015,대구광역시 동구4,대구광역시 동구 율하동(안심주공1단지 부근),2015-09-05,10시경,중상사고,남,45세,승용차,상해없음,남,64세,자전거,중상,차대차 - 기타,안전운전불이행,맑음,0,1
2015,대구광역시 동구4,대구광역시 동구 율하동(안심주공1단지 부근),2015-05-04,12시경,경상사고,여,47세,승용차,상해없음,여,39세,자전거,경상,차대차 - 측면직각충돌,안전운전불이행,맑음,0,1
2015,대구광역시 동구4,대구광역시 동구 율하동(안심주공1단지 부근),2015-06-07,10시경,경상사고,여,56세,승용차,상해없음,남,16세,자전거,경상,차대차 - 기타,교차로운행방법위반,맑음,0,1
2015,대구광역시 동구4,대구광역시 동구 율하동(안심주공1단지 부근),2015-09-11,05시경,사망사고,남,74세,자전거,사망,남,67세,승용차,상해없음,차대차 - 측면직각충돌,안전운전불이행,맑음,1,0
2015,대구광역시 서구7,대구광역시 서구 내당동(서대구농협 부근),2015-08-30,21시경,중상사고,남,30세,승용차,상해없음,여,58세,자전거,중상,차대차 - 기타,안전운전불이행,맑음,0,1
2015,대구광역시 서구7,대구광역시 서구 내당동(서대구농협 부근),2015-10-28,18시경,경상사고,남,52세,승용차,상해없음,남,14세,자전거,경상,차대차 - 측면직각충돌,기타,맑음,0,1
2015,대구광역시 서구7,대구광역시 서구 내당동(서대구농협 부근),2015-02-14,15시경,부상신고사고,남,16세,자전거,부상신고,남,38세,승용차,상해없음,차대차 - 측면직각충돌,안전운전불이행,맑음,0,1
2015,대구광역시 서구7,대구광역시 서구 내당동(서대구농협 부근),2015-08-30,16시경,부상신고사고,남,54세,자전거,부상신고,남,57세,승합차,상해없음,차대차 - 측면직각충돌,안전운전불이행,맑음,0,1
2015,대구광역시 서구7,대구광역시 서구 내당동(서대구농협 부근),2015-01-02,07시경,경상사고,여,44세,자전거,경상,남,55세,승용차,상해없음,차대차 - 기타,안전운전불이행,맑음,0,1
2015,대구광역시 서구1,대구광역시 서구 비산동(원대네거리2 부근),2015-05-14,07시경,중상사고,남,26세,승용차,상해없음,여,52세,자전거,중상,차대차 - 측면직각충돌,교차로운행방법위반,맑음,0,1
2015,대구광역시 서구1,대구광역시 서구 비산동(원대네거리2 부근),2015-12-20,21시경,중상사고,남,43세,승용차,상해없음,여,56세,자전거,중상,차대차 - 정면충돌,신호위반,맑음,0,1
2015,대구광역시 서구1,대구광역시 서구 비산동(원대네거리2 부근),2015-04-06,07시경,경상사고,남,56세,승용차,상해없음,남,59세,자전거,경상,차대차 - 측면직각충돌,교차로운행방법위반,맑음,0,1
2015,대구광역시 서구1,대구광역시 서구 비산동(원대네거리2 부근),2015-08-27,08시경,중상사고,남,64세,승용차,기타불명,남,13세,자전거,중상,차대차 - 기타,안전운전불이행,맑음,0,1
2015,대구광역시 서구1,대구광역시 서구 비산동(원대네거리2 부근),2015-11-12,09시경,중상사고,남,66세,승용차,상해없음,여,55세,자전거,중상,차대차 - 기타,기타,맑음,0,1
2015,대구광역시 서구1,대구광역시 서구 비산동(원대네거리2 부근),2015-10-08,19시경,경상사고,남,43세,이륜차,상해없음,남,46세,자전거,경상,차대차 - 측면직각충돌,중앙선침범,맑음,0,1
2015,대구광역시 서구1,대구광역시 서구 비산동(원대네거리2 부근),2015-12-17,16시경,경상사고,기타불명,불명,자전거,기타불명,남,12세,자전거,경상,차대차 - 정면충돌,안전운전불이행,흐림,0,1
2015,대구광역시 서구1,대구광역시 서구 비산동(원대네거리2 부근),2015-09-11,10시경,부상신고사고,남,52세,자전거,부상신고,여,72세,승용차,상해없음,차대차 - 기타,안전운전불이행,맑음,0,1
2015,대구광역시 서구1,대구광역시 서구 비산동(원대네거리2 부근),2015-09-23,07시경,부상신고사고,남,71세,자전거,부상신고,여,51세,승용차,상해없음,차대차 - 측면직각충돌,신호위반,맑음,0,1
2015,대구광역시 서구1,대구광역시 서구 비산동(원대네거리2 부근),2015-08-03,15시경,경상사고,남,73세,자전거,상해없음,여,51세,보행자,경상,차대사람 - 기타,기타,맑음,0,1
2015,대구광역시 서구1,대구광역시 서구 비산동(원대네거리2 부근),2015-10-17,15시경,경상사고,남,31세,화물차,상해없음,남,55세,자전거,경상,차대차 - 측면직각충돌,안전운전불이행,맑음,0,1
2015,대구광역시 서구1,대구광역시 서구 비산동(원대네거리2 부근),2015-07-23,09시경,중상사고,남,48세,화물차,상해없음,여,56세,자전거,중상,차대차 - 측면직각충돌,안전운전불이행,비,0,1
2015,대구광역시 서구1,대구광역시 서구 비산동(원대네거리2 부근),2015-12-14,17시경,경상사고,남,55세,화물차,상해없음,남,70세,자전거,경상,차대차 - 기타,안전운전불이행,비,0,1
2015,대구광역시 서구2,대구광역시 서구 비산동(북비산네거리 부근),2015-12-16,11시경,중상사고,남,52세,승용차,상해없음,남,71세,자전거,중상,차대차 - 정면충돌,안전운전불이행,맑음,0,1
2015,대구광역시 서구2,대구광역시 서구 비산동(북비산네거리 부근),2015-12-24,15시경,중상사고,남,63세,승용차,상해없음,남,57세,자전거,중상,차대차 - 기타,안전운전불이행,맑음,0,1
2015,대구광역시 서구2,대구광역시 서구 비산동(북비산네거리 부근),2015-08-04,08시경,경상사고,남,65세,승용차,상해없음,남,72세,자전거,경상,차대차 - 기타,안전운전불이행,맑음,0,1
2015,대구광역시 서구2,대구광역시 서구 비산동(북비산네거리 부근),2015-09-18,15시경,경상사고,여,64세,승용차,상해없음,남,57세,자전거,경상,차대차 - 측면직각충돌,안전운전불이행,맑음,0,1
2015,대구광역시 서구2,대구광역시 서구 비산동(북비산네거리 부근),2015-10-12,18시경,경상사고,남,51세,승합차,상해없음,남,62세,자전거,경상,차대차 - 측면직각충돌,안전거리미확보,맑음,0,1
2015,대구광역시 서구2,대구광역시 서구 비산동(북비산네거리 부근),2015-09-20,07시경,중상사고,남,58세,자전거,중상,남,56세,승합차,상해없음,차대차 - 기타,안전운전불이행,맑음,0,1
2015,대구광역시 서구2,대구광역시 서구 비산동(북비산네거리 부근),2015-05-11,17시경,경상사고,남,68세,자전거,경상,여,43세,승합차,상해없음,차대차 - 측면직각충돌,안전운전불이행,맑음,0,1
2015,대구광역시 서구2,대구광역시 서구 비산동(북비산네거리 부근),2015-12-08,16시경,중상사고,남,72세,자전거,중상,남,51세,원동기장치자전거,상해없음,차대차 - 기타,안전운전불이행,맑음,0,1
2015,대구광역시 서구2,대구광역시 서구 비산동(북비산네거리 부근),2015-03-02,18시경,중상사고,남,77세,자전거,중상,남,63세,승용차,상해없음,차대차 - 기타,중앙선침범,맑음,0,1
2015,대구광역시 서구2,대구광역시 서구 비산동(북비산네거리 부근),2015-10-04,09시경,경상사고,남,82세,자전거,경상,남,56세,승합차,상해없음,차대차 - 측면직각충돌,안전운전불이행,맑음,0,1
2015,대구광역시 서구5,대구광역시 서구 비산동(왕곱배기냉면왕갈비 부근),2015-01-30,08시경,경상사고,남,19세,승용차,상해없음,남,62세,자전거,경상,차대차 - 기타,안전운전불이행,맑음,0,1
2015,대구광역시 서구5,대구광역시 서구 비산동(왕곱배기냉면왕갈비 부근),2015-08-03,17시경,경상사고,남,64세,승용차,상해없음,여,24세,자전거,경상,차대차 - 측면직각충돌,안전운전불이행,맑음,0,1
2015,대구광역시 서구5,대구광역시 서구 비산동(왕곱배기냉면왕갈비 부근),2015-08-22,06시경,경상사고,여,54세,승용차,상해없음,남,67세,자전거,경상,차대차 - 기타,안전운전불이행,맑음,0,1
2015,대구광역시 서구5,대구광역시 서구 비산동(왕곱배기냉면왕갈비 부근),2015-05-24,09시경,경상사고,남,49세,승합차,상해없음,여,42세,자전거,경상,차대차 - 추돌 - 주정차중,안전운전불이행,맑음,0,1
2015,대구광역시 서구5,대구광역시 서구 비산동(왕곱배기냉면왕갈비 부근),2015-09-04,07시경,중상사고,여,52세,자전거,중상,남,29세,승용차,상해없음,차대차 - 측면직각충돌,교차로운행방법위반,맑음,0,1
2015,대구광역시 서구6,대구광역시 서구 비산동(비산네거리 부근),2015-08-10,21시경,경상사고,기타불명,불명,불명,기타불명,여,14세,자전거,경상,차대차 - 측면직각충돌,안전운전불이행,맑음,0,1
2015,대구광역시 서구6,대구광역시 서구 비산동(비산네거리 부근),2015-08-07,21시경,경상사고,남,66세,승용차,상해없음,남,13세,자전거,경상,차대차 - 정면충돌,안전운전불이행,맑음,0,1
2015,대구광역시 서구6,대구광역시 서구 비산동(비산네거리 부근),2015-04-11,11시경,중상사고,남,15세,이륜차,상해없음,남,13세,자전거,중상,차대차 - 측면직각충돌,신호위반,맑음,0,1
2015,대구광역시 서구6,대구광역시 서구 비산동(비산네거리 부근),2015-11-20,16시경,경상사고,남,12세,자전거,경상,남,69세,승용차,상해없음,차대차 - 기타,불법유턴,맑음,0,1
2015,대구광역시 서구6,대구광역시 서구 비산동(비산네거리 부근),2015-05-01,16시경,경상사고,여,20세,자전거,상해없음,여,75세,보행자,경상,차대사람 - 보도통행중,안전운전불이행,맑음,0,1