사고년도,다발시군구,지점명,사고일시,사고시간대,사고등급,가해자성별,가해자연령,가해차종,가해자신체상해정도,피해자성별,피해자연령,피해차종,피해자신체상해정도,사고유형,가해자법규위반,기상상태,사망자수,부상자수
2015,대구광역시 서구9,대구광역시 서구 비산동(한마음수퍼 부근),2015-08-16,17시경,경상사고,남,47세,승용차,상해없음,남,29세,자전거,경상,차대차 - 측면직각충돌,교차로운행방법위반,맑음,0,1
2015,대구광역시 서구9,대구광역시 서구 비산동(한마음수퍼 부근),2015-10-27,02시경,부상신고사고,남,33세,자전거,부상신고,남,52세,승용차,상해없음,차대차 - 기타,안전운전불이행,맑음,0,1
2015,대구광역시 서구9,대구광역시 서구 비산동(한마음수퍼 부근),2015-06-12,22시경,부상신고사고,남,60세,자전거,부상신고,남,25세,승용차,상해없음,차대차 - 기타,신호위반,맑음,0,1
2015,대구광역시 서구9,대구광역시 서구 비산동(한마음수퍼 부근),2015-05-26,09시경,경상사고,남,40세,화물차,상해없음,남,51세,자전거,경상,차대차 - 기타,안전운전불이행,맑음,0,1
2015,대구광역시 서구3,대구광역시 서구 평리동(평리네거리 부근),2015-08-21,21시경,중상사고,여,42세,승용차,상해없음,남,25세,자전거,중상,차대차 - 측면직각충돌,기타,맑음,0,1
2015,대구광역시 서구3,대구광역시 서구 평리동(평리네거리 부근),2015-09-26,19시경,중상사고,남,45세,원동기장치자전거,상해없음,남,43세,자전거,중상,차대차 - 기타,안전운전불이행,맑음,0,1
2015,대구광역시 서구3,대구광역시 서구 평리동(평리네거리 부근),2015-09-30,07시경,경상사고,남,31세,자전거,경상,남,35세,승용차,상해없음,차대차 - 기타,안전운전불이행,맑음,0,1
2015,대구광역시 서구3,대구광역시 서구 평리동(평리네거리 부근),2015-01-29,07시경,부상신고사고,남,31세,자전거,부상신고,남,22세,승합차,상해없음,차대차 - 기타,안전운전불이행,맑음,0,1
2015,대구광역시 서구3,대구광역시 서구 평리동(평리네거리 부근),2015-03-07,19시경,경상사고,남,59세,자전거,부상신고,남,78세,이륜차,경상,차대차 - 측면직각충돌,불법유턴,맑음,0,2
2015,대구광역시 서구3,대구광역시 서구 평리동(평리네거리 부근),2015-08-08,04시경,중상사고,남,39세,화물차,상해없음,남,72세,자전거,중상,차대차 - 기타,안전운전불이행,맑음,0,1
2015,대구광역시 서구4,대구광역시 서구 원대동3가(상신삼거리 부근),2015-10-20,11시경,중상사고,남,49세,승용차,상해없음,여,42세,자전거,중상,차대차 - 기타,안전운전불이행,맑음,0,1
2015,대구광역시 서구4,대구광역시 서구 원대동3가(상신삼거리 부근),2015-05-21,15시경,중상사고,남,67세,승용차,상해없음,여,66세,자전거,중상,차대차 - 기타,신호위반,맑음,0,1
2015,대구광역시 서구4,대구광역시 서구 원대동3가(상신삼거리 부근),2015-09-19,19시경,경상사고,남,52세,자전거,경상,여,53세,승용차,상해없음,차대차 - 측면직각충돌,안전운전불이행,맑음,0,1
2015,대구광역시 서구4,대구광역시 서구 원대동3가(상신삼거리 부근),2015-08-31,15시경,경상사고,남,31세,화물차,상해없음,남,68세,자전거,경상,차대차 - 측면직각충돌,안전운전불이행,맑음,0,1
2015,대구광역시 서구4,대구광역시 서구 원대동3가(상신삼거리 부근),2015-07-05,09시경,중상사고,남,65세,화물차,상해없음,남,30세,자전거,중상,차대차 - 측면직각충돌,안전거리미확보,맑음,0,1
2015,대구광역시 서구8,대구광역시 서구 원대동3가(원대오거리 부근),2015-09-30,09시경,경상사고,남,39세,승용차,상해없음,남,71세,자전거,경상,차대차 - 기타,안전운전불이행,맑음,0,1
2015,대구광역시 서구8,대구광역시 서구 원대동3가(원대오거리 부근),2015-10-22,21시경,경상사고,남,42세,승용차,기타불명,남,55세,자전거,경상,차대차 - 측면직각충돌,안전운전불이행,맑음,0,1
2015,대구광역시 서구8,대구광역시 서구 원대동3가(원대오거리 부근),2015-08-06,22시경,중상사고,여,43세,승용차,상해없음,여,67세,자전거,중상,차대차 - 측면직각충돌,안전운전불이행,맑음,0,1
2015,대구광역시 서구8,대구광역시 서구 원대동3가(원대오거리 부근),2015-11-16,08시경,경상사고,남,58세,승합차,상해없음,여,51세,자전거,경상,차대차 - 측면직각충돌,안전운전불이행,흐림,0,1
2015,대구광역시 남구5,대구광역시 남구 이천동(건들바위네거리 부근),2015-10-17,14시경,경상사고,여,69세,승용차,상해없음,남,61세,자전거,경상,차대차 - 기타,안전운전불이행,맑음,0,1
2015,대구광역시 남구5,대구광역시 남구 이천동(건들바위네거리 부근),2015-05-15,19시경,경상사고,남,56세,자전거,경상,남,48세,승용차,상해없음,차대차 - 기타,안전운전불이행,비,0,1
2015,대구광역시 남구5,대구광역시 남구 이천동(건들바위네거리 부근),2015-05-17,19시경,경상사고,여,59세,자전거,경상,남,49세,이륜차,상해없음,차대차 - 측면직각충돌,안전운전불이행,맑음,0,1
2015,대구광역시 남구5,대구광역시 남구 이천동(건들바위네거리 부근),2015-04-09,13시경,중상사고,여,69세,자전거,중상,여,44세,승용차,상해없음,차대차 - 측면직각충돌,중앙선침범,맑음,0,1
2015,대구광역시 남구1,대구광역시 남구 봉덕동(남구청네거리 부근),2015-09-29,21시경,경상사고,기타불명,불명,승용차,기타불명,여,67세,자전거,경상,차대차 - 기타,안전운전불이행,맑음,0,1
2015,대구광역시 남구1,대구광역시 남구 봉덕동(남구청네거리 부근),2015-06-05,11시경,경상사고,남,45세,승용차,상해없음,여,61세,자전거,경상,차대차 - 측면직각충돌,안전운전불이행,맑음,0,1
2015,대구광역시 남구1,대구광역시 남구 봉덕동(남구청네거리 부근),2015-09-21,14시경,경상사고,여,44세,승용차,상해없음,남,52세,자전거,경상,차대차 - 기타,안전운전불이행,맑음,0,1
2015,대구광역시 남구1,대구광역시 남구 봉덕동(남구청네거리 부근),2015-05-21,14시경,경상사고,남,52세,자전거,경상,여,48세,승용차,상해없음,차대차 - 기타,안전운전불이행,맑음,0,1
2015,대구광역시 남구1,대구광역시 남구 봉덕동(남구청네거리 부근),2015-08-03,15시경,부상신고사고,여,58세,자전거,부상신고,없음,불명,없음,없음,차량단독 - 기타,안전운전불이행,맑음,0,1
2015,대구광역시 남구1,대구광역시 남구 봉덕동(남구청네거리 부근),2015-02-27,11시경,사망사고,남,33세,화물차,상해없음,남,81세,자전거,사망,차대차 - 기타,안전운전불이행,맑음,1,0
2015,대구광역시 남구2,대구광역시 남구 대명동(앞산네거리 부근),2015-03-23,20시경,중상사고,남,39세,승용차,상해없음,남,63세,자전거,중상,차대차 - 기타,기타,맑음,0,1
2015,대구광역시 남구2,대구광역시 남구 대명동(앞산네거리 부근),2015-06-07,19시경,경상사고,남,58세,승용차,상해없음,남,47세,자전거,경상,차대차 - 기타,교차로운행방법위반,맑음,0,1
2015,대구광역시 남구2,대구광역시 남구 대명동(앞산네거리 부근),2015-06-01,21시경,중상사고,남,51세,승합차,상해없음,남,16세,자전거,중상,차대차 - 측면직각충돌,안전운전불이행,맑음,0,1
2015,대구광역시 남구2,대구광역시 남구 대명동(앞산네거리 부근),2015-07-13,19시경,경상사고,남,67세,자전거,경상,남,34세,승용차,상해없음,차대차 - 추돌 - 진행중,안전운전불이행,맑음,0,1
2015,대구광역시 남구2,대구광역시 남구 대명동(앞산네거리 부근),2015-09-14,10시경,경상사고,여,20세,자전거,경상,남,35세,승합차,상해없음,차대차 - 측면직각충돌,안전운전불이행,맑음,0,1
2015,대구광역시 남구2,대구광역시 남구 대명동(앞산네거리 부근),2015-05-28,16시경,경상사고,남,46세,화물차,상해없음,남,67세,자전거,경상,차대차 - 기타,교차로운행방법위반,맑음,0,1
2015,대구광역시 남구3,대구광역시 남구 대명동(영대네거리 부근),2015-10-27,19시경,경상사고,여,54세,승용차,상해없음,여,54세,자전거,경상,차대차 - 측면직각충돌,안전운전불이행,맑음,0,1
2015,대구광역시 남구3,대구광역시 남구 대명동(영대네거리 부근),2015-11-02,19시경,경상사고,남,14세,자전거,부상신고,남,38세,이륜차,경상,차대차 - 측면직각충돌,신호위반,맑음,0,2
2015,대구광역시 남구3,대구광역시 남구 대명동(영대네거리 부근),2015-08-01,23시경,부상신고사고,남,46세,자전거,부상신고,여,48세,승용차,상해없음,차대차 - 기타,안전운전불이행,맑음,0,1
2015,대구광역시 남구3,대구광역시 남구 대명동(영대네거리 부근),2015-12-29,16시경,경상사고,여,55세,자전거,경상,남,23세,승용차,상해없음,차대차 - 정면충돌,안전운전불이행,맑음,0,1
2015,대구광역시 남구3,대구광역시 남구 대명동(영대네거리 부근),2015-05-26,06시경,경상사고,남,43세,화물차,상해없음,남,22세,자전거,경상,차대차 - 측면직각충돌,직진우회전진행방해,맑음,0,1
2015,대구광역시 남구3,대구광역시 남구 대명동(영대네거리 부근),2015-05-05,12시경,경상사고,남,50세,화물차,상해없음,남,81세,자전거,경상,차대차 - 정면충돌,안전운전불이행,맑음,0,1
2015,대구광역시 남구4,대구광역시 남구 대명동(대명동홀마트 부근),2015-11-26,15시경,경상사고,남,71세,승용차,상해없음,남,79세,자전거,경상,차대차 - 추돌 - 주정차중,안전운전불이행,맑음,0,1
2015,대구광역시 남구4,대구광역시 남구 대명동(대명동홀마트 부근),2015-09-15,08시경,경상사고,남,12세,자전거,경상,남,77세,승용차,상해없음,차대차 - 기타,신호위반,맑음,0,1
2015,대구광역시 남구4,대구광역시 남구 대명동(대명동홀마트 부근),2015-09-07,14시경,경상사고,남,19세,자전거,상해없음,여,51세,보행자,경상,차대사람 - 기타,안전운전불이행,맑음,0,1
2015,대구광역시 남구4,대구광역시 남구 대명동(대명동홀마트 부근),2015-08-09,12시경,부상신고사고,남,47세,자전거,부상신고,남,58세,승합차,상해없음,차대차 - 측면직각충돌,중앙선침범,맑음,0,1
2015,대구광역시 남구4,대구광역시 남구 대명동(대명동홀마트 부근),2015-04-08,17시경,경상사고,남,78세,자전거,경상,남,54세,승용차,상해없음,차대차 - 기타,중앙선침범,맑음,0,1
2015,대구광역시 북구12,대구광역시 북구 고성동1가(유창필름(주) 부근),2015-09-25,08시경,경상사고,남,36세,승용차,상해없음,남,57세,자전거,경상,차대차 - 측면직각충돌,안전운전불이행,흐림,0,1
2015,대구광역시 북구12,대구광역시 북구 고성동1가(유창필름(주) 부근),2015-07-14,21시경,부상신고사고,남,52세,자전거,부상신고,남,68세,승용차,상해없음,차대차 - 기타,신호위반,맑음,0,1
2015,대구광역시 북구12,대구광역시 북구 고성동1가(유창필름(주) 부근),2015-08-24,09시경,경상사고,남,74세,자전거,경상,남,24세,이륜차,경상,차대차 - 측면직각충돌,신호위반,맑음,0,2
2015,대구광역시 북구12,대구광역시 북구 고성동1가(유창필름(주) 부근),2015-02-02,16시경,부상신고사고,남,75세,자전거,부상신고,남,50세,승합차,상해없음,차대차 - 추돌 - 주정차중,불법유턴,맑음,0,1
2015,대구광역시 북구12,대구광역시 북구 고성동1가(유창필름(주) 부근),2015-11-12,13시경,중상사고,남,60세,화물차,상해없음,남,69세,자전거,중상,차대차 - 측면직각충돌,신호위반,흐림,0,1
2015,대구광역시 북구4,대구광역시 북구 침산동(녹향구이 부근),2015-01-29,10시경,경상사고,남,27세,승용차,상해없음,여,53세,자전거,경상,차대차 - 측면직각충돌,안전운전불이행,맑음,0,1
2015,대구광역시 북구4,대구광역시 북구 침산동(녹향구이 부근),2015-02-08,14시경,중상사고,여,35세,승용차,상해없음,남,67세,자전거,중상,차대차 - 측면직각충돌,기타,맑음,0,1
2015,대구광역시 북구4,대구광역시 북구 침산동(녹향구이 부근),2015-09-29,11시경,부상신고사고,남,60세,자전거,부상신고,남,78세,승용차,상해없음,차대차 - 기타,안전운전불이행,맑음,0,1
2015,대구광역시 북구4,대구광역시 북구 침산동(녹향구이 부근),2015-10-07,05시경,부상신고사고,남,72세,자전거,부상신고,남,74세,화물차,상해없음,차대차 - 측면직각충돌,안전운전불이행,맑음,0,1
2015,대구광역시 북구4,대구광역시 북구 침산동(녹향구이 부근),2015-07-09,16시경,중상사고,남,81세,자전거,중상,여,26세,승용차,상해없음,차대차 - 측면직각충돌,신호위반,맑음,0,1
2015,대구광역시 북구4,대구광역시 북구 침산동(녹향구이 부근),2015-08-24,13시경,부상신고사고,여,45세,자전거,부상신고,남,39세,승용차,상해없음,차대차 - 측면직각충돌,안전운전불이행,맑음,0,1
2015,대구광역시 북구5,대구광역시 북구 침산동(백사벌네거리 부근),2015-02-14,08시경,경상사고,남,63세,승용차,상해없음,여,54세,자전거,경상,차대차 - 기타,기타,맑음,0,1
2015,대구광역시 북구5,대구광역시 북구 침산동(백사벌네거리 부근),2015-10-06,20시경,사망사고,여,33세,승용차,중상,남,22세,자전거,사망,차대차 - 추돌 - 진행중,안전운전불이행,맑음,1,1
2015,대구광역시 북구5,대구광역시 북구 침산동(백사벌네거리 부근),2015-05-14,06시경,중상사고,남,55세,자전거,중상,남,43세,화물차,상해없음,차대차 - 기타,안전운전불이행,맑음,0,1
2015,대구광역시 북구5,대구광역시 북구 침산동(백사벌네거리 부근),2015-08-15,08시경,부상신고사고,남,59세,자전거,부상신고,남,46세,승용차,상해없음,차대차 - 기타,안전운전불이행,맑음,0,1
2015,대구광역시 북구5,대구광역시 북구 침산동(백사벌네거리 부근),2015-09-30,08시경,경상사고,남,76세,자전거,경상,남,42세,승용차,상해없음,차대차 - 기타,중앙선침범,맑음,0,1
2015,대구광역시 북구10,대구광역시 북구 침산동(북침산네거리 부근),2015-02-18,15시경,중상사고,여,54세,승용차,상해없음,여,62세,자전거,중상,차대차 - 기타,안전운전불이행,맑음,0,1
2015,대구광역시 북구10,대구광역시 북구 침산동(북침산네거리 부근),2015-09-18,08시경,경상사고,남,10세,자전거,경상,여,31세,승용차,상해없음,차대차 - 측면직각충돌,안전운전불이행,맑음,0,1
2015,대구광역시 북구10,대구광역시 북구 침산동(북침산네거리 부근),2015-07-07,18시경,부상신고사고,남,53세,자전거,부상신고,남,54세,승용차,상해없음,차대차 - 기타,중앙선침범,비,0,1
2015,대구광역시 북구10,대구광역시 북구 침산동(북침산네거리 부근),2015-05-17,21시경,부상신고사고,여,51세,자전거,부상신고,남,31세,승용차,상해없음,차대차 - 기타,불법유턴,맑음,0,1
2015,대구광역시 북구10,대구광역시 북구 침산동(북침산네거리 부근),2015-06-22,16시경,중상사고,여,72세,자전거,중상,여,42세,승용차,상해없음,차대차 - 기타,안전운전불이행,맑음,0,1
2015,대구광역시 북구15,대구광역시 북구 침산동(팔공산송이암소갈비살 부근),2015-06-02,07시경,중상사고,여,60세,승용차,상해없음,남,65세,자전거,중상,차대차 - 기타,안전운전불이행,맑음,0,1
2015,대구광역시 북구15,대구광역시 북구 침산동(팔공산송이암소갈비살 부근),2015-04-06,08시경,중상사고,남,13세,자전거,중상,여,38세,승용차,상해없음,차대차 - 기타,안전운전불이행,비,0,1
2015,대구광역시 북구15,대구광역시 북구 침산동(팔공산송이암소갈비살 부근),2015-08-17,19시경,중상사고,남,58세,자전거,상해없음,여,80세,보행자,중상,차대사람 - 기타,안전운전불이행,맑음,0,1
2015,대구광역시 북구15,대구광역시 북구 침산동(팔공산송이암소갈비살 부근),2015-11-03,11시경,부상신고사고,여,43세,자전거,부상신고,여,41세,승용차,상해없음,차대차 - 측면직각충돌,중앙선침범,맑음,0,1
2015,대구광역시 북구1,대구광역시 북구 노원동3가(서대구농협 부근),2015-01-11,18시경,경상사고,기타불명,불명,불명,기타불명,여,62세,자전거,경상,차대차 - 기타,교차로운행방법위반,맑음,0,1
2015,대구광역시 북구1,대구광역시 북구 노원동3가(서대구농협 부근),2015-07-01,10시경,경상사고,남,31세,승용차,상해없음,여,45세,자전거,경상,차대차 - 측면직각충돌,안전운전불이행,맑음,0,1
2015,대구광역시 북구1,대구광역시 북구 노원동3가(서대구농협 부근),2015-01-23,21시경,중상사고,남,60세,승용차,상해없음,여,27세,자전거,중상,차대차 - 측면직각충돌,교차로운행방법위반,맑음,0,1
2015,대구광역시 북구1,대구광역시 북구 노원동3가(서대구농협 부근),2015-03-26,19시경,경상사고,남,61세,승용차,상해없음,여,70세,자전거,경상,차대차 - 기타,안전운전불이행,맑음,0,1
2015,대구광역시 북구1,대구광역시 북구 노원동3가(서대구농협 부근),2015-01-22,12시경,중상사고,여,41세,승용차,상해없음,남,20세,자전거,중상,차대차 - 측면직각충돌,교차로운행방법위반,맑음,0,1
2015,대구광역시 북구1,대구광역시 북구 노원동3가(서대구농협 부근),2015-11-02,05시경,부상신고사고,남,21세,자전거,부상신고,남,39세,원동기장치자전거,상해없음,차대차 - 기타,안전운전불이행,맑음,0,1
2015,대구광역시 북구1,대구광역시 북구 노원동3가(서대구농협 부근),2015-12-16,18시경,부상신고사고,남,72세,자전거,부상신고,남,65세,승용차,상해없음,차대차 - 기타,중앙선침범,맑음,0,1
2015,대구광역시 북구1,대구광역시 북구 노원동3가(서대구농협 부근),2015-01-04,13시경,중상사고,남,77세,자전거,중상,남,62세,승용차,상해없음,차대차 - 측면직각충돌,중앙선침범,맑음,0,1
2015,대구광역시 북구1,대구광역시 북구 노원동3가(서대구농협 부근),2015-11-10,06시경,부상신고사고,남,82세,자전거,부상신고,남,58세,승용차,상해없음,차대차 - 기타,불법유턴,맑음,0,1
2015,대구광역시 북구1,대구광역시 북구 노원동3가(서대구농협 부근),2015-07-21,19시경,부상신고사고,남,59세,화물차,상해없음,남,57세,자전거,부상신고,차대차 - 추돌 - 진행중,교차로운행방법위반,비,0,1
2015,대구광역시 북구3,대구광역시 북구 대현동(경대교동편 부근),2015-02-17,05시경,중상사고,남,48세,승용차,상해없음,남,68세,자전거,중상,차대차 - 측면직각충돌,안전운전불이행,맑음,0,1
2015,대구광역시 북구3,대구광역시 북구 대현동(경대교동편 부근),2015-02-04,21시경,경상사고,남,58세,승용차,상해없음,여,20세,자전거,경상,차대차 - 측면직각충돌,신호위반,맑음,0,1
2015,대구광역시 북구3,대구광역시 북구 대현동(경대교동편 부근),2015-05-20,16시경,경상사고,여,30세,승용차,상해없음,남,38세,자전거,경상,차대차 - 기타,교차로운행방법위반,맑음,0,1
2015,대구광역시 북구3,대구광역시 북구 대현동(경대교동편 부근),2015-05-24,22시경,경상사고,여,47세,승용차,상해없음,남,40세,자전거,경상,차대차 - 측면직각충돌,안전운전불이행,맑음,0,1
2015,대구광역시 북구3,대구광역시 북구 대현동(경대교동편 부근),2015-04-28,21시경,경상사고,여,48세,승용차,상해없음,여,23세,자전거,경상,차대차 - 측면직각충돌,안전운전불이행,맑음,0,1
2015,대구광역시 북구3,대구광역시 북구 대현동(경대교동편 부근),2015-10-07,08시경,부상신고사고,남,35세,자전거,부상신고,여,52세,승용차,상해없음,차대차 - 기타,안전운전불이행,맑음,0,1
2015,대구광역시 북구3,대구광역시 북구 대현동(경대교동편 부근),2015-11-15,19시경,중상사고,남,66세,자전거,중상,남,69세,승용차,상해없음,차대차 - 기타,중앙선침범,맑음,0,1
2015,대구광역시 북구11,대구광역시 북구 산격동(산격공산수원지 부근),2015-05-19,07시경,경상사고,기타불명,불명,불명,기타불명,남,14세,자전거,경상,차대차 - 기타,안전운전불이행,맑음,0,1
2015,대구광역시 북구11,대구광역시 북구 산격동(산격공산수원지 부근),2015-03-04,22시경,경상사고,기타불명,불명,불명,기타불명,남,25세,자전거,경상,차대차 - 기타,신호위반,맑음,0,1
2015,대구광역시 북구11,대구광역시 북구 산격동(산격공산수원지 부근),2015-06-19,07시경,중상사고,남,63세,자전거,중상,여,44세,승용차,상해없음,차대차 - 기타,안전운전불이행,맑음,0,1
2015,대구광역시 북구11,대구광역시 북구 산격동(산격공산수원지 부근),2015-02-25,08시경,경상사고,남,79세,자전거,경상,여,45세,승용차,상해없음,차대차 - 기타,중앙선침범,맑음,0,1
2015,대구광역시 북구11,대구광역시 북구 산격동(산격공산수원지 부근),2015-04-17,08시경,경상사고,여,48세,자전거,상해없음,여,58세,보행자,경상,차대사람 - 보도통행중,기타,맑음,0,1
2015,대구광역시 북구14,대구광역시 북구 산격동(경북도청네거리 부근),2015-07-04,15시경,중상사고,남,56세,자전거,중상,없음,불명,없음,없음,차량단독 - 기타,안전운전불이행,맑음,0,1
2015,대구광역시 북구14,대구광역시 북구 산격동(경북도청네거리 부근),2015-04-26,22시경,중상사고,여,23세,자전거,상해없음,남,75세,자전거,중상,차대차 - 정면충돌,안전운전불이행,맑음,0,1
2015,대구광역시 북구14,대구광역시 북구 산격동(경북도청네거리 부근),2015-08-05,18시경,중상사고,여,57세,자전거,중상,남,45세,승용차,상해없음,차대차 - 측면직각충돌,안전운전불이행,맑음,0,1
2015,대구광역시 북구14,대구광역시 북구 산격동(경북도청네거리 부근),2015-09-03,00시경,경상사고,남,58세,화물차,상해없음,여,25세,자전거,경상,차대차 - 추돌 - 주정차중,안전거리미확보,맑음,0,1
2015,대구광역시 북구17,대구광역시 북구 산격동(동진샷시판넬 부근),2015-03-03,15시경,경상사고,남,71세,승용차,상해없음,남,77세,자전거,경상,차대차 - 기타,안전운전불이행,맑음,0,1
2015,대구광역시 북구17,대구광역시 북구 산격동(동진샷시판넬 부근),2015-02-23,15시경,경상사고,여,52세,승용차,상해없음,남,67세,자전거,경상,차대차 - 기타,안전운전불이행,맑음,0,1
2015,대구광역시 북구17,대구광역시 북구 산격동(동진샷시판넬 부근),2015-10-23,14시경,경상사고,남,58세,자전거,상해없음,남,40세,승합차,상해없음,차대차 - 기타,안전운전불이행,맑음,0,1
2015,대구광역시 북구17,대구광역시 북구 산격동(동진샷시판넬 부근),2015-10-15,13시경,중상사고,남,82세,자전거,중상,남,27세,승용차,상해없음,차대차 - 기타,불법유턴,맑음,0,1
2015,대구광역시 북구6,대구광역시 북구 복현동(북대구농협신복현지소 부근),2015-11-10,17시경,사망사고,남,54세,건설기계,상해없음,남,35세,자전거,사망,차대차 - 기타,안전거리미확보,맑음,1,0
2015,대구광역시 북구6,대구광역시 북구 복현동(북대구농협신복현지소 부근),2015-11-30,06시경,경상사고,남,65세,승용차,상해없음,남,78세,자전거,경상,차대차 - 측면직각충돌,안전운전불이행,맑음,0,1
2015,대구광역시 북구6,대구광역시 북구 복현동(북대구농협신복현지소 부근),2015-12-21,15시경,경상사고,여,40세,승용차,상해없음,남,72세,자전거,경상,차대차 - 정면충돌,안전운전불이행,맑음,0,1
2015,대구광역시 북구6,대구광역시 북구 복현동(북대구농협신복현지소 부근),2015-02-12,18시경,중상사고,여,43세,승용차,상해없음,여,58세,자전거,중상,차대차 - 측면직각충돌,안전운전불이행,맑음,0,1
2015,대구광역시 북구6,대구광역시 북구 복현동(북대구농협신복현지소 부근),2015-01-30,17시경,중상사고,남,75세,자전거,상해없음,여,80세,보행자,중상,차대사람 - 보도통행중,안전운전불이행,맑음,0,1
2015,대구광역시 북구18,대구광역시 북구 읍내동(읍내삼거리 부근),2015-08-17,15시경,경상사고,기타불명,20세,불명,기타불명,남,10세,자전거,경상,차대차 - 측면직각충돌,안전운전불이행,맑음,0,1
2015,대구광역시 북구18,대구광역시 북구 읍내동(읍내삼거리 부근),2015-10-16,15시경,부상신고사고,여,36세,승용차,상해없음,남,13세,자전거,부상신고,차대차 - 측면직각충돌,안전운전불이행,맑음,0,1
2015,대구광역시 북구18,대구광역시 북구 읍내동(읍내삼거리 부근),2015-08-14,16시경,경상사고,남,67세,승합차,상해없음,남,13세,자전거,경상,차대차 - 측면직각충돌,안전운전불이행,맑음,0,1
2015,대구광역시 북구18,대구광역시 북구 읍내동(읍내삼거리 부근),2015-09-07,20시경,경상사고,남,60세,화물차,상해없음,기타불명,불명,자전거,기타불명,차대차 - 기타,불법유턴,맑음,0,1
2015,대구광역시 북구2,대구광역시 북구 구암동(동천교 부근),2015-10-20,11시경,중상사고,여,40세,승용차,상해없음,여,71세,자전거,중상,차대차 - 기타,안전운전불이행,맑음,0,1
2015,대구광역시 북구2,대구광역시 북구 구암동(동천교 부근),2015-06-17,07시경,중상사고,남,15세,자전거,중상,남,52세,승용차,상해없음,차대차 - 측면직각충돌,중앙선침범,맑음,0,1
2015,대구광역시 북구2,대구광역시 북구 구암동(동천교 부근),2015-02-28,11시경,중상사고,남,15세,자전거,중상,남,19세,이륜차,경상,차대차 - 추돌 - 진행중,신호위반,맑음,0,2
2015,대구광역시 북구2,대구광역시 북구 구암동(동천교 부근),2015-06-25,14시경,중상사고,남,53세,자전거,중상,여,54세,승용차,상해없음,차대차 - 추돌 - 진행중,안전운전불이행,흐림,0,1
2015,대구광역시 북구2,대구광역시 북구 구암동(동천교 부근),2015-04-17,19시경,경상사고,남,55세,자전거,부상신고,남,41세,이륜차,경상,차대차 - 측면직각충돌,차로위반,맑음,0,2
2015,대구광역시 북구2,대구광역시 북구 구암동(동천교 부근),2015-03-16,14시경,경상사고,여,70세,자전거,경상,남,39세,승용차,상해없음,차대차 - 추돌 - 진행중,안전운전불이행,맑음,0,1
2015,대구광역시 북구2,대구광역시 북구 구암동(동천교 부근),2015-12-25,14시경,중상사고,남,69세,화물차,상해없음,남,84세,자전거,중상,차대차 - 측면직각충돌,안전운전불이행,맑음,0,1
2015,대구광역시 북구9,대구광역시 북구 동천동(로즈마리병원 부근),2015-12-06,12시경,경상사고,남,61세,승용차,상해없음,남,61세,자전거,경상,차대차 - 정면충돌,안전운전불이행,맑음,0,1
2015,대구광역시 북구9,대구광역시 북구 동천동(로즈마리병원 부근),2015-04-10,20시경,경상사고,여,23세,승용차,상해없음,남,25세,자전거,경상,차대차 - 측면직각충돌,안전운전불이행,맑음,0,1
2015,대구광역시 북구9,대구광역시 북구 동천동(로즈마리병원 부근),2015-06-09,07시경,중상사고,여,41세,승용차,상해없음,남,17세,자전거,중상,차대차 - 측면직각충돌,안전운전불이행,맑음,0,1
2015,대구광역시 북구9,대구광역시 북구 동천동(로즈마리병원 부근),2015-02-05,18시경,경상사고,여,48세,승용차,상해없음,여,59세,자전거,경상,차대차 - 추돌 - 진행중,안전운전불이행,맑음,0,1
2015,대구광역시 북구9,대구광역시 북구 동천동(로즈마리병원 부근),2015-04-10,19시경,중상사고,남,14세,자전거,중상,여,46세,승용차,상해없음,차대차 - 정면충돌,중앙선침범,맑음,0,1
2015,대구광역시 북구13,대구광역시 북구 동천동(칠곡영남2차아파트 부근),2015-08-11,07시경,경상사고,남,26세,승용차,상해없음,남,16세,자전거,경상,차대차 - 측면직각충돌,신호위반,맑음,0,1
2015,대구광역시 북구13,대구광역시 북구 동천동(칠곡영남2차아파트 부근),2015-04-10,07시경,경상사고,남,40세,승용차,상해없음,남,15세,자전거,경상,차대차 - 측면직각충돌,안전운전불이행,맑음,0,1
2015,대구광역시 북구13,대구광역시 북구 동천동(칠곡영남2차아파트 부근),2015-08-23,18시경,경상사고,남,52세,승용차,상해없음,남,14세,자전거,경상,차대차 - 측면직각충돌,교차로운행방법위반,맑음,0,1
2015,대구광역시 북구13,대구광역시 북구 동천동(칠곡영남2차아파트 부근),2015-01-29,12시경,경상사고,여,44세,승용차,상해없음,남,62세,자전거,경상,차대차 - 측면직각충돌,기타,흐림,0,1
2015,대구광역시 북구13,대구광역시 북구 동천동(칠곡영남2차아파트 부근),2015-11-17,10시경,부상신고사고,여,76세,자전거,상해없음,남,18세,보행자,부상신고,차대사람 - 보도통행중,안전운전불이행,흐림,0,1
2015,대구광역시 북구7,대구광역시 북구 태전동(칠곡SK텔레콤 부근),2015-08-05,17시경,경상사고,남,19세,원동기장치자전거,상해없음,남,64세,자전거,경상,차대차 - 측면직각충돌,신호위반,맑음,0,1
2015,대구광역시 북구7,대구광역시 북구 태전동(칠곡SK텔레콤 부근),2015-06-25,07시경,중상사고,남,16세,자전거,중상,여,22세,보행자,중상,차대사람 - 횡단중,신호위반,맑음,0,2