사고년도,다발시군구,지점명,사고일시,사고시간대,사고등급,가해자성별,가해자연령,가해차종,가해자신체상해정도,피해자성별,피해자연령,피해차종,피해자신체상해정도,사고유형,가해자법규위반,기상상태,사망자수,부상자수
2015,대구광역시 북구7,대구광역시 북구 태전동(칠곡SK텔레콤 부근),2015-05-28,15시경,부상신고사고,남,25세,자전거,부상신고,남,70세,자전거,상해없음,차대차 - 측면직각충돌,안전운전불이행,맑음,0,1
2015,대구광역시 북구7,대구광역시 북구 태전동(칠곡SK텔레콤 부근),2015-05-29,07시경,경상사고,남,59세,자전거,경상,여,54세,승용차,상해없음,차대차 - 측면직각충돌,안전운전불이행,맑음,0,1
2015,대구광역시 북구7,대구광역시 북구 태전동(칠곡SK텔레콤 부근),2015-01-20,05시경,중상사고,남,61세,자전거,중상,남,68세,승용차,상해없음,차대차 - 추돌 - 진행중,불법유턴,맑음,0,1
2015,대구광역시 북구8,대구광역시 북구 태전동(태암교 부근),2015-01-07,12시경,중상사고,남,37세,승용차,상해없음,남,74세,자전거,중상,차대차 - 측면직각충돌,안전운전불이행,맑음,0,1
2015,대구광역시 북구8,대구광역시 북구 태전동(태암교 부근),2015-09-02,08시경,경상사고,남,45세,승용차,상해없음,남,24세,자전거,경상,차대차 - 측면직각충돌,안전운전불이행,흐림,0,1
2015,대구광역시 북구8,대구광역시 북구 태전동(태암교 부근),2015-10-24,18시경,경상사고,여,48세,승용차,상해없음,남,10세,자전거,경상,차대차 - 측면직각충돌,안전운전불이행,맑음,0,1
2015,대구광역시 북구8,대구광역시 북구 태전동(태암교 부근),2015-09-14,17시경,중상사고,남,65세,승합차,상해없음,남,10세,자전거,중상,차대차 - 측면직각충돌,안전운전불이행,맑음,0,1
2015,대구광역시 북구8,대구광역시 북구 태전동(태암교 부근),2015-06-24,19시경,경상사고,남,58세,자전거,경상,여,44세,승용차,상해없음,차대차 - 측면직각충돌,불법유턴,맑음,0,1
2015,대구광역시 북구16,대구광역시 북구 태전동(대구병원A 부근),2015-04-29,01시경,중상사고,남,23세,승용차,상해없음,남,22세,자전거,중상,차대차 - 측면직각충돌,신호위반,맑음,0,1
2015,대구광역시 북구16,대구광역시 북구 태전동(대구병원A 부근),2015-04-11,18시경,부상신고사고,남,67세,승용차,상해없음,남,10세,자전거,부상신고,차대차 - 측면직각충돌,안전운전불이행,맑음,0,1
2015,대구광역시 북구16,대구광역시 북구 태전동(대구병원A 부근),2015-04-15,08시경,경상사고,여,30세,승용차,상해없음,남,40세,자전거,경상,차대차 - 측면직각충돌,안전운전불이행,맑음,0,1
2015,대구광역시 북구16,대구광역시 북구 태전동(대구병원A 부근),2015-08-27,09시경,중상사고,여,55세,자전거,중상,남,25세,승용차,상해없음,차대차 - 측면직각충돌,안전운전불이행,맑음,0,1
2015,대구광역시 수성구2,대구광역시 수성구 범어동(범어네거리 부근),2015-08-03,19시경,중상사고,남,24세,승용차,상해없음,남,60세,자전거,중상,차대차 - 기타,안전운전불이행,맑음,0,1
2015,대구광역시 수성구2,대구광역시 수성구 범어동(범어네거리 부근),2015-06-28,03시경,경상사고,남,25세,승용차,상해없음,남,22세,자전거,경상,차대차 - 기타,안전운전불이행,맑음,0,1
2015,대구광역시 수성구2,대구광역시 수성구 범어동(범어네거리 부근),2015-09-29,21시경,중상사고,남,53세,승용차,상해없음,남,27세,자전거,중상,차대차 - 측면직각충돌,안전운전불이행,맑음,0,1
2015,대구광역시 수성구2,대구광역시 수성구 범어동(범어네거리 부근),2015-01-09,10시경,중상사고,남,59세,승용차,상해없음,여,27세,자전거,중상,차대차 - 기타,기타,맑음,0,1
2015,대구광역시 수성구2,대구광역시 수성구 범어동(범어네거리 부근),2015-09-30,20시경,경상사고,남,63세,승용차,상해없음,남,13세,자전거,경상,차대차 - 추돌 - 주정차중,안전운전불이행,흐림,0,1
2015,대구광역시 수성구2,대구광역시 수성구 범어동(범어네거리 부근),2015-05-04,12시경,중상사고,남,67세,승용차,상해없음,남,79세,자전거,중상,차대차 - 측면직각충돌,안전운전불이행,맑음,0,1
2015,대구광역시 수성구2,대구광역시 수성구 범어동(범어네거리 부근),2015-04-07,01시경,부상신고사고,남,24세,자전거,부상신고,남,54세,승용차,상해없음,차대차 - 측면직각충돌,신호위반,맑음,0,1
2015,대구광역시 수성구2,대구광역시 수성구 범어동(범어네거리 부근),2015-03-09,11시경,중상사고,남,59세,화물차,상해없음,남,75세,자전거,중상,차대차 - 기타,안전운전불이행,맑음,0,1
2015,대구광역시 수성구8,대구광역시 수성구 범어동(신일 해피트리전시관 부근),2015-09-26,16시경,경상사고,남,35세,승용차,상해없음,여,28세,자전거,경상,차대차 - 추돌 - 주정차중,기타,맑음,0,1
2015,대구광역시 수성구8,대구광역시 수성구 범어동(신일 해피트리전시관 부근),2015-04-20,10시경,경상사고,남,55세,승용차,상해없음,남,82세,자전거,경상,차대차 - 측면직각충돌,교차로운행방법위반,비,0,1
2015,대구광역시 수성구8,대구광역시 수성구 범어동(신일 해피트리전시관 부근),2015-07-11,10시경,경상사고,남,48세,승합차,상해없음,남,87세,자전거,경상,차대차 - 기타,안전운전불이행,맑음,0,1
2015,대구광역시 수성구8,대구광역시 수성구 범어동(신일 해피트리전시관 부근),2015-06-24,16시경,중상사고,기타불명,불명,원동기장치자전거,기타불명,남,10세,자전거,중상,차대차 - 측면직각충돌,안전운전불이행,맑음,0,1
2015,대구광역시 수성구8,대구광역시 수성구 범어동(신일 해피트리전시관 부근),2015-01-01,15시경,중상사고,남,52세,자전거,중상,남,13세,보행자,상해없음,차대사람 - 보도통행중,안전운전불이행,맑음,0,1
2015,대구광역시 수성구11,대구광역시 수성구 범어동(신천시장네거리 부근),2015-05-29,13시경,중상사고,남,36세,승용차,상해없음,남,59세,자전거,중상,차대차 - 측면직각충돌,안전운전불이행,맑음,0,1
2015,대구광역시 수성구11,대구광역시 수성구 범어동(신천시장네거리 부근),2015-04-27,17시경,중상사고,여,30세,승용차,상해없음,남,64세,자전거,중상,차대차 - 측면직각충돌,안전운전불이행,맑음,0,1
2015,대구광역시 수성구11,대구광역시 수성구 범어동(신천시장네거리 부근),2015-10-21,07시경,중상사고,남,18세,자전거,기타불명,남,46세,승합차,상해없음,차대차 - 기타,안전운전불이행,맑음,0,1
2015,대구광역시 수성구11,대구광역시 수성구 범어동(신천시장네거리 부근),2015-06-08,16시경,경상사고,남,79세,자전거,경상,남,31세,화물차,상해없음,차대차 - 기타,안전운전불이행,맑음,0,1
2015,대구광역시 수성구6,대구광역시 수성구 만촌동(경신고등학교입구B 부근),2015-09-13,21시경,중상사고,남,46세,승용차,상해없음,남,38세,자전거,중상,차대차 - 측면직각충돌,기타,맑음,0,1
2015,대구광역시 수성구6,대구광역시 수성구 만촌동(경신고등학교입구B 부근),2015-07-22,18시경,경상사고,남,51세,승용차,상해없음,남,16세,자전거,경상,차대차 - 측면직각충돌,안전운전불이행,맑음,0,1
2015,대구광역시 수성구6,대구광역시 수성구 만촌동(경신고등학교입구B 부근),2015-06-22,22시경,경상사고,남,51세,승용차,상해없음,남,22세,자전거,경상,차대차 - 측면직각충돌,안전운전불이행,맑음,0,1
2015,대구광역시 수성구6,대구광역시 수성구 만촌동(경신고등학교입구B 부근),2015-10-08,10시경,중상사고,여,42세,승용차,상해없음,남,24세,자전거,중상,차대차 - 추돌 - 진행중,안전운전불이행,맑음,0,1
2015,대구광역시 수성구6,대구광역시 수성구 만촌동(경신고등학교입구B 부근),2015-03-28,12시경,경상사고,여,43세,승용차,상해없음,남,75세,자전거,경상,차대차 - 측면직각충돌,안전운전불이행,맑음,0,1
2015,대구광역시 수성구7,대구광역시 수성구 만촌동(동대구앨피지 부근),2015-01-07,09시경,경상사고,남,52세,승용차,상해없음,여,46세,자전거,경상,차대차 - 추돌 - 진행중,안전운전불이행,맑음,0,1
2015,대구광역시 수성구7,대구광역시 수성구 만촌동(동대구앨피지 부근),2015-01-19,11시경,경상사고,남,69세,승용차,상해없음,남,52세,자전거,경상,차대차 - 측면직각충돌,안전운전불이행,맑음,0,1
2015,대구광역시 수성구7,대구광역시 수성구 만촌동(동대구앨피지 부근),2015-01-17,22시경,경상사고,여,33세,승용차,상해없음,여,62세,자전거,경상,차대차 - 추돌 - 진행중,안전거리미확보,맑음,0,1
2015,대구광역시 수성구7,대구광역시 수성구 만촌동(동대구앨피지 부근),2015-06-01,20시경,중상사고,여,34세,승용차,상해없음,남,76세,자전거,중상,차대차 - 측면직각충돌,안전운전불이행,흐림,0,1
2015,대구광역시 수성구7,대구광역시 수성구 만촌동(동대구앨피지 부근),2015-09-05,01시경,중상사고,남,31세,자전거,중상,없음,불명,없음,없음,차량단독 - 기타,안전운전불이행,맑음,0,1
2015,대구광역시 수성구9,대구광역시 수성구 만촌동(세기철강(주) 부근),2015-07-06,07시경,경상사고,남,30세,승용차,상해없음,남,15세,자전거,경상,차대차 - 측면직각충돌,안전운전불이행,맑음,0,1
2015,대구광역시 수성구9,대구광역시 수성구 만촌동(세기철강(주) 부근),2015-07-29,16시경,경상사고,남,48세,승용차,상해없음,남,29세,자전거,경상,차대차 - 측면직각충돌,안전거리미확보,맑음,0,1
2015,대구광역시 수성구9,대구광역시 수성구 만촌동(세기철강(주) 부근),2015-07-30,17시경,경상사고,남,58세,승용차,상해없음,남,24세,자전거,경상,차대차 - 측면직각충돌,안전운전불이행,맑음,0,1
2015,대구광역시 수성구9,대구광역시 수성구 만촌동(세기철강(주) 부근),2015-12-11,16시경,중상사고,여,50세,승용차,상해없음,남,11세,자전거,중상,차대차 - 정면충돌,안전운전불이행,맑음,0,1
2015,대구광역시 수성구9,대구광역시 수성구 만촌동(세기철강(주) 부근),2015-10-14,17시경,경상사고,남,42세,승합차,상해없음,남,43세,자전거,경상,차대차 - 측면직각충돌,안전운전불이행,맑음,0,1
2015,대구광역시 수성구1,대구광역시 수성구 수성동4가(대구은행네거리 부근),2015-03-02,10시경,경상사고,기타불명,불명,승용차,기타불명,남,70세,자전거,경상,차대차 - 측면직각충돌,안전운전불이행,맑음,0,1
2015,대구광역시 수성구1,대구광역시 수성구 수성동4가(대구은행네거리 부근),2015-09-03,23시경,경상사고,남,39세,승용차,상해없음,남,17세,자전거,경상,차대차 - 측면직각충돌,안전운전불이행,맑음,0,1
2015,대구광역시 수성구1,대구광역시 수성구 수성동4가(대구은행네거리 부근),2015-07-06,07시경,경상사고,남,43세,승용차,상해없음,여,41세,자전거,경상,차대차 - 기타,안전운전불이행,맑음,0,1
2015,대구광역시 수성구1,대구광역시 수성구 수성동4가(대구은행네거리 부근),2015-09-16,20시경,경상사고,여,58세,승용차,상해없음,남,18세,자전거,경상,차대차 - 기타,기타,맑음,0,1
2015,대구광역시 수성구1,대구광역시 수성구 수성동4가(대구은행네거리 부근),2015-09-18,14시경,경상사고,남,32세,승합차,상해없음,여,46세,자전거,경상,차대차 - 기타,안전운전불이행,맑음,0,1
2015,대구광역시 수성구1,대구광역시 수성구 수성동4가(대구은행네거리 부근),2015-01-22,08시경,경상사고,남,51세,승합차,상해없음,여,62세,자전거,경상,차대차 - 기타,안전운전불이행,비,0,1
2015,대구광역시 수성구1,대구광역시 수성구 수성동4가(대구은행네거리 부근),2015-07-05,03시경,경상사고,여,57세,승합차,상해없음,남,17세,자전거,경상,차대차 - 측면직각충돌,안전운전불이행,맑음,0,1
2015,대구광역시 수성구1,대구광역시 수성구 수성동4가(대구은행네거리 부근),2015-11-27,08시경,부상신고사고,남,67세,자전거,부상신고,남,65세,승용차,상해없음,차대차 - 측면직각충돌,신호위반,맑음,0,1
2015,대구광역시 수성구1,대구광역시 수성구 수성동4가(대구은행네거리 부근),2015-06-06,12시경,경상사고,남,22세,화물차,상해없음,남,15세,자전거,경상,차대차 - 측면직각충돌,안전운전불이행,맑음,0,1
2015,대구광역시 수성구3,대구광역시 수성구 황금동(노인종합복지회관입구 부근),2015-12-27,17시경,부상신고사고,기타불명,불명,불명,기타불명,남,13세,자전거,부상신고,차대차 - 기타,안전운전불이행,맑음,0,1
2015,대구광역시 수성구3,대구광역시 수성구 황금동(노인종합복지회관입구 부근),2015-09-30,13시경,중상사고,남,20세,이륜차,중상,남,11세,자전거,중상,차대차 - 측면직각충돌,신호위반,맑음,0,2
2015,대구광역시 수성구3,대구광역시 수성구 황금동(노인종합복지회관입구 부근),2015-12-14,20시경,경상사고,남,25세,이륜차,상해없음,남,14세,자전거,경상,차대차 - 측면직각충돌,신호위반,비,0,1
2015,대구광역시 수성구3,대구광역시 수성구 황금동(노인종합복지회관입구 부근),2015-05-30,22시경,중상사고,남,11세,자전거,중상,남,60세,승용차,상해없음,차대차 - 측면직각충돌,안전운전불이행,맑음,0,1
2015,대구광역시 수성구3,대구광역시 수성구 황금동(노인종합복지회관입구 부근),2015-09-11,21시경,중상사고,남,14세,자전거,중상,여,45세,승용차,상해없음,차대차 - 측면직각충돌,불법유턴,맑음,0,1
2015,대구광역시 수성구3,대구광역시 수성구 황금동(노인종합복지회관입구 부근),2015-12-31,16시경,중상사고,남,14세,자전거,중상,여,60세,승용차,상해없음,차대차 - 정면충돌,안전거리미확보,맑음,0,1
2015,대구광역시 수성구3,대구광역시 수성구 황금동(노인종합복지회관입구 부근),2015-06-15,08시경,경상사고,남,54세,화물차,상해없음,남,75세,자전거,경상,차대차 - 측면직각충돌,신호위반,맑음,0,1
2015,대구광역시 수성구10,대구광역시 수성구 황금동(들안길네거리 부근),2015-08-08,12시경,중상사고,남,48세,건설기계,기타불명,여,71세,자전거,중상,차대차 - 기타,안전운전불이행,맑음,0,1
2015,대구광역시 수성구10,대구광역시 수성구 황금동(들안길네거리 부근),2015-06-18,22시경,경상사고,남,44세,승용차,상해없음,여,43세,자전거,경상,차대차 - 측면직각충돌,안전운전불이행,맑음,0,1
2015,대구광역시 수성구10,대구광역시 수성구 황금동(들안길네거리 부근),2015-08-13,14시경,경상사고,여,40세,승용차,상해없음,남,56세,자전거,경상,차대차 - 기타,안전운전불이행,맑음,0,1
2015,대구광역시 수성구10,대구광역시 수성구 황금동(들안길네거리 부근),2015-07-11,12시경,경상사고,남,38세,이륜차,상해없음,남,16세,자전거,경상,차대차 - 기타,교차로운행방법위반,맑음,0,1
2015,대구광역시 수성구10,대구광역시 수성구 황금동(들안길네거리 부근),2015-10-26,14시경,경상사고,남,45세,화물차,상해없음,여,73세,자전거,경상,차대차 - 측면직각충돌,안전운전불이행,맑음,0,1
2015,대구광역시 수성구12,대구광역시 수성구 황금동(가든독서실 부근),2015-09-14,22시경,경상사고,여,48세,승용차,상해없음,남,16세,자전거,경상,차대차 - 측면직각충돌,안전운전불이행,맑음,0,1
2015,대구광역시 수성구12,대구광역시 수성구 황금동(가든독서실 부근),2015-10-13,20시경,중상사고,여,52세,승용차,상해없음,남,15세,자전거,중상,차대차 - 기타,안전운전불이행,맑음,0,1
2015,대구광역시 수성구12,대구광역시 수성구 황금동(가든독서실 부근),2015-05-22,17시경,중상사고,여,56세,승용차,기타불명,여,15세,자전거,중상,차대차 - 측면직각충돌,안전운전불이행,맑음,0,2
2015,대구광역시 수성구12,대구광역시 수성구 황금동(가든독서실 부근),2015-06-13,11시경,경상사고,여,58세,승용차,상해없음,남,13세,자전거,경상,차대차 - 기타,교차로운행방법위반,맑음,0,1
2015,대구광역시 수성구14,대구광역시 수성구 중동(영암빌딩 부근),2015-06-25,00시경,경상사고,남,33세,승용차,상해없음,남,20세,자전거,경상,차대차 - 기타,기타,맑음,0,1
2015,대구광역시 수성구14,대구광역시 수성구 중동(영암빌딩 부근),2015-08-06,08시경,경상사고,여,42세,승용차,상해없음,여,47세,자전거,경상,차대차 - 기타,안전운전불이행,맑음,0,1
2015,대구광역시 수성구14,대구광역시 수성구 중동(영암빌딩 부근),2015-12-29,14시경,경상사고,남,83세,자전거,상해없음,여,70세,보행자,경상,차대사람 - 횡단중,보행자보호의무위반,맑음,0,1
2015,대구광역시 수성구14,대구광역시 수성구 중동(영암빌딩 부근),2015-06-08,10시경,중상사고,남,50세,화물차,상해없음,여,66세,자전거,중상,차대차 - 측면직각충돌,안전운전불이행,맑음,0,1
2015,대구광역시 수성구13,대구광역시 수성구 두산동(두산오거리 부근),2015-11-11,06시경,중상사고,기타불명,불명,불명,기타불명,남,79세,자전거,중상,차대차 - 측면직각충돌,신호위반,맑음,0,1
2015,대구광역시 수성구13,대구광역시 수성구 두산동(두산오거리 부근),2015-07-14,22시경,경상사고,남,63세,승용차,상해없음,여,21세,자전거,경상,차대차 - 기타,안전운전불이행,맑음,0,1
2015,대구광역시 수성구13,대구광역시 수성구 두산동(두산오거리 부근),2015-06-26,02시경,중상사고,남,22세,자전거,중상,남,43세,승용차,상해없음,차대차 - 기타,불법유턴,비,0,1
2015,대구광역시 수성구13,대구광역시 수성구 두산동(두산오거리 부근),2015-08-02,14시경,경상사고,남,73세,자전거,상해없음,남,48세,보행자,경상,차대사람 - 기타,안전운전불이행,맑음,0,1
2015,대구광역시 수성구4,대구광역시 수성구 시지동(경북아파트 부근),2015-05-29,14시경,중상사고,남,64세,승용차,상해없음,여,53세,자전거,중상,차대차 - 측면직각충돌,안전운전불이행,맑음,0,1
2015,대구광역시 수성구4,대구광역시 수성구 시지동(경북아파트 부근),2015-09-18,18시경,경상사고,여,40세,승용차,상해없음,남,56세,자전거,경상,차대차 - 기타,기타,맑음,0,2
2015,대구광역시 수성구4,대구광역시 수성구 시지동(경북아파트 부근),2015-10-16,08시경,중상사고,여,49세,승용차,상해없음,여,23세,자전거,중상,차대차 - 측면직각충돌,안전운전불이행,맑음,0,1
2015,대구광역시 수성구4,대구광역시 수성구 시지동(경북아파트 부근),2015-09-17,19시경,중상사고,남,33세,이륜차,상해없음,남,69세,자전거,중상,차대차 - 측면직각충돌,안전운전불이행,비,0,1
2015,대구광역시 수성구4,대구광역시 수성구 시지동(경북아파트 부근),2015-05-08,09시경,중상사고,남,58세,자전거,상해없음,남,59세,승합차,상해없음,차대차 - 기타,안전운전불이행,맑음,0,1
2015,대구광역시 수성구4,대구광역시 수성구 시지동(경북아파트 부근),2015-11-04,09시경,사망사고,남,89세,자전거,사망,여,67세,승용차,상해없음,차대차 - 측면직각충돌,신호위반,맑음,1,0
2015,대구광역시 수성구5,대구광역시 수성구 신매동(매호네거리 부근),2015-06-18,15시경,경상사고,남,39세,승용차,상해없음,남,10세,자전거,경상,차대차 - 측면직각충돌,안전운전불이행,맑음,0,1
2015,대구광역시 수성구5,대구광역시 수성구 신매동(매호네거리 부근),2015-04-07,09시경,경상사고,남,61세,승용차,기타불명,남,21세,자전거,경상,차대차 - 측면직각충돌,안전운전불이행,맑음,0,1
2015,대구광역시 수성구5,대구광역시 수성구 신매동(매호네거리 부근),2015-12-04,11시경,부상신고사고,여,37세,승용차,상해없음,여,79세,자전거,부상신고,차대차 - 정면충돌,안전운전불이행,맑음,0,1
2015,대구광역시 수성구5,대구광역시 수성구 신매동(매호네거리 부근),2015-05-31,00시경,중상사고,여,45세,승용차,상해없음,여,53세,자전거,중상,차대차 - 기타,신호위반,맑음,0,1
2015,대구광역시 수성구5,대구광역시 수성구 신매동(매호네거리 부근),2015-07-17,08시경,부상신고사고,남,14세,자전거,부상신고,여,44세,승용차,상해없음,차대차 - 기타,안전운전불이행,맑음,0,1
2015,대구광역시 수성구5,대구광역시 수성구 신매동(매호네거리 부근),2015-02-03,19시경,중상사고,남,38세,화물차,상해없음,남,72세,자전거,중상,차대차 - 측면직각충돌,안전운전불이행,맑음,0,1
2015,대구광역시 달서구5,대구광역시 달서구 두류동(두류네거리 부근),2015-04-14,21시경,경상사고,남,54세,승용차,상해없음,남,19세,자전거,경상,차대차 - 기타,안전운전불이행,맑음,0,1
2015,대구광역시 달서구5,대구광역시 달서구 두류동(두류네거리 부근),2015-01-11,14시경,중상사고,남,55세,승용차,상해없음,남,78세,자전거,중상,차대차 - 측면직각충돌,안전운전불이행,맑음,0,1
2015,대구광역시 달서구5,대구광역시 달서구 두류동(두류네거리 부근),2015-06-28,10시경,사망사고,남,57세,승용차,상해없음,남,82세,자전거,사망,차대차 - 측면직각충돌,안전운전불이행,흐림,1,0
2015,대구광역시 달서구5,대구광역시 달서구 두류동(두류네거리 부근),2015-11-18,21시경,경상사고,남,57세,승용차,상해없음,여,64세,자전거,경상,차대차 - 측면직각충돌,안전운전불이행,맑음,0,1
2015,대구광역시 달서구5,대구광역시 달서구 두류동(두류네거리 부근),2015-03-13,17시경,중상사고,여,50세,승용차,상해없음,남,55세,자전거,중상,차대차 - 추돌 - 진행중,안전운전불이행,맑음,0,1
2015,대구광역시 달서구5,대구광역시 달서구 두류동(두류네거리 부근),2015-05-02,12시경,경상사고,남,56세,자전거,경상,남,37세,승용차,상해없음,차대차 - 추돌 - 주정차중,안전운전불이행,맑음,0,1
2015,대구광역시 달서구5,대구광역시 달서구 두류동(두류네거리 부근),2015-04-14,17시경,부상신고사고,남,8세,자전거,부상신고,남,59세,승용차,상해없음,차대차 - 측면직각충돌,중앙선침범,맑음,0,1
2015,대구광역시 달서구6,대구광역시 달서구 두류동(고몽수학입시학원 부근),2015-08-15,20시경,경상사고,남,49세,승용차,상해없음,남,16세,자전거,경상,차대차 - 기타,안전운전불이행,맑음,0,1
2015,대구광역시 달서구6,대구광역시 달서구 두류동(고몽수학입시학원 부근),2015-11-06,18시경,중상사고,남,49세,승용차,상해없음,남,22세,자전거,중상,차대차 - 기타,기타,맑음,0,1
2015,대구광역시 달서구6,대구광역시 달서구 두류동(고몽수학입시학원 부근),2015-06-14,17시경,중상사고,남,57세,승용차,상해없음,남,13세,자전거,중상,차대차 - 측면직각충돌,안전운전불이행,맑음,0,1
2015,대구광역시 달서구6,대구광역시 달서구 두류동(고몽수학입시학원 부근),2015-02-01,18시경,경상사고,남,61세,승용차,상해없음,남,24세,자전거,경상,차대차 - 기타,안전운전불이행,맑음,0,1
2015,대구광역시 달서구6,대구광역시 달서구 두류동(고몽수학입시학원 부근),2015-01-28,19시경,중상사고,여,52세,승용차,상해없음,남,43세,자전거,중상,차대차 - 기타,신호위반,맑음,0,1
2015,대구광역시 달서구6,대구광역시 달서구 두류동(고몽수학입시학원 부근),2015-11-27,09시경,중상사고,남,49세,화물차,상해없음,남,77세,자전거,중상,차대차 - 기타,안전운전불이행,맑음,0,1
2015,대구광역시 달서구10,대구광역시 달서구 두류동(아리랑호텔 부근),2015-11-26,08시경,중상사고,기타불명,불명,승용차,기타불명,남,18세,자전거,중상,차대차 - 기타,안전운전불이행,맑음,0,1
2015,대구광역시 달서구10,대구광역시 달서구 두류동(아리랑호텔 부근),2015-03-27,21시경,중상사고,남,32세,승용차,상해없음,여,58세,자전거,중상,차대차 - 추돌 - 진행중,안전운전불이행,맑음,0,1
2015,대구광역시 달서구10,대구광역시 달서구 두류동(아리랑호텔 부근),2015-07-24,18시경,경상사고,남,48세,승용차,상해없음,여,32세,자전거,경상,차대차 - 측면직각충돌,기타,맑음,0,1
2015,대구광역시 달서구10,대구광역시 달서구 두류동(아리랑호텔 부근),2015-05-21,21시경,부상신고사고,남,53세,자전거,부상신고,남,57세,승용차,상해없음,차대차 - 기타,중앙선침범,맑음,0,1
2015,대구광역시 달서구10,대구광역시 달서구 두류동(아리랑호텔 부근),2015-07-19,09시경,경상사고,남,67세,자전거,상해없음,여,74세,보행자,경상,차대사람 - 횡단중,보행자보호의무위반,맑음,0,1
2015,대구광역시 달서구10,대구광역시 달서구 두류동(아리랑호텔 부근),2015-10-20,09시경,경상사고,남,70세,화물차,상해없음,여,27세,자전거,경상,차대차 - 측면직각충돌,안전운전불이행,맑음,0,1
2015,대구광역시 달서구20,대구광역시 달서구 두류동(대광입시학원 부근),2015-08-13,17시경,중상사고,남,44세,승용차,상해없음,남,62세,자전거,중상,차대차 - 측면직각충돌,안전운전불이행,맑음,0,1
2015,대구광역시 달서구20,대구광역시 달서구 두류동(대광입시학원 부근),2015-08-03,19시경,경상사고,여,26세,승용차,상해없음,여,48세,자전거,경상,차대차 - 기타,안전운전불이행,맑음,0,1
2015,대구광역시 달서구20,대구광역시 달서구 두류동(대광입시학원 부근),2015-06-08,08시경,경상사고,여,40세,승용차,상해없음,남,11세,자전거,경상,차대차 - 기타,기타,맑음,0,1
2015,대구광역시 달서구20,대구광역시 달서구 두류동(대광입시학원 부근),2015-10-22,21시경,중상사고,남,39세,승합차,상해없음,남,14세,자전거,상해없음,차대차 - 기타,안전운전불이행,맑음,0,1
2015,대구광역시 달서구20,대구광역시 달서구 두류동(대광입시학원 부근),2015-07-14,18시경,부상신고사고,기타불명,불명,자전거,기타불명,여,46세,자전거,부상신고,차대차 - 추돌 - 진행중,안전운전불이행,맑음,0,1
2015,대구광역시 달서구22,대구광역시 달서구 두류동(내당역네거리 부근),2015-10-02,20시경,중상사고,남,39세,승용차,상해없음,남,30세,자전거,중상,차대차 - 측면직각충돌,차로위반,맑음,0,1
2015,대구광역시 달서구22,대구광역시 달서구 두류동(내당역네거리 부근),2015-03-29,01시경,경상사고,남,47세,승용차,상해없음,남,13세,자전거,경상,차대차 - 추돌 - 진행중,안전운전불이행,맑음,0,1
2015,대구광역시 달서구22,대구광역시 달서구 두류동(내당역네거리 부근),2015-08-08,14시경,경상사고,남,16세,자전거,부상신고,여,46세,보행자,경상,차대사람 - 기타,안전운전불이행,맑음,0,2
2015,대구광역시 달서구22,대구광역시 달서구 두류동(내당역네거리 부근),2015-03-06,16시경,경상사고,남,66세,자전거,경상,남,55세,승용차,상해없음,차대차 - 기타,안전운전불이행,맑음,0,1
2015,대구광역시 달서구22,대구광역시 달서구 두류동(내당역네거리 부근),2015-09-22,12시경,경상사고,여,53세,자전거,상해없음,여,33세,보행자,경상,차대사람 - 보도통행중,기타,맑음,0,1
2015,대구광역시 달서구29,대구광역시 달서구 파호동(아펙스자전거직판장 부근),2015-10-06,08시경,경상사고,여,51세,승용차,상해없음,남,22세,자전거,경상,차대차 - 측면직각충돌,안전운전불이행,맑음,0,1
2015,대구광역시 달서구29,대구광역시 달서구 파호동(아펙스자전거직판장 부근),2015-06-29,12시경,중상사고,남,21세,자전거,중상,없음,불명,없음,없음,차량단독 - 전도전복,안전운전불이행,맑음,0,1
2015,대구광역시 달서구29,대구광역시 달서구 파호동(아펙스자전거직판장 부근),2015-08-09,22시경,경상사고,남,48세,자전거,경상,남,43세,승용차,상해없음,차대차 - 기타,신호위반,맑음,0,1
2015,대구광역시 달서구29,대구광역시 달서구 파호동(아펙스자전거직판장 부근),2015-04-23,16시경,중상사고,남,41세,화물차,상해없음,남,25세,자전거,중상,차대차 - 측면직각충돌,안전운전불이행,맑음,0,1
2015,대구광역시 달서구16,대구광역시 달서구 호림동(강창교 부근),2015-04-23,15시경,중상사고,남,63세,승용차,상해없음,여,60세,자전거,중상,차대차 - 측면직각충돌,안전운전불이행,흐림,0,1
2015,대구광역시 달서구16,대구광역시 달서구 호림동(강창교 부근),2015-02-17,16시경,중상사고,여,55세,승용차,상해없음,남,29세,자전거,중상,차대차 - 측면직각충돌,신호위반,맑음,0,1
2015,대구광역시 달서구16,대구광역시 달서구 호림동(강창교 부근),2015-08-26,20시경,경상사고,남,12세,자전거,경상,여,19세,보행자,경상,차대사람 - 보도통행중,안전운전불이행,맑음,0,2
2015,대구광역시 달서구16,대구광역시 달서구 호림동(강창교 부근),2015-08-07,07시경,중상사고,남,30세,자전거,중상,남,55세,화물차,상해없음,차대차 - 측면직각충돌,불법유턴,맑음,0,1