사고년도,다발시군구,지점명,사고일시,사고시간대,사고등급,가해자성별,가해자연령,가해차종,가해자신체상해정도,피해자성별,피해자연령,피해차종,피해자신체상해정도,사고유형,가해자법규위반,기상상태,사망자수,부상자수
2015,경기도 수원시 장안구3,경기도 수원시 장안구 정자동(주택관리공단(주) 부근),2015-11-06,08시경,중상사고,남,19세,자전거,상해없음,남,60세,보행자,중상,차대사람 - 횡단중,보행자보호의무위반,흐림,0,1
2015,경기도 수원시 장안구3,경기도 수원시 장안구 정자동(주택관리공단(주) 부근),2015-08-15,12시경,경상사고,여,47세,자전거,상해없음,남,38세,이륜차,경상,차대차 - 측면직각충돌,중앙선침범,맑음,0,1
2015,경기도 수원시 장안구5,경기도 수원시 장안구 정자동(만석사거리 부근),2015-05-18,23시경,경상사고,남,55세,승용차,상해없음,남,16세,자전거,경상,차대차 - 측면직각충돌,신호위반,맑음,0,1
2015,경기도 수원시 장안구5,경기도 수원시 장안구 정자동(만석사거리 부근),2015-03-11,13시경,경상사고,남,62세,승용차,상해없음,남,61세,자전거,경상,차대차 - 측면직각충돌,신호위반,맑음,0,1
2015,경기도 수원시 장안구5,경기도 수원시 장안구 정자동(만석사거리 부근),2015-12-01,23시경,경상사고,남,63세,승용차,상해없음,남,17세,자전거,경상,차대차 - 측면직각충돌,신호위반,맑음,0,1
2015,경기도 수원시 장안구5,경기도 수원시 장안구 정자동(만석사거리 부근),2015-07-04,16시경,경상사고,남,69세,승용차,상해없음,남,26세,자전거,경상,차대차 - 측면직각충돌,신호위반,맑음,0,1
2015,경기도 수원시 장안구5,경기도 수원시 장안구 정자동(만석사거리 부근),2015-08-18,16시경,중상사고,여,31세,승용차,상해없음,남,13세,자전거,중상,차대차 - 기타,교차로운행방법위반,맑음,0,1
2015,경기도 수원시 장안구7,경기도 수원시 장안구 천천동(수원샘내교회 부근),2015-06-10,10시경,경상사고,남,41세,승용차,기타불명,남,12세,자전거,경상,차대차 - 측면직각충돌,안전운전불이행,맑음,0,1
2015,경기도 수원시 장안구7,경기도 수원시 장안구 천천동(수원샘내교회 부근),2015-09-29,20시경,사망사고,남,44세,승용차,상해없음,남,24세,자전거,사망,차대차 - 기타,과속,맑음,1,0
2015,경기도 수원시 장안구7,경기도 수원시 장안구 천천동(수원샘내교회 부근),2015-09-04,14시경,경상사고,여,31세,승용차,상해없음,여,9세,자전거,경상,차대차 - 측면직각충돌,안전운전불이행,맑음,0,1
2015,경기도 수원시 장안구7,경기도 수원시 장안구 천천동(수원샘내교회 부근),2015-12-30,17시경,중상사고,남,85세,자전거,중상,여,51세,승용차,상해없음,차대차 - 정면충돌,중앙선침범,비,0,1
2015,경기도 수원시 장안구1,경기도 수원시 장안구 영화동(광연빌딩 부근),2015-08-20,08시경,경상사고,남,34세,승용차,상해없음,남,17세,자전거,경상,차대차 - 기타,직진우회전진행방해,맑음,0,1
2015,경기도 수원시 장안구1,경기도 수원시 장안구 영화동(광연빌딩 부근),2015-03-13,05시경,경상사고,남,48세,승용차,상해없음,남,59세,자전거,경상,차대차 - 기타,신호위반,흐림,0,1
2015,경기도 수원시 장안구1,경기도 수원시 장안구 영화동(광연빌딩 부근),2015-10-02,08시경,경상사고,여,25세,승용차,상해없음,여,30세,자전거,경상,차대차 - 기타,직진우회전진행방해,맑음,0,1
2015,경기도 수원시 장안구1,경기도 수원시 장안구 영화동(광연빌딩 부근),2015-07-17,23시경,경상사고,남,38세,승합차,상해없음,남,51세,자전거,경상,차대차 - 기타,안전운전불이행,맑음,0,1
2015,경기도 수원시 장안구1,경기도 수원시 장안구 영화동(광연빌딩 부근),2015-10-13,12시경,중상사고,남,15세,자전거,상해없음,여,61세,보행자,중상,차대사람 - 기타,안전운전불이행,맑음,0,1
2015,경기도 수원시 장안구1,경기도 수원시 장안구 영화동(광연빌딩 부근),2015-04-20,21시경,사망사고,남,50세,자전거,사망,없음,불명,없음,없음,차량단독 - 기타,안전운전불이행,맑음,1,0
2015,경기도 수원시 장안구2,경기도 수원시 장안구 영화동(장안문로터리 부근),2015-06-19,13시경,중상사고,남,60세,승용차,상해없음,남,16세,자전거,중상,차대차 - 기타,신호위반,맑음,0,1
2015,경기도 수원시 장안구2,경기도 수원시 장안구 영화동(장안문로터리 부근),2015-10-06,00시경,경상사고,여,46세,승용차,상해없음,남,49세,자전거,경상,차대차 - 추돌 - 진행중,신호위반,맑음,0,1
2015,경기도 수원시 장안구2,경기도 수원시 장안구 영화동(장안문로터리 부근),2015-08-04,15시경,부상신고사고,남,14세,자전거,부상신고,남,47세,승용차,상해없음,차대차 - 측면직각충돌,안전운전불이행,맑음,0,1
2015,경기도 수원시 장안구2,경기도 수원시 장안구 영화동(장안문로터리 부근),2015-08-07,23시경,경상사고,남,16세,자전거,경상,남,63세,승용차,상해없음,차대차 - 기타,안전운전불이행,맑음,0,1
2015,경기도 수원시 장안구2,경기도 수원시 장안구 영화동(장안문로터리 부근),2015-04-14,20시경,경상사고,남,52세,자전거,상해없음,여,38세,보행자,경상,차대사람 - 횡단중,보행자보호의무위반,맑음,0,2
2015,경기도 수원시 장안구2,경기도 수원시 장안구 영화동(장안문로터리 부근),2015-07-19,08시경,경상사고,여,52세,자전거,상해없음,남,49세,이륜차,경상,차대차 - 기타,불법유턴,맑음,0,1
2015,경기도 수원시 장안구6,경기도 수원시 장안구 송죽동(동수원세무소 부근),2015-01-23,06시경,사망사고,남,52세,승합차,상해없음,남,72세,자전거,사망,차대차 - 측면직각충돌,신호위반,흐림,1,0
2015,경기도 수원시 장안구6,경기도 수원시 장안구 송죽동(동수원세무소 부근),2015-06-22,14시경,중상사고,남,52세,승합차,상해없음,여,56세,자전거,중상,차대차 - 기타,안전운전불이행,맑음,0,1
2015,경기도 수원시 장안구6,경기도 수원시 장안구 송죽동(동수원세무소 부근),2015-09-17,17시경,부상신고사고,남,14세,자전거,부상신고,남,12세,자전거,상해없음,차대차 - 측면직각충돌,신호위반,맑음,0,1
2015,경기도 수원시 장안구6,경기도 수원시 장안구 송죽동(동수원세무소 부근),2015-07-31,10시경,중상사고,남,73세,자전거,중상,남,38세,화물차,상해없음,차대차 - 기타,차로위반,맑음,0,1
2015,경기도 수원시 장안구4,경기도 수원시 장안구 조원동(수성중사거리 부근),2015-08-07,08시경,경상사고,남,22세,승용차,상해없음,여,22세,자전거,경상,차대차 - 측면직각충돌,안전운전불이행,맑음,0,1
2015,경기도 수원시 장안구4,경기도 수원시 장안구 조원동(수성중사거리 부근),2015-05-31,19시경,부상신고사고,남,48세,승합차,상해없음,남,45세,자전거,부상신고,차대차 - 추돌 - 진행중,안전운전불이행,맑음,0,1
2015,경기도 수원시 장안구4,경기도 수원시 장안구 조원동(수성중사거리 부근),2015-08-03,19시경,부상신고사고,남,52세,자전거,부상신고,남,42세,승용차,상해없음,차대차 - 기타,안전운전불이행,맑음,0,1
2015,경기도 수원시 장안구4,경기도 수원시 장안구 조원동(수성중사거리 부근),2015-04-08,14시경,중상사고,여,78세,자전거,중상,여,53세,승용차,상해없음,차대차 - 측면직각충돌,신호위반,흐림,0,1
2015,경기도 수원시 장안구4,경기도 수원시 장안구 조원동(수성중사거리 부근),2015-08-05,10시경,경상사고,남,52세,화물차,상해없음,남,51세,자전거,경상,차대차 - 추돌 - 진행중,안전운전불이행,맑음,0,1
2015,경기도 수원시 장안구4,경기도 수원시 장안구 조원동(수성중사거리 부근),2015-12-22,06시경,경상사고,남,56세,화물차,상해없음,남,69세,자전거,경상,차대차 - 기타,안전운전불이행,맑음,0,1
2015,경기도 수원시 권선구2,경기도 수원시 권선구 고색동(고색주유소 부근),2015-09-03,23시경,경상사고,남,64세,승용차,상해없음,여,18세,자전거,경상,차대차 - 측면직각충돌,신호위반,맑음,0,1
2015,경기도 수원시 권선구2,경기도 수원시 권선구 고색동(고색주유소 부근),2015-07-05,19시경,경상사고,여,54세,승용차,상해없음,여,9세,자전거,경상,차대차 - 측면직각충돌,안전운전불이행,맑음,0,1
2015,경기도 수원시 권선구2,경기도 수원시 권선구 고색동(고색주유소 부근),2015-01-12,11시경,경상사고,남,32세,승합차,상해없음,남,64세,자전거,경상,차대차 - 기타,안전운전불이행,맑음,0,1
2015,경기도 수원시 권선구2,경기도 수원시 권선구 고색동(고색주유소 부근),2015-12-29,14시경,경상사고,남,14세,자전거,경상,기타불명,불명,불명,기타불명,차대차 - 측면직각충돌,안전운전불이행,맑음,0,1
2015,경기도 수원시 권선구2,경기도 수원시 권선구 고색동(고색주유소 부근),2015-08-11,19시경,경상사고,남,65세,자전거,경상,남,26세,승용차,상해없음,차대차 - 측면직각충돌,안전운전불이행,맑음,0,1
2015,경기도 수원시 권선구1,경기도 수원시 권선구 권선동(새온수골온천 부근),2015-04-17,13시경,경상사고,남,38세,승용차,상해없음,여,86세,자전거,경상,차대차 - 측면직각충돌,신호위반,맑음,0,1
2015,경기도 수원시 권선구1,경기도 수원시 권선구 권선동(새온수골온천 부근),2015-06-12,16시경,경상사고,남,57세,승용차,상해없음,남,10세,자전거,경상,차대차 - 측면직각충돌,안전운전불이행,맑음,0,1
2015,경기도 수원시 권선구1,경기도 수원시 권선구 권선동(새온수골온천 부근),2015-10-27,15시경,경상사고,여,58세,승용차,상해없음,여,41세,자전거,경상,차대차 - 측면직각충돌,안전운전불이행,맑음,0,1
2015,경기도 수원시 권선구1,경기도 수원시 권선구 권선동(새온수골온천 부근),2015-06-03,08시경,경상사고,남,58세,승합차,상해없음,남,16세,자전거,경상,차대차 - 추돌 - 진행중,신호위반,맑음,0,1
2015,경기도 수원시 권선구1,경기도 수원시 권선구 권선동(새온수골온천 부근),2015-06-12,13시경,부상신고사고,남,51세,이륜차,부상신고,남,16세,자전거,상해없음,차대차 - 측면직각충돌,안전운전불이행,맑음,0,1
2015,경기도 수원시 권선구1,경기도 수원시 권선구 권선동(새온수골온천 부근),2015-04-12,16시경,부상신고사고,남,16세,자전거,상해없음,여,63세,보행자,부상신고,차대사람 - 보도통행중,안전운전불이행,맑음,0,1
2015,경기도 수원시 권선구1,경기도 수원시 권선구 권선동(새온수골온천 부근),2015-02-10,19시경,경상사고,남,34세,자전거,상해없음,남,3세,보행자,경상,차대사람 - 보도통행중,안전운전불이행,맑음,0,1
2015,경기도 수원시 권선구3,경기도 수원시 권선구 권선동(한성카인테리어 부근),2015-07-08,00시경,경상사고,기타불명,40세,불명,기타불명,남,18세,자전거,경상,차대차 - 기타,안전운전불이행,맑음,0,1
2015,경기도 수원시 권선구3,경기도 수원시 권선구 권선동(한성카인테리어 부근),2015-03-27,23시경,경상사고,남,26세,승용차,상해없음,남,17세,자전거,경상,차대차 - 측면직각충돌,신호위반,맑음,0,1
2015,경기도 수원시 권선구3,경기도 수원시 권선구 권선동(한성카인테리어 부근),2015-09-01,17시경,경상사고,남,37세,승용차,상해없음,남,16세,자전거,경상,차대차 - 측면직각충돌,안전운전불이행,맑음,0,1
2015,경기도 수원시 권선구3,경기도 수원시 권선구 권선동(한성카인테리어 부근),2015-07-13,20시경,경상사고,남,48세,승용차,상해없음,남,27세,자전거,경상,차대차 - 기타,안전운전불이행,맑음,0,1
2015,경기도 수원시 권선구3,경기도 수원시 권선구 권선동(한성카인테리어 부근),2015-08-24,00시경,부상신고사고,남,17세,자전거,부상신고,남,68세,승용차,상해없음,차대차 - 측면직각충돌,안전운전불이행,맑음,0,1
2015,경기도 수원시 팔달구2,경기도 수원시 팔달구 중동(매교삼거리 부근),2015-03-25,19시경,중상사고,남,46세,승용차,상해없음,남,65세,자전거,중상,차대차 - 측면직각충돌,기타,맑음,0,1
2015,경기도 수원시 팔달구2,경기도 수원시 팔달구 중동(매교삼거리 부근),2015-08-27,10시경,중상사고,여,38세,승용차,상해없음,남,77세,자전거,중상,차대차 - 측면직각충돌,안전운전불이행,맑음,0,1
2015,경기도 수원시 팔달구2,경기도 수원시 팔달구 중동(매교삼거리 부근),2015-06-26,18시경,경상사고,여,41세,승용차,상해없음,남,17세,자전거,경상,차대차 - 기타,신호위반,맑음,0,1
2015,경기도 수원시 팔달구2,경기도 수원시 팔달구 중동(매교삼거리 부근),2015-09-02,15시경,중상사고,여,50세,승용차,상해없음,남,67세,자전거,중상,차대차 - 기타,신호위반,맑음,0,1
2015,경기도 수원시 팔달구2,경기도 수원시 팔달구 중동(매교삼거리 부근),2015-05-02,15시경,경상사고,여,53세,승용차,상해없음,남,24세,자전거,경상,차대차 - 기타,안전운전불이행,맑음,0,1
2015,경기도 수원시 팔달구2,경기도 수원시 팔달구 중동(매교삼거리 부근),2015-07-18,14시경,중상사고,남,48세,이륜차,상해없음,남,28세,자전거,중상,차대차 - 기타,차로위반,맑음,0,1
2015,경기도 수원시 팔달구2,경기도 수원시 팔달구 중동(매교삼거리 부근),2015-07-11,00시경,경상사고,남,23세,자전거,경상,여,46세,승용차,상해없음,차대차 - 기타,안전운전불이행,맑음,0,1
2015,경기도 수원시 팔달구4,경기도 수원시 팔달구 중동(영동사거리 부근),2015-12-31,08시경,경상사고,남,40세,승합차,상해없음,남,42세,자전거,경상,차대차 - 기타,안전운전불이행,맑음,0,1
2015,경기도 수원시 팔달구4,경기도 수원시 팔달구 중동(영동사거리 부근),2015-08-16,14시경,중상사고,남,17세,자전거,상해없음,여,34세,보행자,중상,차대사람 - 횡단중,안전운전불이행,맑음,0,1
2015,경기도 수원시 팔달구4,경기도 수원시 팔달구 중동(영동사거리 부근),2015-04-10,07시경,경상사고,남,27세,자전거,경상,여,51세,승용차,상해없음,차대차 - 기타,불법유턴,맑음,0,1
2015,경기도 수원시 팔달구4,경기도 수원시 팔달구 중동(영동사거리 부근),2015-06-23,14시경,경상사고,남,63세,자전거,상해없음,여,51세,보행자,경상,차대사람 - 기타,기타,맑음,0,1
2015,경기도 수원시 팔달구4,경기도 수원시 팔달구 중동(영동사거리 부근),2015-09-14,14시경,경상사고,남,55세,화물차,상해없음,남,56세,자전거,경상,차대차 - 추돌 - 진행중,안전운전불이행,맑음,0,1
2015,경기도 수원시 팔달구1,경기도 수원시 팔달구 장안동(화서문로삼거리 부근),2015-09-18,19시경,중상사고,남,61세,승용차,상해없음,남,44세,자전거,중상,차대차 - 기타,안전운전불이행,맑음,0,1
2015,경기도 수원시 팔달구1,경기도 수원시 팔달구 장안동(화서문로삼거리 부근),2015-09-30,08시경,경상사고,여,42세,승용차,상해없음,남,11세,자전거,경상,차대차 - 기타,신호위반,맑음,0,1
2015,경기도 수원시 팔달구1,경기도 수원시 팔달구 장안동(화서문로삼거리 부근),2015-07-03,21시경,경상사고,기타불명,불명,승합차,기타불명,남,63세,자전거,경상,차대차 - 측면직각충돌,신호위반,맑음,0,1
2015,경기도 수원시 팔달구1,경기도 수원시 팔달구 장안동(화서문로삼거리 부근),2015-07-23,17시경,중상사고,남,12세,자전거,중상,남,32세,승용차,상해없음,차대차 - 기타,안전운전불이행,비,0,1
2015,경기도 수원시 팔달구1,경기도 수원시 팔달구 장안동(화서문로삼거리 부근),2015-09-10,08시경,중상사고,남,15세,자전거,상해없음,여,67세,보행자,중상,차대사람 - 기타,안전운전불이행,맑음,0,1
2015,경기도 수원시 팔달구1,경기도 수원시 팔달구 장안동(화서문로삼거리 부근),2015-11-01,20시경,부상신고사고,남,17세,자전거,부상신고,남,44세,이륜차,상해없음,차대차 - 측면직각충돌,안전거리미확보,맑음,0,1
2015,경기도 수원시 팔달구1,경기도 수원시 팔달구 장안동(화서문로삼거리 부근),2015-07-10,19시경,경상사고,남,32세,자전거,경상,남,56세,승용차,상해없음,차대차 - 기타,불법유턴,맑음,0,1
2015,경기도 수원시 팔달구1,경기도 수원시 팔달구 장안동(화서문로삼거리 부근),2015-10-14,04시경,부상신고사고,남,64세,자전거,부상신고,남,37세,승용차,상해없음,차대차 - 기타,안전운전불이행,맑음,0,1
2015,경기도 수원시 팔달구3,경기도 수원시 팔달구 화서동(손한의원 부근),2015-06-20,23시경,중상사고,남,51세,승용차,상해없음,남,23세,자전거,중상,차대차 - 측면직각충돌,신호위반,맑음,0,1
2015,경기도 수원시 팔달구3,경기도 수원시 팔달구 화서동(손한의원 부근),2015-06-23,17시경,중상사고,남,34세,승합차,상해없음,남,14세,자전거,중상,차대차 - 측면직각충돌,안전운전불이행,맑음,0,1
2015,경기도 수원시 팔달구3,경기도 수원시 팔달구 화서동(손한의원 부근),2015-08-06,16시경,중상사고,남,58세,승합차,상해없음,남,11세,자전거,중상,차대차 - 기타,안전운전불이행,맑음,0,1
2015,경기도 수원시 팔달구3,경기도 수원시 팔달구 화서동(손한의원 부근),2015-04-28,13시경,경상사고,남,16세,자전거,경상,남,82세,승용차,상해없음,차대차 - 기타,안전운전불이행,맑음,0,1
2015,경기도 수원시 팔달구3,경기도 수원시 팔달구 화서동(손한의원 부근),2015-04-03,19시경,중상사고,남,16세,자전거,중상,남,57세,승용차,상해없음,차대차 - 측면직각충돌,중앙선침범,맑음,0,1
2015,경기도 수원시 영통구1,경기도 수원시 영통구 매탄동(법원사거리 부근),2015-03-08,01시경,중상사고,기타불명,불명,불명,기타불명,남,17세,자전거,중상,차대차 - 기타,신호위반,맑음,0,1
2015,경기도 수원시 영통구1,경기도 수원시 영통구 매탄동(법원사거리 부근),2015-03-27,21시경,경상사고,남,57세,승용차,상해없음,남,25세,자전거,경상,차대차 - 측면직각충돌,안전운전불이행,맑음,0,1
2015,경기도 수원시 영통구1,경기도 수원시 영통구 매탄동(법원사거리 부근),2015-10-15,19시경,경상사고,남,60세,승용차,상해없음,여,23세,자전거,경상,차대차 - 측면직각충돌,신호위반,맑음,0,1
2015,경기도 수원시 영통구1,경기도 수원시 영통구 매탄동(법원사거리 부근),2015-11-05,10시경,중상사고,여,64세,승용차,상해없음,남,56세,자전거,중상,차대차 - 측면직각충돌,기타,맑음,0,1
2015,경기도 수원시 영통구1,경기도 수원시 영통구 매탄동(법원사거리 부근),2015-07-14,08시경,경상사고,남,16세,자전거,상해없음,여,28세,보행자,경상,차대사람 - 횡단중,보행자보호의무위반,맑음,0,1
2015,경기도 수원시 영통구1,경기도 수원시 영통구 매탄동(법원사거리 부근),2015-06-14,14시경,중상사고,여,26세,자전거,중상,남,49세,승용차,상해없음,차대차 - 측면직각충돌,안전운전불이행,맑음,0,1
2015,경기도 수원시 영통구1,경기도 수원시 영통구 매탄동(법원사거리 부근),2015-09-04,14시경,중상사고,남,55세,화물차,상해없음,남,27세,자전거,중상,차대차 - 측면직각충돌,안전운전불이행,맑음,0,1
2015,경기도 성남시 중원구1,경기도 성남시 중원구 성남동(모란사거리 부근),2015-09-18,08시경,경상사고,기타불명,불명,승용차,기타불명,남,15세,자전거,경상,차대차 - 기타,안전운전불이행,맑음,0,1
2015,경기도 성남시 중원구1,경기도 성남시 중원구 성남동(모란사거리 부근),2015-07-05,22시경,중상사고,남,45세,승용차,상해없음,남,52세,자전거,중상,차대차 - 측면직각충돌,안전운전불이행,맑음,0,1
2015,경기도 성남시 중원구1,경기도 성남시 중원구 성남동(모란사거리 부근),2015-10-15,14시경,경상사고,남,47세,승용차,상해없음,남,42세,자전거,경상,차대차 - 기타,안전운전불이행,맑음,0,1
2015,경기도 성남시 중원구1,경기도 성남시 중원구 성남동(모란사거리 부근),2015-03-31,12시경,경상사고,남,54세,승용차,상해없음,남,62세,자전거,경상,차대차 - 측면직각충돌,신호위반,맑음,0,1
2015,경기도 성남시 중원구1,경기도 성남시 중원구 성남동(모란사거리 부근),2015-05-08,05시경,중상사고,남,62세,승용차,상해없음,남,23세,자전거,중상,차대차 - 기타,신호위반,맑음,0,1
2015,경기도 성남시 중원구1,경기도 성남시 중원구 성남동(모란사거리 부근),2015-08-14,21시경,경상사고,남,76세,승용차,상해없음,남,19세,자전거,경상,차대차 - 기타,신호위반,맑음,0,1
2015,경기도 성남시 중원구1,경기도 성남시 중원구 성남동(모란사거리 부근),2015-06-10,20시경,경상사고,여,35세,승용차,상해없음,남,7세,자전거,경상,차대차 - 측면직각충돌,신호위반,맑음,0,1
2015,경기도 성남시 중원구1,경기도 성남시 중원구 성남동(모란사거리 부근),2015-11-05,10시경,중상사고,여,59세,승용차,상해없음,여,47세,자전거,중상,차대차 - 추돌 - 진행중,신호위반,맑음,0,1
2015,경기도 성남시 중원구1,경기도 성남시 중원구 성남동(모란사거리 부근),2015-11-05,10시경,경상사고,남,58세,승합차,상해없음,남,67세,자전거,경상,차대차 - 측면직각충돌,신호위반,맑음,0,1
2015,경기도 성남시 중원구1,경기도 성남시 중원구 성남동(모란사거리 부근),2015-07-17,16시경,중상사고,기타불명,불명,자전거,기타불명,여,17세,보행자,중상,차대사람 - 기타,신호위반,맑음,0,1
2015,경기도 성남시 중원구1,경기도 성남시 중원구 성남동(모란사거리 부근),2015-09-05,20시경,중상사고,남,11세,자전거,중상,남,43세,승용차,상해없음,차대차 - 기타,안전운전불이행,맑음,0,1
2015,경기도 성남시 중원구1,경기도 성남시 중원구 성남동(모란사거리 부근),2015-03-13,07시경,경상사고,남,15세,자전거,기타불명,여,22세,보행자,경상,차대사람 - 기타,안전운전불이행,맑음,0,1
2015,경기도 성남시 중원구1,경기도 성남시 중원구 성남동(모란사거리 부근),2015-05-07,13시경,중상사고,남,36세,화물차,상해없음,여,39세,자전거,중상,차대차 - 측면직각충돌,신호위반,맑음,0,1
2015,경기도 성남시 중원구3,경기도 성남시 중원구 성남동(카스앤락(성남점) 부근),2015-05-28,20시경,경상사고,기타불명,불명,불명,기타불명,남,14세,자전거,경상,차대차 - 측면직각충돌,안전운전불이행,맑음,0,1
2015,경기도 성남시 중원구3,경기도 성남시 중원구 성남동(카스앤락(성남점) 부근),2015-09-04,20시경,경상사고,남,57세,승용차,상해없음,남,14세,자전거,경상,차대차 - 측면직각충돌,교차로운행방법위반,맑음,0,1
2015,경기도 성남시 중원구3,경기도 성남시 중원구 성남동(카스앤락(성남점) 부근),2015-10-09,21시경,중상사고,여,54세,승용차,상해없음,남,43세,자전거,중상,차대차 - 측면직각충돌,안전운전불이행,맑음,0,1
2015,경기도 성남시 중원구3,경기도 성남시 중원구 성남동(카스앤락(성남점) 부근),2015-11-15,10시경,중상사고,남,14세,자전거,상해없음,여,48세,보행자,중상,차대사람 - 횡단중,신호위반,맑음,0,1
2015,경기도 성남시 중원구3,경기도 성남시 중원구 성남동(카스앤락(성남점) 부근),2015-11-10,10시경,중상사고,남,46세,화물차,상해없음,남,73세,자전거,중상,차대차 - 기타,안전운전불이행,맑음,0,1
2015,경기도 성남시 중원구2,경기도 성남시 중원구 중앙동(신흥동마을금고B 부근),2015-05-19,21시경,경상사고,기타불명,불명,승용차,기타불명,남,17세,자전거,경상,차대차 - 추돌 - 진행중,안전운전불이행,맑음,0,1
2015,경기도 성남시 중원구2,경기도 성남시 중원구 중앙동(신흥동마을금고B 부근),2015-09-13,14시경,경상사고,남,49세,승용차,상해없음,여,55세,자전거,경상,차대차 - 추돌 - 진행중,안전운전불이행,맑음,0,1
2015,경기도 성남시 중원구2,경기도 성남시 중원구 중앙동(신흥동마을금고B 부근),2015-10-19,16시경,경상사고,여,62세,승용차,상해없음,남,11세,자전거,경상,차대차 - 측면직각충돌,신호위반,맑음,0,1
2015,경기도 성남시 중원구2,경기도 성남시 중원구 중앙동(신흥동마을금고B 부근),2015-05-23,20시경,중상사고,남,51세,승합차,상해없음,남,73세,자전거,중상,차대차 - 추돌 - 진행중,안전운전불이행,맑음,0,1
2015,경기도 성남시 중원구2,경기도 성남시 중원구 중앙동(신흥동마을금고B 부근),2015-05-23,19시경,경상사고,남,53세,승합차,상해없음,남,75세,자전거,경상,차대차 - 추돌 - 진행중,안전운전불이행,맑음,0,1
2015,경기도 성남시 중원구2,경기도 성남시 중원구 중앙동(신흥동마을금고B 부근),2015-09-21,17시경,경상사고,남,18세,자전거,경상,여,40세,승용차,상해없음,차대차 - 추돌 - 진행중,안전운전불이행,맑음,0,1
2015,경기도 성남시 중원구2,경기도 성남시 중원구 중앙동(신흥동마을금고B 부근),2015-01-09,19시경,중상사고,남,39세,자전거,상해없음,여,45세,보행자,중상,차대사람 - 기타,신호위반,맑음,0,1
2015,경기도 성남시 분당구2,경기도 성남시 분당구 수내동(문옥관전통학원 부근),2015-05-13,20시경,경상사고,기타불명,불명,불명,기타불명,남,42세,자전거,경상,차대차 - 측면직각충돌,안전운전불이행,맑음,0,1
2015,경기도 성남시 분당구2,경기도 성남시 분당구 수내동(문옥관전통학원 부근),2015-10-24,13시경,경상사고,여,58세,승용차,상해없음,여,45세,자전거,경상,차대차 - 측면직각충돌,신호위반,맑음,0,1
2015,경기도 성남시 분당구2,경기도 성남시 분당구 수내동(문옥관전통학원 부근),2015-09-29,14시경,중상사고,남,30세,자전거,상해없음,남,51세,자전거,중상,차대차 - 추돌 - 진행중,안전운전불이행,맑음,0,1
2015,경기도 성남시 분당구2,경기도 성남시 분당구 수내동(문옥관전통학원 부근),2015-11-20,20시경,경상사고,남,42세,자전거,상해없음,여,60세,자전거,경상,차대차 - 정면충돌,안전운전불이행,맑음,0,1
2015,경기도 성남시 분당구2,경기도 성남시 분당구 수내동(문옥관전통학원 부근),2015-05-03,20시경,중상사고,여,25세,자전거,상해없음,여,41세,보행자,중상,차대사람 - 횡단중,안전운전불이행,맑음,0,1
2015,경기도 성남시 분당구1,경기도 성남시 분당구 삼평동(삼평중삼거리 부근),2015-05-19,16시경,경상사고,기타불명,불명,승용차,기타불명,남,14세,자전거,경상,차대차 - 기타,기타,맑음,0,1
2015,경기도 성남시 분당구1,경기도 성남시 분당구 삼평동(삼평중삼거리 부근),2015-05-28,09시경,중상사고,남,15세,자전거,중상,남,45세,승용차,상해없음,차대차 - 기타,안전운전불이행,맑음,0,1
2015,경기도 성남시 분당구1,경기도 성남시 분당구 삼평동(삼평중삼거리 부근),2015-08-18,08시경,경상사고,남,45세,자전거,경상,남,21세,보행자,상해없음,차대사람 - 기타,안전운전불이행,맑음,0,1
2015,경기도 성남시 분당구1,경기도 성남시 분당구 삼평동(삼평중삼거리 부근),2015-06-19,18시경,경상사고,남,46세,자전거,상해없음,여,4세,보행자,경상,차대사람 - 기타,안전운전불이행,맑음,0,1
2015,경기도 성남시 분당구1,경기도 성남시 분당구 삼평동(삼평중삼거리 부근),2015-07-10,18시경,중상사고,남,49세,자전거,중상,남,28세,자전거,상해없음,차대차 - 기타,안전운전불이행,맑음,0,1
2015,경기도 성남시 분당구2,경기도 성남시 분당구 삼평동(안말사거리 부근),2015-05-13,20시경,경상사고,기타불명,불명,불명,기타불명,남,42세,자전거,경상,차대차 - 측면직각충돌,안전운전불이행,맑음,0,1
2015,경기도 성남시 분당구2,경기도 성남시 분당구 삼평동(안말사거리 부근),2015-10-24,13시경,경상사고,여,58세,승용차,상해없음,여,45세,자전거,경상,차대차 - 측면직각충돌,신호위반,맑음,0,1
2015,경기도 성남시 분당구2,경기도 성남시 분당구 삼평동(안말사거리 부근),2015-09-29,14시경,중상사고,남,30세,자전거,상해없음,남,51세,자전거,중상,차대차 - 추돌 - 진행중,안전운전불이행,맑음,0,1
2015,경기도 성남시 분당구2,경기도 성남시 분당구 삼평동(안말사거리 부근),2015-11-20,20시경,경상사고,남,42세,자전거,상해없음,여,60세,자전거,경상,차대차 - 정면충돌,안전운전불이행,맑음,0,1
2015,경기도 성남시 분당구2,경기도 성남시 분당구 삼평동(안말사거리 부근),2015-05-03,20시경,중상사고,여,25세,자전거,상해없음,여,41세,보행자,중상,차대사람 - 횡단중,안전운전불이행,맑음,0,1
2015,경기도 의정부시1,경기도 의정부시 의정부동(송산교차로 부근),2015-09-25,21시경,경상사고,기타불명,불명,불명,기타불명,남,36세,자전거,경상,차대차 - 기타,안전운전불이행,맑음,0,1
2015,경기도 의정부시1,경기도 의정부시 의정부동(송산교차로 부근),2015-09-06,19시경,경상사고,남,55세,승용차,상해없음,남,53세,자전거,경상,차대차 - 측면직각충돌,불법유턴,맑음,0,1