사고년도,다발시군구,지점명,사고일시,사고시간대,사고등급,가해자성별,가해자연령,가해차종,가해자신체상해정도,피해자성별,피해자연령,피해차종,피해자신체상해정도,사고유형,가해자법규위반,기상상태,사망자수,부상자수
2015,경기도 의정부시1,경기도 의정부시 의정부동(송산교차로 부근),2015-08-14,17시경,중상사고,남,72세,승용차,기타불명,남,53세,자전거,중상,차대차 - 추돌 - 진행중,안전운전불이행,맑음,0,1
2015,경기도 의정부시1,경기도 의정부시 의정부동(송산교차로 부근),2015-11-26,16시경,경상사고,여,25세,승용차,상해없음,남,77세,자전거,경상,차대차 - 정면충돌,직진우회전진행방해,맑음,0,1
2015,경기도 의정부시1,경기도 의정부시 의정부동(송산교차로 부근),2015-09-03,16시경,경상사고,여,43세,승용차,상해없음,남,64세,자전거,경상,차대차 - 기타,기타,맑음,0,1
2015,경기도 의정부시1,경기도 의정부시 의정부동(송산교차로 부근),2015-07-04,12시경,부상신고사고,남,61세,자전거,상해없음,여,56세,보행자,부상신고,차대사람 - 차도통행중,안전운전불이행,맑음,0,1
2015,경기도 의정부시1,경기도 의정부시 의정부동(송산교차로 부근),2015-11-10,10시경,중상사고,남,69세,자전거,상해없음,여,53세,자전거,중상,차대차 - 추돌 - 진행중,안전운전불이행,맑음,0,1
2015,경기도 의정부시1,경기도 의정부시 의정부동(송산교차로 부근),2015-03-25,10시경,부상신고사고,남,92세,자전거,부상신고,남,60세,승합차,상해없음,차대차 - 측면직각충돌,차로위반,맑음,0,1
2015,경기도 의정부시1,경기도 의정부시 의정부동(송산교차로 부근),2015-01-14,16시경,부상신고사고,남,45세,화물차,상해없음,남,74세,자전거,부상신고,차대차 - 측면직각충돌,직진우회전진행방해,맑음,0,1
2015,경기도 의정부시1,경기도 의정부시 의정부동(송산교차로 부근),2015-05-11,07시경,경상사고,남,58세,화물차,상해없음,남,79세,자전거,경상,차대차 - 측면직각충돌,안전운전불이행,맑음,0,1
2015,경기도 의정부시2,경기도 의정부시 의정부동(파발로터리 부근),2015-12-09,15시경,중상사고,남,36세,승용차,상해없음,여,70세,자전거,중상,차대차 - 측면직각충돌,안전운전불이행,맑음,0,1
2015,경기도 의정부시2,경기도 의정부시 의정부동(파발로터리 부근),2015-05-17,10시경,중상사고,남,41세,승용차,상해없음,여,10세,자전거,중상,차대차 - 정면충돌,교차로운행방법위반,맑음,0,1
2015,경기도 의정부시2,경기도 의정부시 의정부동(파발로터리 부근),2015-09-12,13시경,중상사고,남,56세,승합차,상해없음,남,36세,자전거,중상,차대차 - 측면직각충돌,교차로운행방법위반,맑음,0,1
2015,경기도 의정부시2,경기도 의정부시 의정부동(파발로터리 부근),2015-08-21,15시경,경상사고,남,67세,이륜차,상해없음,남,54세,자전거,경상,차대차 - 측면직각충돌,교차로운행방법위반,맑음,0,1
2015,경기도 의정부시2,경기도 의정부시 의정부동(파발로터리 부근),2015-07-17,22시경,경상사고,여,18세,자전거,부상신고,남,27세,승용차,경상,차대차 - 기타,안전운전불이행,맑음,0,3
2015,경기도 의정부시2,경기도 의정부시 의정부동(파발로터리 부근),2015-08-10,08시경,중상사고,남,43세,화물차,상해없음,여,55세,자전거,중상,차대차 - 기타,신호위반,맑음,0,1
2015,경기도 의정부시3,경기도 의정부시 호원동((탑치과앞) 부근),2015-06-08,10시경,부상신고사고,여,40세,승용차,상해없음,남,68세,자전거,부상신고,차대차 - 추돌 - 진행중,안전운전불이행,맑음,0,1
2015,경기도 의정부시3,경기도 의정부시 호원동((탑치과앞) 부근),2015-09-24,16시경,부상신고사고,기타불명,15세,자전거,기타불명,남,56세,자전거,부상신고,차대차 - 기타,안전운전불이행,맑음,0,1
2015,경기도 의정부시3,경기도 의정부시 호원동((탑치과앞) 부근),2015-04-08,19시경,중상사고,남,14세,자전거,상해없음,여,17세,보행자,중상,차대사람 - 기타,안전운전불이행,기타,0,1
2015,경기도 의정부시3,경기도 의정부시 호원동((탑치과앞) 부근),2015-11-11,19시경,부상신고사고,남,14세,자전거,상해없음,여,44세,보행자,부상신고,차대사람 - 기타,교차로운행방법위반,맑음,0,1
2015,경기도 의정부시3,경기도 의정부시 호원동((탑치과앞) 부근),2015-09-13,13시경,경상사고,남,23세,자전거,경상,남,42세,승용차,상해없음,차대차 - 측면직각충돌,신호위반,맑음,0,1
2015,경기도 의정부시4,경기도 의정부시 가능동((수정아파트앞) 부근),2015-06-13,13시경,경상사고,남,64세,승용차,상해없음,남,47세,자전거,경상,차대차 - 측면직각충돌,교차로운행방법위반,맑음,0,1
2015,경기도 의정부시4,경기도 의정부시 가능동((수정아파트앞) 부근),2015-06-17,20시경,중상사고,남,63세,이륜차,상해없음,여,47세,자전거,중상,차대차 - 측면직각충돌,안전운전불이행,맑음,0,1
2015,경기도 의정부시4,경기도 의정부시 가능동((수정아파트앞) 부근),2015-11-10,08시경,중상사고,남,16세,자전거,상해없음,남,72세,보행자,중상,차대사람 - 횡단중,보행자보호의무위반,맑음,0,1
2015,경기도 의정부시4,경기도 의정부시 가능동((수정아파트앞) 부근),2015-06-23,08시경,중상사고,여,22세,자전거,상해없음,여,15세,보행자,중상,차대사람 - 기타,안전운전불이행,맑음,0,1
2015,경기도 안양시 만안구1,경기도 안양시 만안구 안양동(명학육교 부근),2015-06-02,18시경,경상사고,남,31세,승용차,상해없음,남,22세,자전거,경상,차대차 - 측면직각충돌,안전운전불이행,맑음,0,1
2015,경기도 안양시 만안구1,경기도 안양시 만안구 안양동(명학육교 부근),2015-10-24,09시경,경상사고,남,34세,승용차,상해없음,남,79세,자전거,경상,차대차 - 측면직각충돌,안전운전불이행,맑음,0,1
2015,경기도 안양시 만안구1,경기도 안양시 만안구 안양동(명학육교 부근),2015-05-28,08시경,경상사고,남,60세,승용차,상해없음,여,44세,자전거,경상,차대차 - 측면직각충돌,신호위반,맑음,0,1
2015,경기도 안양시 만안구1,경기도 안양시 만안구 안양동(명학육교 부근),2015-09-08,19시경,중상사고,여,41세,승용차,상해없음,남,38세,자전거,중상,차대차 - 측면직각충돌,안전운전불이행,맑음,0,1
2015,경기도 안양시 만안구1,경기도 안양시 만안구 안양동(명학육교 부근),2015-12-13,11시경,경상사고,남,79세,자전거,경상,남,36세,승용차,상해없음,차대차 - 정면충돌,신호위반,맑음,0,1
2015,경기도 안양시 만안구2,경기도 안양시 만안구 안양동(벽산사거리 부근),2015-03-22,16시경,경상사고,여,25세,승용차,상해없음,남,24세,자전거,경상,차대차 - 추돌 - 진행중,차로위반,맑음,0,1
2015,경기도 안양시 만안구2,경기도 안양시 만안구 안양동(벽산사거리 부근),2015-09-15,21시경,경상사고,남,62세,이륜차,상해없음,남,22세,자전거,경상,차대차 - 측면직각충돌,안전거리미확보,맑음,0,1
2015,경기도 안양시 만안구2,경기도 안양시 만안구 안양동(벽산사거리 부근),2015-06-02,16시경,중상사고,남,14세,자전거,상해없음,여,72세,보행자,중상,차대사람 - 보도통행중,기타,맑음,0,1
2015,경기도 안양시 만안구2,경기도 안양시 만안구 안양동(벽산사거리 부근),2015-11-22,12시경,경상사고,남,75세,자전거,경상,남,49세,승합차,상해없음,차대차 - 정면충돌,안전운전불이행,맑음,0,1
2015,경기도 안양시 만안구2,경기도 안양시 만안구 안양동(벽산사거리 부근),2015-07-07,18시경,부상신고사고,남,75세,자전거,부상신고,여,52세,승용차,상해없음,차대차 - 측면직각충돌,불법유턴,맑음,0,1
2015,경기도 안양시 만안구3,경기도 안양시 만안구 석수동(안양대교 부근),2015-08-26,23시경,중상사고,남,40세,승용차,상해없음,남,41세,자전거,중상,차대차 - 측면직각충돌,신호위반,맑음,0,1
2015,경기도 안양시 만안구3,경기도 안양시 만안구 석수동(안양대교 부근),2015-01-12,15시경,경상사고,남,54세,승용차,상해없음,남,48세,자전거,경상,차대차 - 측면직각충돌,안전운전불이행,맑음,0,1
2015,경기도 안양시 만안구3,경기도 안양시 만안구 석수동(안양대교 부근),2015-07-09,13시경,부상신고사고,남,15세,자전거,부상신고,없음,불명,없음,없음,차량단독 - 기타,안전운전불이행,맑음,0,1
2015,경기도 안양시 만안구3,경기도 안양시 만안구 석수동(안양대교 부근),2015-11-21,09시경,부상신고사고,남,15세,자전거,부상신고,남,53세,승용차,상해없음,차대차 - 측면직각충돌,불법유턴,맑음,0,1
2015,경기도 안양시 만안구3,경기도 안양시 만안구 석수동(안양대교 부근),2015-09-04,14시경,부상신고사고,남,41세,자전거,부상신고,남,36세,화물차,상해없음,차대차 - 측면직각충돌,불법유턴,맑음,0,1
2015,경기도 안양시 만안구4,경기도 안양시 만안구 석수동(석수전화국사거리 부근),2015-10-20,22시경,경상사고,남,45세,승용차,상해없음,남,17세,자전거,경상,차대차 - 측면직각충돌,안전운전불이행,맑음,0,1
2015,경기도 안양시 만안구4,경기도 안양시 만안구 석수동(석수전화국사거리 부근),2015-09-16,13시경,중상사고,남,62세,승용차,상해없음,남,75세,자전거,중상,차대차 - 측면직각충돌,신호위반,맑음,0,1
2015,경기도 안양시 만안구4,경기도 안양시 만안구 석수동(석수전화국사거리 부근),2015-01-19,19시경,경상사고,여,55세,승용차,상해없음,남,18세,자전거,경상,차대차 - 측면직각충돌,안전운전불이행,맑음,0,1
2015,경기도 안양시 만안구4,경기도 안양시 만안구 석수동(석수전화국사거리 부근),2015-11-24,17시경,부상신고사고,남,49세,화물차,상해없음,남,91세,자전거,부상신고,차대차 - 측면직각충돌,안전운전불이행,맑음,0,1
2015,경기도 안양시 동안구1,경기도 안양시 동안구 관양동(인덕원교 앞 삼거리 부근),2015-02-08,02시경,중상사고,남,19세,승용차,상해없음,남,25세,자전거,중상,차대차 - 측면직각충돌,안전운전불이행,흐림,0,1
2015,경기도 안양시 동안구1,경기도 안양시 동안구 관양동(인덕원교 앞 삼거리 부근),2015-07-01,14시경,경상사고,남,44세,승용차,기타불명,남,53세,자전거,경상,차대차 - 측면직각충돌,안전운전불이행,맑음,0,1
2015,경기도 안양시 동안구1,경기도 안양시 동안구 관양동(인덕원교 앞 삼거리 부근),2015-11-06,18시경,경상사고,남,53세,승용차,상해없음,남,70세,자전거,경상,차대차 - 측면직각충돌,안전운전불이행,비,0,1
2015,경기도 안양시 동안구1,경기도 안양시 동안구 관양동(인덕원교 앞 삼거리 부근),2015-11-04,08시경,중상사고,남,64세,승용차,상해없음,남,17세,자전거,중상,차대차 - 추돌 - 진행중,안전거리미확보,맑음,0,1
2015,경기도 안양시 동안구1,경기도 안양시 동안구 관양동(인덕원교 앞 삼거리 부근),2015-06-30,18시경,경상사고,남,70세,자전거,경상,남,47세,승용차,상해없음,차대차 - 측면직각충돌,신호위반,비,0,1
2015,경기도 안양시 동안구1,경기도 안양시 동안구 관양동(인덕원교 앞 삼거리 부근),2015-04-09,15시경,경상사고,남,81세,자전거,경상,남,56세,자전거,상해없음,차대차 - 추돌 - 진행중,안전운전불이행,맑음,0,1
2015,경기도 안양시 동안구1,경기도 안양시 동안구 관양동(인덕원교 앞 삼거리 부근),2015-06-13,14시경,중상사고,남,8세,자전거,중상,남,26세,승용차,상해없음,차대차 - 측면직각충돌,안전운전불이행,맑음,0,1
2015,경기도 안양시 동안구1,경기도 안양시 동안구 관양동(인덕원교 앞 삼거리 부근),2015-08-15,11시경,중상사고,남,46세,화물차,상해없음,남,25세,자전거,중상,차대차 - 기타,안전운전불이행,맑음,0,1
2015,경기도 안양시 동안구4,경기도 안양시 동안구 관양동(인덕원사거리 부근),2015-08-30,22시경,중상사고,남,28세,승용차,상해없음,남,23세,자전거,중상,차대차 - 측면직각충돌,신호위반,맑음,0,1
2015,경기도 안양시 동안구4,경기도 안양시 동안구 관양동(인덕원사거리 부근),2015-09-07,08시경,경상사고,남,29세,승용차,상해없음,남,15세,자전거,경상,차대차 - 측면직각충돌,안전운전불이행,맑음,0,1
2015,경기도 안양시 동안구4,경기도 안양시 동안구 관양동(인덕원사거리 부근),2015-03-04,12시경,중상사고,여,52세,승용차,상해없음,여,22세,자전거,중상,차대차 - 측면직각충돌,안전운전불이행,맑음,0,2
2015,경기도 안양시 동안구4,경기도 안양시 동안구 관양동(인덕원사거리 부근),2015-05-08,15시경,중상사고,여,62세,승용차,상해없음,여,22세,자전거,중상,차대차 - 정면충돌,신호위반,맑음,0,1
2015,경기도 안양시 동안구4,경기도 안양시 동안구 관양동(인덕원사거리 부근),2015-08-18,19시경,중상사고,남,47세,승합차,상해없음,남,62세,자전거,중상,차대차 - 측면직각충돌,안전거리미확보,맑음,0,1
2015,경기도 안양시 동안구5,경기도 안양시 동안구 관양동(봉천동 3거리 부근),2015-03-13,21시경,중상사고,남,27세,승용차,상해없음,여,55세,자전거,중상,차대차 - 측면직각충돌,안전운전불이행,맑음,0,1
2015,경기도 안양시 동안구5,경기도 안양시 동안구 관양동(봉천동 3거리 부근),2015-03-20,22시경,중상사고,남,63세,승용차,상해없음,여,46세,자전거,중상,차대차 - 측면직각충돌,신호위반,맑음,0,1
2015,경기도 안양시 동안구5,경기도 안양시 동안구 관양동(봉천동 3거리 부근),2015-03-20,06시경,중상사고,남,46세,승합차,상해없음,남,69세,자전거,중상,차대차 - 측면직각충돌,신호위반,맑음,0,1
2015,경기도 안양시 동안구5,경기도 안양시 동안구 관양동(봉천동 3거리 부근),2015-08-09,22시경,경상사고,남,18세,자전거,경상,남,52세,승용차,기타불명,차대차 - 기타,신호위반,맑음,0,1
2015,경기도 안양시 동안구5,경기도 안양시 동안구 관양동(봉천동 3거리 부근),2015-07-23,21시경,부상신고사고,여,60세,자전거,부상신고,여,44세,승용차,상해없음,차대차 - 기타,안전운전불이행,비,0,1
2015,경기도 안양시 동안구2,경기도 안양시 동안구 호계동(범계사거리 부근),2015-04-24,13시경,경상사고,남,45세,승용차,상해없음,남,75세,자전거,경상,차대차 - 측면직각충돌,안전운전불이행,맑음,0,1
2015,경기도 안양시 동안구2,경기도 안양시 동안구 호계동(범계사거리 부근),2015-11-26,17시경,중상사고,남,59세,승용차,상해없음,남,64세,자전거,중상,차대차 - 정면충돌,안전운전불이행,흐림,0,1
2015,경기도 안양시 동안구2,경기도 안양시 동안구 호계동(범계사거리 부근),2015-06-03,16시경,중상사고,여,55세,승용차,상해없음,남,66세,자전거,중상,차대차 - 측면직각충돌,안전운전불이행,맑음,0,1
2015,경기도 안양시 동안구2,경기도 안양시 동안구 호계동(범계사거리 부근),2015-09-25,21시경,경상사고,남,50세,자전거,경상,여,58세,승용차,상해없음,차대차 - 측면직각충돌,불법유턴,맑음,0,1
2015,경기도 안양시 동안구2,경기도 안양시 동안구 호계동(범계사거리 부근),2015-07-24,12시경,중상사고,남,64세,자전거,상해없음,여,64세,보행자,중상,차대사람 - 보도통행중,중앙선침범,비,0,1
2015,경기도 안양시 동안구2,경기도 안양시 동안구 호계동(범계사거리 부근),2015-07-02,07시경,중상사고,남,67세,자전거,중상,여,49세,승용차,상해없음,차대차 - 측면직각충돌,불법유턴,맑음,0,1
2015,경기도 안양시 동안구3,경기도 안양시 동안구 호계동(방죽사거리 부근),2015-03-05,12시경,경상사고,남,49세,승용차,상해없음,남,67세,자전거,경상,차대차 - 측면직각충돌,신호위반,맑음,0,1
2015,경기도 안양시 동안구3,경기도 안양시 동안구 호계동(방죽사거리 부근),2015-01-26,08시경,중상사고,남,56세,승용차,상해없음,남,73세,자전거,중상,차대차 - 측면직각충돌,안전운전불이행,비,0,1
2015,경기도 안양시 동안구3,경기도 안양시 동안구 호계동(방죽사거리 부근),2015-05-29,19시경,경상사고,남,60세,승용차,상해없음,남,13세,자전거,경상,차대차 - 측면직각충돌,신호위반,맑음,0,1
2015,경기도 안양시 동안구3,경기도 안양시 동안구 호계동(방죽사거리 부근),2015-06-12,17시경,중상사고,여,36세,승용차,상해없음,남,14세,자전거,중상,차대차 - 측면직각충돌,안전운전불이행,맑음,0,1
2015,경기도 안양시 동안구3,경기도 안양시 동안구 호계동(방죽사거리 부근),2015-04-30,12시경,경상사고,남,53세,승합차,상해없음,남,14세,자전거,경상,차대차 - 측면직각충돌,신호위반,맑음,0,1
2015,경기도 안양시 동안구3,경기도 안양시 동안구 호계동(방죽사거리 부근),2015-12-25,09시경,중상사고,남,46세,자전거,중상,남,51세,승용차,상해없음,차대차 - 정면충돌,불법유턴,맑음,0,1
2015,경기도 안양시 동안구6,경기도 안양시 동안구 호계동(새롬피아노학원 부근),2015-04-03,22시경,경상사고,남,24세,이륜차,상해없음,남,17세,자전거,경상,차대차 - 측면직각충돌,신호위반,맑음,0,1
2015,경기도 안양시 동안구6,경기도 안양시 동안구 호계동(새롬피아노학원 부근),2015-05-23,09시경,경상사고,남,10세,자전거,경상,남,46세,승용차,상해없음,차대차 - 추돌 - 진행중,안전운전불이행,맑음,0,1
2015,경기도 안양시 동안구6,경기도 안양시 동안구 호계동(새롬피아노학원 부근),2015-10-12,15시경,중상사고,남,11세,자전거,중상,남,20세,원동기장치자전거,중상,차대차 - 측면직각충돌,불법유턴,맑음,0,2
2015,경기도 안양시 동안구6,경기도 안양시 동안구 호계동(새롬피아노학원 부근),2015-08-14,08시경,중상사고,남,15세,자전거,상해없음,여,63세,보행자,중상,차대사람 - 보도통행중,안전운전불이행,맑음,0,1
2015,경기도 부천시 원미구6,경기도 부천시 원미구 원미동(원미구청3거리 부근),2015-07-08,17시경,경상사고,남,45세,승용차,기타불명,남,10세,자전거,경상,차대차 - 기타,안전운전불이행,맑음,0,1
2015,경기도 부천시 원미구6,경기도 부천시 원미구 원미동(원미구청3거리 부근),2015-05-04,20시경,경상사고,남,51세,승용차,상해없음,남,49세,자전거,경상,차대차 - 측면직각충돌,안전운전불이행,맑음,0,1
2015,경기도 부천시 원미구6,경기도 부천시 원미구 원미동(원미구청3거리 부근),2015-03-31,17시경,부상신고사고,남,55세,승용차,상해없음,남,63세,자전거,부상신고,차대차 - 기타,교차로운행방법위반,맑음,0,1
2015,경기도 부천시 원미구6,경기도 부천시 원미구 원미동(원미구청3거리 부근),2015-07-02,00시경,중상사고,남,48세,승합차,상해없음,남,22세,자전거,중상,차대차 - 추돌 - 진행중,신호위반,흐림,0,1
2015,경기도 부천시 원미구6,경기도 부천시 원미구 원미동(원미구청3거리 부근),2015-08-17,19시경,중상사고,남,34세,원동기장치자전거,상해없음,남,52세,자전거,중상,차대차 - 정면충돌,신호위반,맑음,0,1
2015,경기도 부천시 원미구6,경기도 부천시 원미구 원미동(원미구청3거리 부근),2015-06-20,11시경,경상사고,남,54세,자전거,경상,여,31세,승용차,상해없음,차대차 - 측면직각충돌,안전거리미확보,맑음,0,1
2015,경기도 부천시 원미구6,경기도 부천시 원미구 원미동(원미구청3거리 부근),2015-04-09,08시경,경상사고,남,56세,자전거,경상,남,23세,원동기장치자전거,상해없음,차대차 - 정면충돌,안전운전불이행,맑음,0,1
2015,경기도 부천시 원미구6,경기도 부천시 원미구 원미동(원미구청3거리 부근),2015-04-28,08시경,중상사고,남,60세,자전거,중상,남,55세,승용차,상해없음,차대차 - 추돌 - 진행중,안전운전불이행,맑음,0,1
2015,경기도 부천시 원미구2,경기도 부천시 원미구 심곡동(장말3거리 부근),2015-08-06,18시경,중상사고,남,24세,승용차,상해없음,남,56세,자전거,중상,차대차 - 측면직각충돌,안전운전불이행,맑음,0,1
2015,경기도 부천시 원미구2,경기도 부천시 원미구 심곡동(장말3거리 부근),2015-05-21,08시경,경상사고,남,54세,승용차,상해없음,남,15세,자전거,경상,차대차 - 측면직각충돌,안전운전불이행,맑음,0,1
2015,경기도 부천시 원미구2,경기도 부천시 원미구 심곡동(장말3거리 부근),2015-04-11,07시경,중상사고,남,57세,승용차,상해없음,남,58세,자전거,중상,차대차 - 추돌 - 진행중,안전운전불이행,맑음,0,1
2015,경기도 부천시 원미구2,경기도 부천시 원미구 심곡동(장말3거리 부근),2015-07-06,13시경,중상사고,여,46세,승용차,상해없음,여,68세,자전거,중상,차대차 - 측면직각충돌,신호위반,맑음,0,1
2015,경기도 부천시 원미구2,경기도 부천시 원미구 심곡동(장말3거리 부근),2015-09-11,15시경,경상사고,여,52세,승용차,상해없음,남,17세,자전거,경상,차대차 - 측면직각충돌,신호위반,맑음,0,1
2015,경기도 부천시 원미구2,경기도 부천시 원미구 심곡동(장말3거리 부근),2015-09-15,17시경,경상사고,여,65세,승용차,상해없음,남,57세,자전거,경상,차대차 - 측면직각충돌,안전운전불이행,맑음,0,1
2015,경기도 부천시 원미구2,경기도 부천시 원미구 심곡동(장말3거리 부근),2015-05-20,16시경,경상사고,남,21세,자전거,경상,여,36세,승용차,상해없음,차대차 - 측면직각충돌,안전운전불이행,맑음,0,1
2015,경기도 부천시 원미구2,경기도 부천시 원미구 심곡동(장말3거리 부근),2015-10-29,18시경,경상사고,남,23세,자전거,상해없음,여,20세,보행자,경상,차대사람 - 기타,안전운전불이행,맑음,0,1
2015,경기도 부천시 원미구2,경기도 부천시 원미구 심곡동(장말3거리 부근),2015-11-13,04시경,부상신고사고,남,60세,자전거,부상신고,여,42세,승용차,상해없음,차대차 - 추돌 - 진행중,안전운전불이행,맑음,0,1
2015,경기도 부천시 원미구11,경기도 부천시 원미구 심곡동(심곡고가차도 부근),2015-07-23,19시경,경상사고,기타불명,불명,불명,기타불명,남,57세,자전거,경상,차대차 - 기타,안전운전불이행,비,0,1
2015,경기도 부천시 원미구11,경기도 부천시 원미구 심곡동(심곡고가차도 부근),2015-08-10,16시경,중상사고,남,50세,승합차,상해없음,남,30세,자전거,중상,차대차 - 기타,안전운전불이행,맑음,0,1
2015,경기도 부천시 원미구11,경기도 부천시 원미구 심곡동(심곡고가차도 부근),2015-02-25,20시경,중상사고,남,27세,이륜차,상해없음,남,28세,자전거,중상,차대차 - 측면직각충돌,신호위반,맑음,0,1
2015,경기도 부천시 원미구11,경기도 부천시 원미구 심곡동(심곡고가차도 부근),2015-07-30,20시경,경상사고,남,14세,자전거,경상,남,34세,승용차,상해없음,차대차 - 추돌 - 진행중,안전운전불이행,맑음,0,1
2015,경기도 부천시 원미구11,경기도 부천시 원미구 심곡동(심곡고가차도 부근),2015-10-30,01시경,경상사고,남,25세,자전거,경상,남,68세,승용차,상해없음,차대차 - 추돌 - 진행중,안전거리미확보,맑음,0,1
2015,경기도 부천시 원미구11,경기도 부천시 원미구 심곡동(심곡고가차도 부근),2015-09-14,19시경,부상신고사고,남,40세,자전거,부상신고,남,59세,승용차,상해없음,차대차 - 측면직각충돌,안전운전불이행,맑음,0,1
2015,경기도 부천시 원미구11,경기도 부천시 원미구 심곡동(심곡고가차도 부근),2015-07-25,13시경,경상사고,남,46세,자전거,경상,남,31세,승용차,상해없음,차대차 - 기타,안전운전불이행,맑음,0,1
2015,경기도 부천시 원미구8,경기도 부천시 원미구 춘의동(안남사거리 부근),2015-05-21,09시경,경상사고,남,50세,승용차,상해없음,남,32세,자전거,경상,차대차 - 측면직각충돌,안전운전불이행,맑음,0,1
2015,경기도 부천시 원미구8,경기도 부천시 원미구 춘의동(안남사거리 부근),2015-06-03,16시경,경상사고,남,12세,자전거,경상,남,35세,화물차,상해없음,차대차 - 측면직각충돌,안전운전불이행,맑음,0,1
2015,경기도 부천시 원미구8,경기도 부천시 원미구 춘의동(안남사거리 부근),2015-07-04,11시경,부상신고사고,남,14세,자전거,부상신고,남,47세,승용차,상해없음,차대차 - 측면직각충돌,안전운전불이행,맑음,0,1
2015,경기도 부천시 원미구8,경기도 부천시 원미구 춘의동(안남사거리 부근),2015-07-16,17시경,부상신고사고,남,17세,자전거,부상신고,남,42세,승용차,상해없음,차대차 - 추돌 - 진행중,안전운전불이행,맑음,0,1
2015,경기도 부천시 원미구8,경기도 부천시 원미구 춘의동(안남사거리 부근),2015-07-22,02시경,경상사고,남,24세,자전거,경상,남,52세,승용차,상해없음,차대차 - 측면직각충돌,신호위반,맑음,0,1
2015,경기도 부천시 원미구8,경기도 부천시 원미구 춘의동(안남사거리 부근),2015-07-23,14시경,부상신고사고,남,67세,자전거,부상신고,남,53세,승합차,상해없음,차대차 - 측면직각충돌,안전운전불이행,맑음,0,1
2015,경기도 부천시 원미구8,경기도 부천시 원미구 춘의동(안남사거리 부근),2015-07-24,13시경,경상사고,남,69세,자전거,경상,남,29세,화물차,상해없음,차대차 - 정면충돌,중앙선침범,맑음,0,1
2015,경기도 부천시 원미구8,경기도 부천시 원미구 춘의동(안남사거리 부근),2015-07-08,08시경,중상사고,남,54세,화물차,상해없음,여,45세,자전거,중상,차대차 - 추돌 - 진행중,직진우회전진행방해,맑음,0,1
2015,경기도 부천시 원미구22,경기도 부천시 원미구 춘의동(춘의사거리 부근),2015-11-29,19시경,경상사고,남,52세,승용차,상해없음,남,56세,자전거,경상,차대차 - 기타,안전운전불이행,비,0,1
2015,경기도 부천시 원미구22,경기도 부천시 원미구 춘의동(춘의사거리 부근),2015-07-04,23시경,사망사고,남,62세,자전거,사망,없음,불명,없음,없음,차량단독 - 공작물충돌,안전운전불이행,맑음,1,0
2015,경기도 부천시 원미구22,경기도 부천시 원미구 춘의동(춘의사거리 부근),2015-06-25,14시경,중상사고,여,54세,자전거,중상,남,46세,승용차,상해없음,차대차 - 측면직각충돌,불법유턴,맑음,0,1
2015,경기도 부천시 원미구22,경기도 부천시 원미구 춘의동(춘의사거리 부근),2015-10-15,13시경,경상사고,남,56세,화물차,상해없음,남,43세,자전거,경상,차대차 - 측면직각충돌,안전운전불이행,맑음,0,1
2015,경기도 부천시 원미구1,경기도 부천시 원미구 중동(신시청A 부근),2015-12-06,12시경,중상사고,남,39세,건설기계,상해없음,여,21세,자전거,중상,차대차 - 측면직각충돌,안전운전불이행,맑음,0,1
2015,경기도 부천시 원미구1,경기도 부천시 원미구 중동(신시청A 부근),2015-05-25,09시경,부상신고사고,기타불명,불명,불명,기타불명,남,28세,자전거,부상신고,차대차 - 기타,안전운전불이행,맑음,0,1
2015,경기도 부천시 원미구1,경기도 부천시 원미구 중동(신시청A 부근),2015-08-31,16시경,경상사고,남,57세,승용차,상해없음,남,72세,자전거,경상,차대차 - 측면직각충돌,안전운전불이행,맑음,0,1
2015,경기도 부천시 원미구1,경기도 부천시 원미구 중동(신시청A 부근),2015-08-07,09시경,경상사고,남,59세,승용차,상해없음,여,43세,자전거,경상,차대차 - 기타,안전운전불이행,맑음,0,1
2015,경기도 부천시 원미구1,경기도 부천시 원미구 중동(신시청A 부근),2015-07-08,19시경,경상사고,여,38세,승용차,상해없음,여,62세,자전거,경상,차대차 - 기타,안전운전불이행,맑음,0,1
2015,경기도 부천시 원미구1,경기도 부천시 원미구 중동(신시청A 부근),2015-12-20,18시경,경상사고,여,51세,승용차,상해없음,남,16세,자전거,경상,차대차 - 측면직각충돌,신호위반,맑음,0,1
2015,경기도 부천시 원미구1,경기도 부천시 원미구 중동(신시청A 부근),2015-09-11,09시경,경상사고,남,40세,승합차,상해없음,여,41세,자전거,경상,차대차 - 추돌 - 진행중,안전운전불이행,맑음,0,1
2015,경기도 부천시 원미구1,경기도 부천시 원미구 중동(신시청A 부근),2015-10-30,23시경,부상신고사고,남,28세,자전거,부상신고,남,47세,승용차,상해없음,차대차 - 기타,불법유턴,맑음,0,1
2015,경기도 부천시 원미구1,경기도 부천시 원미구 중동(신시청A 부근),2015-07-10,19시경,부상신고사고,남,35세,자전거,부상신고,남,25세,승용차,기타불명,차대차 - 추돌 - 진행중,안전운전불이행,맑음,0,1
2015,경기도 부천시 원미구1,경기도 부천시 원미구 중동(신시청A 부근),2015-04-17,12시경,중상사고,남,81세,자전거,중상,여,35세,승용차,상해없음,차대차 - 측면직각충돌,안전운전불이행,맑음,0,1
2015,경기도 부천시 원미구1,경기도 부천시 원미구 중동(신시청A 부근),2015-09-30,09시경,중상사고,여,47세,자전거,중상,여,57세,승용차,상해없음,차대차 - 기타,안전운전불이행,맑음,0,1