사고년도,다발시군구,지점명,사고일시,사고시간대,사고등급,가해자성별,가해자연령,가해차종,가해자신체상해정도,피해자성별,피해자연령,피해차종,피해자신체상해정도,사고유형,가해자법규위반,기상상태,사망자수,부상자수
2015,경기도 부천시 원미구1,경기도 부천시 원미구 중동(신시청A 부근),2015-06-01,10시경,중상사고,남,35세,화물차,상해없음,여,49세,자전거,중상,차대차 - 측면직각충돌,교차로운행방법위반,맑음,0,1
2015,경기도 부천시 원미구1,경기도 부천시 원미구 중동(신시청A 부근),2015-12-04,10시경,경상사고,남,60세,화물차,상해없음,남,67세,자전거,경상,차대차 - 기타,안전운전불이행,맑음,0,1
2015,경기도 부천시 원미구4,경기도 부천시 원미구 중동(신흥고가사거리 부근),2015-02-16,11시경,중상사고,기타불명,불명,승용차,기타불명,여,63세,자전거,중상,차대차 - 측면직각충돌,안전운전불이행,비,0,1
2015,경기도 부천시 원미구4,경기도 부천시 원미구 중동(신흥고가사거리 부근),2015-12-18,22시경,경상사고,남,29세,승용차,상해없음,여,19세,자전거,경상,차대차 - 기타,안전운전불이행,맑음,0,1
2015,경기도 부천시 원미구4,경기도 부천시 원미구 중동(신흥고가사거리 부근),2015-12-22,08시경,경상사고,남,46세,승용차,상해없음,남,54세,자전거,경상,차대차 - 측면직각충돌,안전운전불이행,맑음,0,1
2015,경기도 부천시 원미구4,경기도 부천시 원미구 중동(신흥고가사거리 부근),2015-01-22,11시경,경상사고,남,53세,승용차,상해없음,남,52세,자전거,경상,차대차 - 추돌 - 주정차중,안전운전불이행,맑음,0,1
2015,경기도 부천시 원미구4,경기도 부천시 원미구 중동(신흥고가사거리 부근),2015-02-04,13시경,중상사고,여,32세,승용차,상해없음,남,59세,자전거,중상,차대차 - 측면직각충돌,안전운전불이행,맑음,0,1
2015,경기도 부천시 원미구4,경기도 부천시 원미구 중동(신흥고가사거리 부근),2015-10-30,18시경,중상사고,남,16세,자전거,부상신고,여,57세,보행자,중상,차대사람 - 길가장자리구역통행중,안전운전불이행,맑음,0,2
2015,경기도 부천시 원미구4,경기도 부천시 원미구 중동(신흥고가사거리 부근),2015-06-23,15시경,경상사고,남,73세,자전거,경상,남,32세,승용차,상해없음,차대차 - 정면충돌,안전운전불이행,맑음,0,1
2015,경기도 부천시 원미구4,경기도 부천시 원미구 중동(신흥고가사거리 부근),2015-01-05,08시경,경상사고,여,52세,자전거,경상,남,37세,승용차,상해없음,차대차 - 기타,직진우회전진행방해,맑음,0,1
2015,경기도 부천시 원미구5,경기도 부천시 원미구 중동(이은하실용음악학원 부근),2015-03-30,08시경,경상사고,기타불명,불명,승용차,기타불명,남,17세,자전거,경상,차대차 - 측면직각충돌,안전운전불이행,맑음,0,1
2015,경기도 부천시 원미구5,경기도 부천시 원미구 중동(이은하실용음악학원 부근),2015-08-21,21시경,경상사고,여,42세,승용차,상해없음,남,16세,자전거,경상,차대차 - 측면직각충돌,안전운전불이행,맑음,0,1
2015,경기도 부천시 원미구5,경기도 부천시 원미구 중동(이은하실용음악학원 부근),2015-09-14,12시경,중상사고,여,51세,승용차,상해없음,남,59세,자전거,중상,차대차 - 측면직각충돌,불법유턴,맑음,0,1
2015,경기도 부천시 원미구5,경기도 부천시 원미구 중동(이은하실용음악학원 부근),2015-04-30,17시경,경상사고,남,20세,원동기장치자전거,기타불명,남,55세,자전거,경상,차대차 - 측면직각충돌,신호위반,맑음,0,1
2015,경기도 부천시 원미구5,경기도 부천시 원미구 중동(이은하실용음악학원 부근),2015-05-19,08시경,중상사고,남,19세,자전거,상해없음,남,13세,보행자,중상,차대사람 - 횡단중,중앙선침범,맑음,0,1
2015,경기도 부천시 원미구5,경기도 부천시 원미구 중동(이은하실용음악학원 부근),2015-12-23,21시경,경상사고,남,32세,자전거,경상,남,44세,승용차,상해없음,차대차 - 측면직각충돌,안전운전불이행,맑음,0,1
2015,경기도 부천시 원미구5,경기도 부천시 원미구 중동(이은하실용음악학원 부근),2015-05-21,11시경,중상사고,남,76세,자전거,중상,남,39세,화물차,상해없음,차대차 - 측면직각충돌,신호위반,맑음,0,1
2015,경기도 부천시 원미구5,경기도 부천시 원미구 중동(이은하실용음악학원 부근),2015-05-29,13시경,경상사고,여,61세,자전거,경상,남,47세,승합차,상해없음,차대차 - 추돌 - 진행중,신호위반,맑음,0,1
2015,경기도 부천시 원미구9,경기도 부천시 원미구 중동(고척2동 파출소앞 부근),2015-08-08,22시경,중상사고,남,26세,승용차,기타불명,남,49세,자전거,중상,차대차 - 측면직각충돌,신호위반,맑음,0,1
2015,경기도 부천시 원미구9,경기도 부천시 원미구 중동(고척2동 파출소앞 부근),2015-02-19,13시경,중상사고,남,45세,승용차,상해없음,남,36세,자전거,중상,차대차 - 기타,신호위반,맑음,0,1
2015,경기도 부천시 원미구9,경기도 부천시 원미구 중동(고척2동 파출소앞 부근),2015-05-08,12시경,중상사고,여,48세,승용차,상해없음,여,62세,자전거,중상,차대차 - 측면직각충돌,안전운전불이행,맑음,0,1
2015,경기도 부천시 원미구9,경기도 부천시 원미구 중동(고척2동 파출소앞 부근),2015-08-07,18시경,부상신고사고,남,21세,자전거,부상신고,남,70세,승합차,상해없음,차대차 - 추돌 - 진행중,안전운전불이행,맑음,0,1
2015,경기도 부천시 원미구9,경기도 부천시 원미구 중동(고척2동 파출소앞 부근),2015-07-14,01시경,부상신고사고,남,22세,자전거,부상신고,남,67세,승용차,상해없음,차대차 - 측면직각충돌,안전운전불이행,맑음,0,1
2015,경기도 부천시 원미구9,경기도 부천시 원미구 중동(고척2동 파출소앞 부근),2015-11-11,18시경,경상사고,남,72세,자전거,기타불명,여,72세,보행자,경상,차대사람 - 보도통행중,안전운전불이행,맑음,0,1
2015,경기도 부천시 원미구9,경기도 부천시 원미구 중동(고척2동 파출소앞 부근),2015-10-31,12시경,경상사고,여,56세,자전거,경상,남,64세,승용차,상해없음,차대차 - 측면직각충돌,안전운전불이행,맑음,0,1
2015,경기도 부천시 원미구10,경기도 부천시 원미구 중동(복사골아파트 부근),2015-05-13,00시경,중상사고,남,62세,승용차,상해없음,남,23세,자전거,중상,차대차 - 측면직각충돌,신호위반,맑음,0,1
2015,경기도 부천시 원미구10,경기도 부천시 원미구 중동(복사골아파트 부근),2015-07-30,15시경,경상사고,여,50세,승용차,상해없음,여,62세,자전거,경상,차대차 - 기타,신호위반,맑음,0,1
2015,경기도 부천시 원미구10,경기도 부천시 원미구 중동(복사골아파트 부근),2015-12-18,09시경,중상사고,여,61세,승용차,상해없음,여,55세,자전거,중상,차대차 - 기타,안전운전불이행,맑음,0,1
2015,경기도 부천시 원미구10,경기도 부천시 원미구 중동(복사골아파트 부근),2015-10-15,08시경,부상신고사고,기타불명,불명,이륜차,기타불명,남,14세,자전거,부상신고,차대차 - 측면직각충돌,안전운전불이행,맑음,0,1
2015,경기도 부천시 원미구10,경기도 부천시 원미구 중동(복사골아파트 부근),2015-10-05,08시경,부상신고사고,남,16세,자전거,부상신고,남,56세,승합차,상해없음,차대차 - 기타,안전운전불이행,맑음,0,1
2015,경기도 부천시 원미구10,경기도 부천시 원미구 중동(복사골아파트 부근),2015-11-24,14시경,중상사고,남,61세,자전거,중상,남,61세,승합차,상해없음,차대차 - 추돌 - 진행중,안전운전불이행,맑음,0,1
2015,경기도 부천시 원미구10,경기도 부천시 원미구 중동(복사골아파트 부근),2015-08-14,23시경,부상신고사고,여,55세,자전거,부상신고,남,35세,승용차,상해없음,차대차 - 측면직각충돌,직진우회전진행방해,맑음,0,1
2015,경기도 부천시 원미구12,경기도 부천시 원미구 중동(소방서사거리 부근),2015-07-23,06시경,사망사고,남,65세,승용차,상해없음,남,79세,자전거,사망,차대차 - 측면직각충돌,안전거리미확보,맑음,1,0
2015,경기도 부천시 원미구12,경기도 부천시 원미구 중동(소방서사거리 부근),2015-06-23,14시경,중상사고,남,67세,자전거,중상,없음,불명,없음,없음,차량단독 - 전도전복,안전운전불이행,맑음,0,1
2015,경기도 부천시 원미구12,경기도 부천시 원미구 중동(소방서사거리 부근),2015-07-22,06시경,중상사고,남,73세,자전거,중상,남,52세,승용차,상해없음,차대차 - 측면직각충돌,안전운전불이행,맑음,0,1
2015,경기도 부천시 원미구12,경기도 부천시 원미구 중동(소방서사거리 부근),2015-05-20,13시경,경상사고,남,75세,자전거,경상,여,53세,승용차,상해없음,차대차 - 기타,안전운전불이행,맑음,0,1
2015,경기도 부천시 원미구12,경기도 부천시 원미구 중동(소방서사거리 부근),2015-09-09,12시경,중상사고,여,50세,자전거,중상,남,39세,승합차,상해없음,차대차 - 추돌 - 진행중,불법유턴,맑음,0,1
2015,경기도 부천시 원미구12,경기도 부천시 원미구 중동(소방서사거리 부근),2015-03-14,05시경,중상사고,여,56세,자전거,중상,남,62세,승용차,상해없음,차대차 - 기타,교차로운행방법위반,맑음,0,2
2015,경기도 부천시 원미구13,경기도 부천시 원미구 중동(상도중사거리 부근),2015-06-05,12시경,중상사고,기타불명,불명,자전거,기타불명,여,44세,보행자,중상,차대사람 - 보도통행중,기타,맑음,0,1
2015,경기도 부천시 원미구13,경기도 부천시 원미구 중동(상도중사거리 부근),2015-07-28,16시경,중상사고,남,17세,자전거,상해없음,여,44세,보행자,중상,차대사람 - 횡단중,보행자보호의무위반,맑음,0,1
2015,경기도 부천시 원미구13,경기도 부천시 원미구 중동(상도중사거리 부근),2015-09-21,08시경,경상사고,남,20세,자전거,경상,여,49세,자전거,경상,차대차 - 추돌 - 진행중,중앙선침범,맑음,0,2
2015,경기도 부천시 원미구13,경기도 부천시 원미구 중동(상도중사거리 부근),2015-03-24,22시경,중상사고,남,66세,자전거,중상,남,17세,이륜차,상해없음,차대차 - 추돌 - 진행중,불법유턴,맑음,0,1
2015,경기도 부천시 원미구13,경기도 부천시 원미구 중동(상도중사거리 부근),2015-12-28,08시경,경상사고,여,36세,자전거,경상,여,48세,승용차,상해없음,차대차 - 추돌 - 진행중,안전운전불이행,맑음,0,1
2015,경기도 부천시 원미구13,경기도 부천시 원미구 중동(상도중사거리 부근),2015-10-20,11시경,경상사고,남,50세,화물차,상해없음,여,66세,자전거,경상,차대차 - 기타,기타,맑음,0,1
2015,경기도 부천시 원미구16,경기도 부천시 원미구 중동(계남고가사거리 부근),2015-09-01,23시경,경상사고,남,30세,승용차,상해없음,남,38세,자전거,경상,차대차 - 측면직각충돌,안전운전불이행,맑음,0,1
2015,경기도 부천시 원미구16,경기도 부천시 원미구 중동(계남고가사거리 부근),2015-04-21,08시경,경상사고,여,34세,승용차,상해없음,여,25세,자전거,경상,차대차 - 측면직각충돌,안전운전불이행,맑음,0,1
2015,경기도 부천시 원미구16,경기도 부천시 원미구 중동(계남고가사거리 부근),2015-06-04,23시경,부상신고사고,남,16세,자전거,부상신고,남,53세,승용차,상해없음,차대차 - 측면직각충돌,안전운전불이행,맑음,0,1
2015,경기도 부천시 원미구16,경기도 부천시 원미구 중동(계남고가사거리 부근),2015-11-24,06시경,부상신고사고,남,25세,자전거,부상신고,남,49세,승용차,상해없음,차대차 - 측면직각충돌,직진우회전진행방해,맑음,0,1
2015,경기도 부천시 원미구16,경기도 부천시 원미구 중동(계남고가사거리 부근),2015-08-24,08시경,부상신고사고,남,46세,자전거,부상신고,남,53세,승용차,상해없음,차대차 - 측면직각충돌,안전운전불이행,맑음,0,1
2015,경기도 부천시 원미구16,경기도 부천시 원미구 중동(계남고가사거리 부근),2015-07-10,08시경,경상사고,여,57세,자전거,경상,남,16세,자전거,경상,차대차 - 기타,안전운전불이행,맑음,0,2
2015,경기도 부천시 원미구17,경기도 부천시 원미구 중동(중동사거리 부근),2015-06-23,08시경,경상사고,기타불명,불명,승용차,기타불명,여,17세,자전거,경상,차대차 - 측면직각충돌,안전운전불이행,맑음,0,1
2015,경기도 부천시 원미구17,경기도 부천시 원미구 중동(중동사거리 부근),2015-09-26,18시경,부상신고사고,기타불명,불명,승용차,기타불명,여,7세,자전거,부상신고,차대차 - 측면직각충돌,안전운전불이행,맑음,0,2
2015,경기도 부천시 원미구17,경기도 부천시 원미구 중동(중동사거리 부근),2015-08-23,12시경,중상사고,남,31세,승용차,상해없음,여,17세,자전거,중상,차대차 - 측면직각충돌,안전운전불이행,맑음,0,1
2015,경기도 부천시 원미구17,경기도 부천시 원미구 중동(중동사거리 부근),2015-03-24,15시경,경상사고,여,56세,승용차,상해없음,여,48세,자전거,경상,차대차 - 측면직각충돌,안전운전불이행,맑음,0,1
2015,경기도 부천시 원미구17,경기도 부천시 원미구 중동(중동사거리 부근),2015-03-22,19시경,중상사고,남,46세,승합차,상해없음,남,76세,자전거,중상,차대차 - 기타,안전운전불이행,맑음,0,1
2015,경기도 부천시 원미구19,"경기도 부천시 원미구 중동(포도마을(영남,삼보아파트) 부근)",2015-11-24,02시경,중상사고,남,44세,승용차,상해없음,여,53세,자전거,중상,차대차 - 측면직각충돌,신호위반,맑음,0,1
2015,경기도 부천시 원미구19,"경기도 부천시 원미구 중동(포도마을(영남,삼보아파트) 부근)",2015-02-27,20시경,경상사고,여,41세,승용차,상해없음,여,59세,자전거,경상,차대차 - 측면직각충돌,교차로운행방법위반,맑음,0,1
2015,경기도 부천시 원미구19,"경기도 부천시 원미구 중동(포도마을(영남,삼보아파트) 부근)",2015-03-26,10시경,중상사고,남,41세,승합차,상해없음,남,58세,자전거,중상,차대차 - 측면직각충돌,안전운전불이행,맑음,0,1
2015,경기도 부천시 원미구19,"경기도 부천시 원미구 중동(포도마을(영남,삼보아파트) 부근)",2015-10-16,23시경,부상신고사고,여,37세,자전거,부상신고,여,30세,승용차,상해없음,차대차 - 측면직각충돌,안전운전불이행,맑음,0,1
2015,경기도 부천시 원미구19,"경기도 부천시 원미구 중동(포도마을(영남,삼보아파트) 부근)",2015-03-15,22시경,경상사고,여,55세,자전거,경상,여,46세,승용차,상해없음,차대차 - 측면직각충돌,안전운전불이행,맑음,0,1
2015,경기도 부천시 원미구21,경기도 부천시 원미구 중동(한라마을A.P.T 부근),2015-01-03,18시경,경상사고,남,50세,승용차,상해없음,남,56세,자전거,경상,차대차 - 측면직각충돌,교차로운행방법위반,맑음,0,1
2015,경기도 부천시 원미구21,경기도 부천시 원미구 중동(한라마을A.P.T 부근),2015-11-28,15시경,경상사고,남,55세,승용차,상해없음,여,20세,자전거,경상,차대차 - 정면충돌,안전운전불이행,맑음,0,1
2015,경기도 부천시 원미구21,경기도 부천시 원미구 중동(한라마을A.P.T 부근),2015-01-23,12시경,경상사고,여,37세,승용차,상해없음,여,58세,자전거,경상,차대차 - 측면직각충돌,신호위반,맑음,0,1
2015,경기도 부천시 원미구21,경기도 부천시 원미구 중동(한라마을A.P.T 부근),2015-07-10,08시경,경상사고,남,15세,자전거,경상,남,62세,승용차,상해없음,차대차 - 추돌 - 진행중,안전운전불이행,맑음,0,1
2015,경기도 부천시 원미구21,경기도 부천시 원미구 중동(한라마을A.P.T 부근),2015-03-20,21시경,경상사고,남,26세,자전거,경상,여,28세,승용차,상해없음,차대차 - 측면직각충돌,안전운전불이행,맑음,0,1
2015,경기도 부천시 원미구24,경기도 부천시 원미구 중동(중앙공원사거리 부근),2015-11-19,17시경,경상사고,남,33세,승용차,상해없음,남,16세,자전거,경상,차대차 - 기타,안전운전불이행,맑음,0,1
2015,경기도 부천시 원미구24,경기도 부천시 원미구 중동(중앙공원사거리 부근),2015-10-10,20시경,경상사고,여,50세,승용차,상해없음,남,4세,자전거,경상,차대차 - 측면직각충돌,신호위반,맑음,0,1
2015,경기도 부천시 원미구24,경기도 부천시 원미구 중동(중앙공원사거리 부근),2015-11-28,17시경,경상사고,남,13세,자전거,경상,남,20세,승용차,상해없음,차대차 - 추돌 - 진행중,안전운전불이행,맑음,0,1
2015,경기도 부천시 원미구24,경기도 부천시 원미구 중동(중앙공원사거리 부근),2015-01-23,13시경,중상사고,남,70세,자전거,중상,남,32세,승용차,상해없음,차대차 - 추돌 - 진행중,안전운전불이행,맑음,0,1
2015,경기도 부천시 원미구3,경기도 부천시 원미구 상동(중동대로사거리 부근),2015-10-15,22시경,경상사고,기타불명,불명,불명,기타불명,남,18세,자전거,경상,차대차 - 측면직각충돌,안전운전불이행,맑음,0,2
2015,경기도 부천시 원미구3,경기도 부천시 원미구 상동(중동대로사거리 부근),2015-06-23,23시경,중상사고,남,57세,승용차,상해없음,여,27세,자전거,중상,차대차 - 기타,신호위반,맑음,0,1
2015,경기도 부천시 원미구3,경기도 부천시 원미구 상동(중동대로사거리 부근),2015-08-18,12시경,경상사고,남,59세,승용차,상해없음,남,52세,자전거,경상,차대차 - 기타,안전운전불이행,맑음,0,1
2015,경기도 부천시 원미구3,경기도 부천시 원미구 상동(중동대로사거리 부근),2015-05-28,18시경,경상사고,남,61세,승용차,상해없음,남,10세,자전거,경상,차대차 - 추돌 - 진행중,안전운전불이행,맑음,0,1
2015,경기도 부천시 원미구3,경기도 부천시 원미구 상동(중동대로사거리 부근),2015-06-08,20시경,부상신고사고,남,17세,자전거,부상신고,남,67세,승용차,상해없음,차대차 - 측면직각충돌,안전운전불이행,맑음,0,1
2015,경기도 부천시 원미구3,경기도 부천시 원미구 상동(중동대로사거리 부근),2015-05-08,17시경,부상신고사고,남,18세,자전거,부상신고,남,45세,승용차,상해없음,차대차 - 추돌 - 진행중,안전운전불이행,맑음,0,1
2015,경기도 부천시 원미구3,경기도 부천시 원미구 상동(중동대로사거리 부근),2015-08-19,06시경,부상신고사고,남,50세,자전거,부상신고,여,47세,승용차,상해없음,차대차 - 측면직각충돌,안전거리미확보,맑음,0,1
2015,경기도 부천시 원미구3,경기도 부천시 원미구 상동(중동대로사거리 부근),2015-06-22,17시경,경상사고,남,77세,자전거,경상,남,39세,승용차,상해없음,차대차 - 측면직각충돌,안전운전불이행,맑음,0,1
2015,경기도 부천시 원미구3,경기도 부천시 원미구 상동(중동대로사거리 부근),2015-04-09,08시경,부상신고사고,남,78세,자전거,부상신고,남,55세,승용차,상해없음,차대차 - 기타,신호위반,맑음,0,1
2015,경기도 부천시 원미구7,경기도 부천시 원미구 상동(준오헤어 부근),2015-06-23,01시경,경상사고,남,44세,승용차,상해없음,남,18세,자전거,경상,차대차 - 기타,안전운전불이행,맑음,0,1
2015,경기도 부천시 원미구7,경기도 부천시 원미구 상동(준오헤어 부근),2015-06-12,20시경,경상사고,남,55세,승용차,상해없음,남,43세,자전거,경상,차대차 - 기타,안전운전불이행,맑음,0,1
2015,경기도 부천시 원미구7,경기도 부천시 원미구 상동(준오헤어 부근),2015-08-26,00시경,경상사고,남,57세,승용차,상해없음,여,18세,자전거,경상,차대차 - 측면직각충돌,안전운전불이행,맑음,0,1
2015,경기도 부천시 원미구7,경기도 부천시 원미구 상동(준오헤어 부근),2015-11-18,11시경,경상사고,여,29세,승용차,상해없음,남,55세,자전거,경상,차대차 - 추돌 - 진행중,중앙선침범,맑음,0,1
2015,경기도 부천시 원미구7,경기도 부천시 원미구 상동(준오헤어 부근),2015-09-20,19시경,부상신고사고,남,15세,자전거,부상신고,남,52세,승용차,상해없음,차대차 - 측면직각충돌,중앙선침범,맑음,0,1
2015,경기도 부천시 원미구7,경기도 부천시 원미구 상동(준오헤어 부근),2015-05-17,17시경,부상신고사고,남,15세,자전거,부상신고,여,40세,승용차,상해없음,차대차 - 측면직각충돌,안전운전불이행,맑음,0,1
2015,경기도 부천시 원미구7,경기도 부천시 원미구 상동(준오헤어 부근),2015-09-18,23시경,중상사고,남,56세,자전거,중상,남,55세,승용차,상해없음,차대차 - 기타,불법유턴,맑음,0,1
2015,경기도 부천시 원미구7,경기도 부천시 원미구 상동(준오헤어 부근),2015-03-26,07시경,경상사고,여,45세,자전거,경상,남,39세,승용차,상해없음,차대차 - 추돌 - 진행중,안전운전불이행,맑음,0,1
2015,경기도 부천시 원미구14,경기도 부천시 원미구 상동(건강사거리 부근),2015-10-26,16시경,중상사고,남,49세,승용차,상해없음,남,69세,자전거,중상,차대차 - 측면직각충돌,신호위반,맑음,0,1
2015,경기도 부천시 원미구14,경기도 부천시 원미구 상동(건강사거리 부근),2015-06-18,16시경,경상사고,여,37세,승용차,상해없음,남,9세,자전거,경상,차대차 - 기타,안전운전불이행,맑음,0,1
2015,경기도 부천시 원미구14,경기도 부천시 원미구 상동(건강사거리 부근),2015-11-20,17시경,경상사고,남,45세,승합차,기타불명,남,16세,자전거,경상,차대차 - 정면충돌,안전운전불이행,맑음,0,1
2015,경기도 부천시 원미구14,경기도 부천시 원미구 상동(건강사거리 부근),2015-03-09,22시경,중상사고,남,15세,자전거,중상,여,47세,승용차,상해없음,차대차 - 추돌 - 진행중,안전운전불이행,맑음,0,1
2015,경기도 부천시 원미구14,경기도 부천시 원미구 상동(건강사거리 부근),2015-02-20,23시경,부상신고사고,남,19세,자전거,부상신고,남,33세,승용차,상해없음,차대차 - 측면직각충돌,안전운전불이행,맑음,0,1
2015,경기도 부천시 원미구14,경기도 부천시 원미구 상동(건강사거리 부근),2015-03-22,23시경,부상신고사고,남,22세,자전거,부상신고,남,64세,승용차,상해없음,차대차 - 기타,안전운전불이행,맑음,0,1
2015,경기도 부천시 원미구15,경기도 부천시 원미구 상동(부천체육관사거리 부근),2015-10-03,10시경,부상신고사고,기타불명,불명,불명,기타불명,남,16세,자전거,부상신고,차대차 - 측면직각충돌,안전운전불이행,맑음,0,1
2015,경기도 부천시 원미구15,경기도 부천시 원미구 상동(부천체육관사거리 부근),2015-05-31,16시경,경상사고,남,62세,승용차,상해없음,남,25세,자전거,경상,차대차 - 측면직각충돌,교차로운행방법위반,맑음,0,1
2015,경기도 부천시 원미구15,경기도 부천시 원미구 상동(부천체육관사거리 부근),2015-10-09,20시경,부상신고사고,여,56세,자전거,부상신고,남,42세,승용차,상해없음,차대차 - 측면직각충돌,안전운전불이행,맑음,0,1
2015,경기도 부천시 원미구15,경기도 부천시 원미구 상동(부천체육관사거리 부근),2015-01-26,13시경,경상사고,남,52세,화물차,상해없음,남,10세,자전거,경상,차대차 - 측면직각충돌,안전운전불이행,맑음,0,1
2015,경기도 부천시 원미구15,경기도 부천시 원미구 상동(부천체육관사거리 부근),2015-07-06,09시경,경상사고,남,52세,화물차,상해없음,남,58세,자전거,경상,차대차 - 기타,안전운전불이행,맑음,0,1
2015,경기도 부천시 원미구15,경기도 부천시 원미구 상동(부천체육관사거리 부근),2015-11-07,20시경,중상사고,남,57세,화물차,상해없음,남,63세,자전거,중상,차대차 - 측면직각충돌,신호위반,비,0,1
2015,경기도 부천시 원미구18,경기도 부천시 원미구 상동(우체국삼거리 부근),2015-03-01,23시경,중상사고,남,38세,승용차,상해없음,여,52세,자전거,중상,차대차 - 기타,신호위반,맑음,0,1
2015,경기도 부천시 원미구18,경기도 부천시 원미구 상동(우체국삼거리 부근),2015-05-16,22시경,경상사고,남,68세,승용차,상해없음,여,18세,자전거,경상,차대차 - 측면직각충돌,신호위반,맑음,0,1
2015,경기도 부천시 원미구18,경기도 부천시 원미구 상동(우체국삼거리 부근),2015-03-01,11시경,경상사고,여,44세,승용차,상해없음,남,14세,자전거,경상,차대차 - 추돌 - 진행중,안전운전불이행,맑음,0,1
2015,경기도 부천시 원미구18,경기도 부천시 원미구 상동(우체국삼거리 부근),2015-04-21,21시경,부상신고사고,남,49세,이륜차,상해없음,남,17세,자전거,부상신고,차대차 - 측면직각충돌,신호위반,맑음,0,1
2015,경기도 부천시 원미구18,경기도 부천시 원미구 상동(우체국삼거리 부근),2015-12-22,21시경,중상사고,여,16세,자전거,중상,남,41세,승용차,상해없음,차대차 - 측면직각충돌,불법유턴,맑음,0,1
2015,경기도 부천시 원미구20,경기도 부천시 원미구 상동(석촌초교사거리 부근),2015-10-16,17시경,부상신고사고,남,12세,자전거,부상신고,남,61세,승용차,상해없음,차대차 - 측면직각충돌,안전운전불이행,맑음,0,1
2015,경기도 부천시 원미구20,경기도 부천시 원미구 상동(석촌초교사거리 부근),2015-07-14,19시경,부상신고사고,남,13세,자전거,부상신고,남,59세,승용차,상해없음,차대차 - 측면직각충돌,불법유턴,맑음,0,1
2015,경기도 부천시 원미구20,경기도 부천시 원미구 상동(석촌초교사거리 부근),2015-02-12,22시경,중상사고,남,14세,자전거,중상,남,63세,승용차,상해없음,차대차 - 측면직각충돌,안전운전불이행,맑음,0,1
2015,경기도 부천시 원미구20,경기도 부천시 원미구 상동(석촌초교사거리 부근),2015-03-21,10시경,부상신고사고,남,64세,자전거,부상신고,여,67세,승용차,상해없음,차대차 - 측면직각충돌,안전운전불이행,맑음,0,1
2015,경기도 부천시 원미구20,경기도 부천시 원미구 상동(석촌초교사거리 부근),2015-11-08,19시경,중상사고,남,57세,화물차,상해없음,여,58세,자전거,중상,차대차 - 측면직각충돌,안전운전불이행,비,0,1
2015,경기도 부천시 원미구23,경기도 부천시 원미구 상동(법원사거리 부근),2015-10-11,08시경,중상사고,남,51세,자전거,중상,남,58세,승용차,상해없음,차대차 - 기타,기타,비,0,1
2015,경기도 부천시 원미구23,경기도 부천시 원미구 상동(법원사거리 부근),2015-07-28,18시경,중상사고,남,61세,자전거,중상,남,46세,화물차,상해없음,차대차 - 추돌 - 진행중,안전운전불이행,맑음,0,1
2015,경기도 부천시 원미구23,경기도 부천시 원미구 상동(법원사거리 부근),2015-11-23,08시경,경상사고,여,46세,자전거,경상,남,47세,승용차,상해없음,차대차 - 측면직각충돌,불법유턴,맑음,0,1
2015,경기도 부천시 원미구23,경기도 부천시 원미구 상동(법원사거리 부근),2015-06-03,23시경,중상사고,남,48세,화물차,상해없음,남,65세,자전거,중상,차대차 - 추돌 - 진행중,신호위반,맑음,0,1
2015,경기도 부천시 소사구1,경기도 부천시 소사구 송내동(사단사거리 부근),2015-08-21,23시경,경상사고,남,52세,승용차,상해없음,남,30세,자전거,경상,차대차 - 기타,기타,맑음,0,1
2015,경기도 부천시 소사구1,경기도 부천시 소사구 송내동(사단사거리 부근),2015-10-13,07시경,경상사고,남,56세,승용차,상해없음,남,67세,자전거,경상,차대차 - 측면직각충돌,신호위반,맑음,0,1
2015,경기도 부천시 소사구1,경기도 부천시 소사구 송내동(사단사거리 부근),2015-09-22,10시경,경상사고,여,60세,승용차,상해없음,남,83세,자전거,경상,차대차 - 측면직각충돌,안전운전불이행,맑음,0,1
2015,경기도 부천시 소사구1,경기도 부천시 소사구 송내동(사단사거리 부근),2015-01-03,19시경,부상신고사고,남,56세,자전거,부상신고,남,40세,승용차,상해없음,차대차 - 측면직각충돌,안전운전불이행,맑음,0,1
2015,경기도 부천시 소사구1,경기도 부천시 소사구 송내동(사단사거리 부근),2015-08-02,15시경,경상사고,남,69세,자전거,경상,남,34세,승용차,상해없음,차대차 - 측면직각충돌,안전운전불이행,맑음,0,1
2015,경기도 광명시2,경기도 광명시 광명동(광명사거리 부근),2015-07-04,04시경,경상사고,남,34세,승용차,상해없음,남,14세,자전거,경상,차대차 - 측면직각충돌,기타,맑음,0,1
2015,경기도 광명시2,경기도 광명시 광명동(광명사거리 부근),2015-08-01,10시경,경상사고,남,35세,승용차,상해없음,남,72세,자전거,경상,차대차 - 기타,기타,맑음,0,1
2015,경기도 광명시2,경기도 광명시 광명동(광명사거리 부근),2015-12-11,23시경,부상신고사고,남,58세,승용차,상해없음,남,16세,자전거,부상신고,차대차 - 정면충돌,교차로운행방법위반,맑음,0,1
2015,경기도 광명시2,경기도 광명시 광명동(광명사거리 부근),2015-08-25,16시경,경상사고,남,53세,원동기장치자전거,상해없음,남,73세,자전거,경상,차대차 - 정면충돌,안전운전불이행,비,0,1