사고년도,다발시군구,지점명,사고일시,사고시간대,사고등급,가해자성별,가해자연령,가해차종,가해자신체상해정도,피해자성별,피해자연령,피해차종,피해자신체상해정도,사고유형,가해자법규위반,기상상태,사망자수,부상자수
2015,경기도 광명시2,경기도 광명시 광명동(광명사거리 부근),2015-06-07,15시경,부상신고사고,여,36세,자전거,상해없음,남,77세,자전거,부상신고,차대차 - 측면직각충돌,직진우회전진행방해,맑음,0,1
2015,경기도 광명시2,경기도 광명시 광명동(광명사거리 부근),2015-07-03,18시경,부상신고사고,여,44세,자전거,부상신고,기타불명,불명,승용차,기타불명,차대차 - 측면직각충돌,안전운전불이행,맑음,0,1
2015,경기도 광명시2,경기도 광명시 광명동(광명사거리 부근),2015-02-14,09시경,부상신고사고,여,69세,자전거,부상신고,여,40세,승용차,상해없음,차대차 - 측면직각충돌,안전운전불이행,맑음,0,1
2015,경기도 광명시4,경기도 광명시 철산동(모두모두 부근),2015-09-07,21시경,경상사고,남,61세,승용차,상해없음,남,30세,자전거,경상,차대차 - 측면직각충돌,신호위반,맑음,0,1
2015,경기도 광명시4,경기도 광명시 철산동(모두모두 부근),2015-03-27,17시경,경상사고,여,41세,승용차,상해없음,남,13세,자전거,경상,차대차 - 측면직각충돌,안전운전불이행,맑음,0,1
2015,경기도 광명시4,경기도 광명시 철산동(모두모두 부근),2015-10-08,12시경,부상신고사고,여,11세,자전거,부상신고,남,39세,승용차,상해없음,차대차 - 측면직각충돌,안전운전불이행,맑음,0,1
2015,경기도 광명시4,경기도 광명시 철산동(모두모두 부근),2015-05-08,09시경,중상사고,여,43세,자전거,상해없음,여,31세,보행자,중상,차대사람 - 보도통행중,기타,맑음,0,1
2015,경기도 광명시1,경기도 광명시 하안동(하안사거리 부근),2015-08-12,07시경,중상사고,남,40세,승용차,상해없음,여,70세,자전거,중상,차대차 - 추돌 - 진행중,안전운전불이행,맑음,0,1
2015,경기도 광명시1,경기도 광명시 하안동(하안사거리 부근),2015-10-01,18시경,중상사고,남,53세,승용차,상해없음,남,80세,자전거,중상,차대차 - 측면직각충돌,안전운전불이행,흐림,0,1
2015,경기도 광명시1,경기도 광명시 하안동(하안사거리 부근),2015-10-14,15시경,중상사고,남,13세,자전거,상해없음,여,62세,보행자,중상,차대사람 - 보도통행중,안전운전불이행,맑음,0,1
2015,경기도 광명시1,경기도 광명시 하안동(하안사거리 부근),2015-03-27,19시경,중상사고,남,44세,자전거,상해없음,여,66세,보행자,중상,차대사람 - 보도통행중,기타,맑음,0,1
2015,경기도 광명시1,경기도 광명시 하안동(하안사거리 부근),2015-08-10,11시경,경상사고,남,47세,자전거,상해없음,여,58세,보행자,경상,차대사람 - 횡단중,신호위반,맑음,0,1
2015,경기도 광명시1,경기도 광명시 하안동(하안사거리 부근),2015-09-11,08시경,경상사고,여,16세,자전거,경상,여,34세,승용차,상해없음,차대차 - 측면직각충돌,안전운전불이행,맑음,0,1
2015,경기도 광명시1,경기도 광명시 하안동(하안사거리 부근),2015-01-09,06시경,중상사고,남,65세,화물차,상해없음,남,82세,자전거,중상,차대차 - 측면직각충돌,안전운전불이행,맑음,0,1
2015,경기도 광명시3,경기도 광명시 하안동(우체국사거리 부근),2015-05-17,05시경,중상사고,남,19세,승용차,상해없음,남,55세,자전거,중상,차대차 - 측면직각충돌,신호위반,맑음,0,1
2015,경기도 광명시3,경기도 광명시 하안동(우체국사거리 부근),2015-03-07,14시경,중상사고,남,64세,승용차,상해없음,남,74세,자전거,중상,차대차 - 측면직각충돌,안전운전불이행,맑음,0,1
2015,경기도 광명시3,경기도 광명시 하안동(우체국사거리 부근),2015-03-28,12시경,경상사고,남,31세,승합차,상해없음,여,70세,자전거,경상,차대차 - 측면직각충돌,중앙선침범,맑음,0,1
2015,경기도 광명시3,경기도 광명시 하안동(우체국사거리 부근),2015-06-18,18시경,경상사고,남,41세,이륜차,상해없음,남,37세,자전거,경상,차대차 - 측면직각충돌,차로위반,맑음,0,1
2015,경기도 광명시3,경기도 광명시 하안동(우체국사거리 부근),2015-08-16,18시경,부상신고사고,남,23세,자전거,부상신고,남,48세,승합차,상해없음,차대차 - 추돌 - 진행중,불법유턴,비,0,1
2015,경기도 광명시3,경기도 광명시 하안동(우체국사거리 부근),2015-08-14,19시경,경상사고,남,62세,자전거,상해없음,여,39세,보행자,경상,차대사람 - 보도통행중,안전운전불이행,맑음,0,1
2015,경기도 평택시2,경기도 평택시 세교동(통복삼거리 부근),2015-06-15,11시경,중상사고,여,37세,승용차,상해없음,남,75세,자전거,중상,차대차 - 측면직각충돌,신호위반,맑음,0,1
2015,경기도 평택시2,경기도 평택시 세교동(통복삼거리 부근),2015-11-16,08시경,경상사고,여,47세,승용차,상해없음,여,15세,자전거,경상,차대차 - 측면직각충돌,교차로운행방법위반,맑음,0,1
2015,경기도 평택시2,경기도 평택시 세교동(통복삼거리 부근),2015-01-28,23시경,경상사고,남,44세,자전거,경상,여,20세,승용차,상해없음,차대차 - 측면직각충돌,안전운전불이행,맑음,0,1
2015,경기도 평택시1,경기도 평택시 안중읍(현화택지사거리 부근),2015-10-25,17시경,중상사고,남,38세,승용차,상해없음,남,11세,자전거,중상,차대차 - 측면직각충돌,안전운전불이행,맑음,0,1
2015,경기도 평택시1,경기도 평택시 안중읍(현화택지사거리 부근),2015-05-08,16시경,경상사고,여,48세,승용차,상해없음,남,9세,자전거,경상,차대차 - 기타,안전운전불이행,맑음,0,1
2015,경기도 평택시1,경기도 평택시 안중읍(현화택지사거리 부근),2015-05-20,14시경,중상사고,여,52세,승용차,상해없음,남,77세,자전거,중상,차대차 - 기타,안전운전불이행,맑음,0,1
2015,경기도 평택시1,경기도 평택시 안중읍(현화택지사거리 부근),2015-05-29,05시경,경상사고,남,39세,승합차,상해없음,남,49세,자전거,경상,차대차 - 기타,안전운전불이행,맑음,0,1
2015,경기도 평택시1,경기도 평택시 안중읍(현화택지사거리 부근),2015-06-24,17시경,경상사고,남,11세,자전거,경상,여,31세,승용차,상해없음,차대차 - 기타,안전운전불이행,맑음,0,1
2015,경기도 동두천시1,경기도 동두천시 지행동((지행역앞) 부근),2015-04-29,22시경,경상사고,남,23세,승용차,상해없음,남,17세,자전거,경상,차대차 - 측면직각충돌,신호위반,맑음,0,1
2015,경기도 동두천시1,경기도 동두천시 지행동((지행역앞) 부근),2015-10-10,11시경,경상사고,남,80세,승용차,상해없음,남,13세,자전거,경상,차대차 - 기타,안전운전불이행,맑음,0,1
2015,경기도 동두천시1,경기도 동두천시 지행동((지행역앞) 부근),2015-07-02,13시경,경상사고,여,41세,승용차,상해없음,남,72세,자전거,경상,차대차 - 기타,교차로운행방법위반,맑음,0,1
2015,경기도 동두천시1,경기도 동두천시 지행동((지행역앞) 부근),2015-07-06,13시경,중상사고,남,72세,자전거,중상,남,59세,승용차,상해없음,차대차 - 측면직각충돌,신호위반,맑음,0,1
2015,경기도 동두천시1,경기도 동두천시 지행동((지행역앞) 부근),2015-07-03,09시경,부상신고사고,남,76세,자전거,부상신고,여,31세,승용차,상해없음,차대차 - 추돌 - 진행중,안전운전불이행,맑음,0,1
2015,경기도 동두천시1,경기도 동두천시 지행동((지행역앞) 부근),2015-07-27,22시경,경상사고,여,59세,자전거,경상,남,37세,승용차,상해없음,차대차 - 기타,불법유턴,맑음,0,1
2015,경기도 안산시 상록구1,경기도 안산시 상록구 본오동(대우마이홈 부근),2015-10-03,15시경,경상사고,여,44세,승용차,상해없음,남,18세,자전거,경상,차대차 - 측면직각충돌,안전운전불이행,맑음,0,1
2015,경기도 안산시 상록구1,경기도 안산시 상록구 본오동(대우마이홈 부근),2015-01-14,08시경,중상사고,여,61세,승용차,상해없음,여,36세,자전거,중상,차대차 - 기타,안전운전불이행,맑음,0,1
2015,경기도 안산시 상록구1,경기도 안산시 상록구 본오동(대우마이홈 부근),2015-07-16,08시경,경상사고,남,59세,승합차,상해없음,남,10세,자전거,경상,차대차 - 기타,신호위반,맑음,0,1
2015,경기도 안산시 상록구1,경기도 안산시 상록구 본오동(대우마이홈 부근),2015-07-22,20시경,경상사고,남,18세,이륜차,상해없음,여,21세,자전거,경상,차대차 - 측면직각충돌,신호위반,흐림,0,1
2015,경기도 안산시 상록구1,경기도 안산시 상록구 본오동(대우마이홈 부근),2015-06-02,16시경,경상사고,남,19세,자전거,경상,남,57세,승용차,상해없음,차대차 - 기타,안전운전불이행,맑음,0,1
2015,경기도 안산시 상록구1,경기도 안산시 상록구 본오동(대우마이홈 부근),2015-07-20,20시경,부상신고사고,남,54세,자전거,부상신고,남,39세,승용차,상해없음,차대차 - 추돌 - 주정차중,안전운전불이행,맑음,0,1
2015,경기도 안산시 상록구1,경기도 안산시 상록구 본오동(대우마이홈 부근),2015-02-13,10시경,사망사고,남,75세,자전거,사망,여,58세,승용차,상해없음,차대차 - 기타,신호위반,맑음,1,0
2015,경기도 안산시 상록구2,경기도 안산시 상록구 본오동(청룡 부근),2015-06-04,10시경,경상사고,남,42세,승용차,상해없음,남,65세,자전거,경상,차대차 - 측면직각충돌,안전운전불이행,맑음,0,1
2015,경기도 안산시 상록구2,경기도 안산시 상록구 본오동(청룡 부근),2015-04-07,09시경,경상사고,남,51세,승용차,상해없음,남,78세,자전거,경상,차대차 - 추돌 - 진행중,안전운전불이행,맑음,0,1
2015,경기도 안산시 상록구2,경기도 안산시 상록구 본오동(청룡 부근),2015-08-24,08시경,중상사고,여,42세,승용차,상해없음,남,17세,자전거,중상,차대차 - 기타,신호위반,맑음,0,1
2015,경기도 안산시 상록구2,경기도 안산시 상록구 본오동(청룡 부근),2015-09-16,08시경,경상사고,여,44세,승용차,상해없음,남,14세,자전거,경상,차대차 - 측면직각충돌,안전운전불이행,맑음,0,1
2015,경기도 안산시 상록구2,경기도 안산시 상록구 본오동(청룡 부근),2015-07-29,14시경,경상사고,남,57세,승합차,상해없음,여,18세,자전거,경상,차대차 - 기타,안전운전불이행,맑음,0,1
2015,경기도 안산시 상록구2,경기도 안산시 상록구 본오동(청룡 부근),2015-03-29,23시경,경상사고,남,20세,원동기장치자전거,상해없음,남,25세,자전거,경상,차대차 - 측면직각충돌,신호위반,맑음,0,1
2015,경기도 안산시 상록구2,경기도 안산시 상록구 본오동(청룡 부근),2015-12-17,22시경,경상사고,남,15세,자전거,경상,남,26세,원동기장치자전거,상해없음,차대차 - 정면충돌,안전운전불이행,맑음,0,1
2015,경기도 안산시 단원구1,경기도 안산시 단원구 고잔동(충효입구삼거리 부근),2015-11-01,12시경,경상사고,남,49세,승용차,상해없음,여,54세,자전거,경상,차대차 - 측면직각충돌,교차로운행방법위반,맑음,0,1
2015,경기도 안산시 단원구1,경기도 안산시 단원구 고잔동(충효입구삼거리 부근),2015-02-08,10시경,경상사고,남,40세,승합차,상해없음,여,71세,자전거,경상,차대차 - 측면직각충돌,안전운전불이행,맑음,0,1
2015,경기도 안산시 단원구1,경기도 안산시 단원구 고잔동(충효입구삼거리 부근),2015-08-27,17시경,경상사고,남,15세,자전거,경상,남,28세,승용차,상해없음,차대차 - 기타,안전운전불이행,맑음,0,1
2015,경기도 안산시 단원구1,경기도 안산시 단원구 고잔동(충효입구삼거리 부근),2015-05-28,23시경,경상사고,남,18세,자전거,상해없음,남,50세,이륜차,경상,차대차 - 정면충돌,중앙선침범,맑음,0,1
2015,경기도 안산시 단원구1,경기도 안산시 단원구 고잔동(충효입구삼거리 부근),2015-06-26,23시경,경상사고,남,43세,자전거,경상,남,59세,승용차,상해없음,차대차 - 추돌 - 진행중,안전운전불이행,맑음,0,1
2015,경기도 안산시 단원구1,경기도 안산시 단원구 고잔동(충효입구삼거리 부근),2015-07-27,17시경,경상사고,여,22세,자전거,상해없음,여,6세,보행자,경상,차대사람 - 보도통행중,보행자보호의무위반,맑음,0,1
2015,경기도 안산시 단원구1,경기도 안산시 단원구 고잔동(충효입구삼거리 부근),2015-03-17,20시경,경상사고,여,50세,자전거,경상,남,27세,승용차,상해없음,차대차 - 측면직각충돌,안전운전불이행,맑음,0,1
2015,경기도 안산시 단원구1,경기도 안산시 단원구 고잔동(충효입구삼거리 부근),2015-04-20,15시경,경상사고,남,48세,화물차,상해없음,남,52세,자전거,경상,차대차 - 기타,안전운전불이행,맑음,0,1
2015,경기도 안산시 단원구2,경기도 안산시 단원구 고잔동(화정교 부근),2015-02-22,05시경,경상사고,남,27세,승용차,상해없음,남,59세,자전거,경상,차대차 - 측면직각충돌,신호위반,비,0,1
2015,경기도 안산시 단원구2,경기도 안산시 단원구 고잔동(화정교 부근),2015-07-11,23시경,중상사고,남,44세,승용차,상해없음,남,24세,자전거,중상,차대차 - 측면직각충돌,신호위반,맑음,0,1
2015,경기도 안산시 단원구2,경기도 안산시 단원구 고잔동(화정교 부근),2015-06-25,10시경,중상사고,남,50세,승용차,상해없음,남,66세,자전거,중상,차대차 - 기타,신호위반,맑음,0,1
2015,경기도 안산시 단원구2,경기도 안산시 단원구 고잔동(화정교 부근),2015-06-23,23시경,중상사고,남,52세,승용차,상해없음,남,18세,자전거,중상,차대차 - 추돌 - 진행중,안전운전불이행,맑음,0,1
2015,경기도 안산시 단원구2,경기도 안산시 단원구 고잔동(화정교 부근),2015-08-01,21시경,중상사고,남,54세,승용차,상해없음,남,29세,자전거,중상,차대차 - 측면직각충돌,안전운전불이행,맑음,0,1
2015,경기도 안산시 단원구2,경기도 안산시 단원구 고잔동(화정교 부근),2015-07-27,16시경,중상사고,남,35세,승합차,상해없음,남,45세,자전거,중상,차대차 - 추돌 - 진행중,신호위반,맑음,0,1
2015,경기도 안산시 단원구2,경기도 안산시 단원구 고잔동(화정교 부근),2015-07-28,16시경,경상사고,남,26세,자전거,경상,남,41세,승용차,기타불명,차대차 - 기타,안전운전불이행,맑음,0,1
2015,경기도 안산시 단원구3,경기도 안산시 단원구 고잔동(공용주차장 부근),2015-07-10,12시경,경상사고,남,43세,승용차,상해없음,남,21세,자전거,경상,차대차 - 추돌 - 진행중,신호위반,기타,0,1
2015,경기도 안산시 단원구3,경기도 안산시 단원구 고잔동(공용주차장 부근),2015-12-28,20시경,경상사고,남,14세,자전거,경상,남,44세,승용차,상해없음,차대차 - 정면충돌,불법유턴,맑음,0,1
2015,경기도 안산시 단원구3,경기도 안산시 단원구 고잔동(공용주차장 부근),2015-04-08,20시경,중상사고,남,54세,자전거,상해없음,여,70세,보행자,중상,차대사람 - 기타,안전운전불이행,맑음,0,1
2015,경기도 안산시 단원구3,경기도 안산시 단원구 고잔동(공용주차장 부근),2015-08-07,17시경,경상사고,여,14세,자전거,경상,남,43세,화물차,상해없음,차대차 - 기타,불법유턴,맑음,0,1
2015,경기도 안산시 단원구3,경기도 안산시 단원구 고잔동(공용주차장 부근),2015-07-12,00시경,부상신고사고,여,20세,자전거,부상신고,남,21세,승용차,상해없음,차대차 - 기타,불법유턴,비,0,1
2015,경기도 안산시 단원구3,경기도 안산시 단원구 고잔동(공용주차장 부근),2015-06-18,20시경,경상사고,여,26세,자전거,경상,여,49세,승용차,상해없음,차대차 - 측면직각충돌,신호위반,맑음,0,1
2015,경기도 안산시 단원구3,경기도 안산시 단원구 고잔동(공용주차장 부근),2015-06-23,10시경,중상사고,여,57세,자전거,중상,여,36세,승용차,중상,차대차 - 추돌 - 진행중,불법유턴,맑음,0,2
2015,경기도 안산시 단원구4,경기도 안산시 단원구 고잔동(까르푸사거리 부근),2015-05-07,18시경,부상신고사고,기타불명,불명,불명,기타불명,남,22세,자전거,부상신고,차대차 - 기타,신호위반,맑음,0,1
2015,경기도 안산시 단원구4,경기도 안산시 단원구 고잔동(까르푸사거리 부근),2015-04-10,01시경,중상사고,남,30세,승용차,상해없음,남,24세,자전거,중상,차대차 - 측면직각충돌,안전운전불이행,맑음,0,1
2015,경기도 안산시 단원구4,경기도 안산시 단원구 고잔동(까르푸사거리 부근),2015-12-24,07시경,중상사고,남,33세,승용차,상해없음,남,63세,자전거,중상,차대차 - 측면직각충돌,안전운전불이행,맑음,0,1
2015,경기도 안산시 단원구4,경기도 안산시 단원구 고잔동(까르푸사거리 부근),2015-07-31,00시경,경상사고,남,37세,승용차,상해없음,남,18세,자전거,경상,차대차 - 기타,신호위반,맑음,0,1
2015,경기도 안산시 단원구4,경기도 안산시 단원구 고잔동(까르푸사거리 부근),2015-10-27,21시경,경상사고,여,47세,승용차,상해없음,남,14세,자전거,경상,차대차 - 측면직각충돌,안전운전불이행,맑음,0,1
2015,경기도 안산시 단원구4,경기도 안산시 단원구 고잔동(까르푸사거리 부근),2015-11-06,18시경,경상사고,남,14세,자전거,상해없음,여,28세,보행자,경상,차대사람 - 보도통행중,기타,맑음,0,1
2015,경기도 안산시 단원구4,경기도 안산시 단원구 고잔동(까르푸사거리 부근),2015-08-23,17시경,경상사고,남,9세,자전거,경상,남,63세,승용차,상해없음,차대차 - 측면직각충돌,안전운전불이행,맑음,0,1
2015,경기도 안산시 단원구6,경기도 안산시 단원구 고잔동(한양빌딩 사거리 부근),2015-09-12,19시경,경상사고,남,49세,승용차,상해없음,여,56세,자전거,경상,차대차 - 측면직각충돌,안전운전불이행,맑음,0,1
2015,경기도 안산시 단원구6,경기도 안산시 단원구 고잔동(한양빌딩 사거리 부근),2015-10-20,12시경,중상사고,남,61세,승용차,상해없음,남,19세,자전거,중상,차대차 - 기타,안전운전불이행,맑음,0,1
2015,경기도 안산시 단원구6,경기도 안산시 단원구 고잔동(한양빌딩 사거리 부근),2015-10-28,19시경,중상사고,남,28세,자전거,중상,여,22세,승용차,상해없음,차대차 - 측면직각충돌,불법유턴,맑음,0,1
2015,경기도 안산시 단원구6,경기도 안산시 단원구 고잔동(한양빌딩 사거리 부근),2015-12-22,11시경,중상사고,남,52세,자전거,중상,남,31세,이륜차,상해없음,차대차 - 정면충돌,신호위반,맑음,0,1
2015,경기도 안산시 단원구6,경기도 안산시 단원구 고잔동(한양빌딩 사거리 부근),2015-09-05,21시경,경상사고,여,16세,자전거,경상,남,49세,승용차,상해없음,차대차 - 기타,안전운전불이행,맑음,0,2
2015,경기도 안산시 단원구6,경기도 안산시 단원구 고잔동(한양빌딩 사거리 부근),2015-12-10,19시경,중상사고,여,20세,자전거,중상,여,39세,승용차,기타불명,차대차 - 기타,신호위반,맑음,0,1
2015,경기도 안산시 단원구8,경기도 안산시 단원구 고잔동(교보생명삼거리 부근),2015-03-16,10시경,경상사고,남,54세,승용차,상해없음,여,72세,자전거,경상,차대차 - 기타,안전운전불이행,맑음,0,1
2015,경기도 안산시 단원구8,경기도 안산시 단원구 고잔동(교보생명삼거리 부근),2015-05-20,14시경,경상사고,남,64세,승용차,상해없음,남,45세,자전거,경상,차대차 - 측면직각충돌,안전운전불이행,맑음,0,1
2015,경기도 안산시 단원구8,경기도 안산시 단원구 고잔동(교보생명삼거리 부근),2015-09-16,12시경,중상사고,여,41세,승용차,상해없음,여,59세,자전거,중상,차대차 - 측면직각충돌,안전운전불이행,맑음,0,1
2015,경기도 안산시 단원구8,경기도 안산시 단원구 고잔동(교보생명삼거리 부근),2015-08-31,08시경,경상사고,여,53세,승용차,상해없음,남,16세,자전거,경상,차대차 - 기타,안전운전불이행,맑음,0,1
2015,경기도 안산시 단원구8,경기도 안산시 단원구 고잔동(교보생명삼거리 부근),2015-07-20,04시경,경상사고,남,19세,자전거,경상,남,55세,승용차,상해없음,차대차 - 측면직각충돌,안전운전불이행,맑음,0,1
2015,경기도 안산시 단원구8,경기도 안산시 단원구 고잔동(교보생명삼거리 부근),2015-11-10,08시경,경상사고,여,53세,자전거,경상,남,68세,승용차,상해없음,차대차 - 측면직각충돌,불법유턴,맑음,0,1
2015,경기도 안산시 단원구12,경기도 안산시 단원구 고잔동(주공8단지아파트 부근),2015-09-02,19시경,중상사고,남,52세,승용차,상해없음,남,19세,자전거,중상,차대차 - 추돌 - 주정차중,안전운전불이행,맑음,0,1
2015,경기도 안산시 단원구12,경기도 안산시 단원구 고잔동(주공8단지아파트 부근),2015-10-06,08시경,경상사고,남,17세,자전거,경상,남,40세,승용차,상해없음,차대차 - 측면직각충돌,안전운전불이행,맑음,0,1
2015,경기도 안산시 단원구12,경기도 안산시 단원구 고잔동(주공8단지아파트 부근),2015-07-05,01시경,경상사고,여,24세,자전거,상해없음,남,20세,보행자,경상,차대사람 - 기타,안전운전불이행,맑음,0,1
2015,경기도 안산시 단원구12,경기도 안산시 단원구 고잔동(주공8단지아파트 부근),2015-11-10,14시경,경상사고,여,57세,자전거,상해없음,여,61세,보행자,경상,차대사람 - 기타,신호위반,맑음,0,1
2015,경기도 안산시 단원구12,경기도 안산시 단원구 고잔동(주공8단지아파트 부근),2015-07-20,18시경,중상사고,남,56세,화물차,상해없음,남,10세,자전거,중상,차대차 - 측면직각충돌,미분류,맑음,0,1
2015,경기도 안산시 단원구17,경기도 안산시 단원구 고잔동(중앙역사거리 부근),2015-07-22,20시경,경상사고,남,58세,승용차,상해없음,남,24세,자전거,경상,차대차 - 기타,안전운전불이행,맑음,0,1
2015,경기도 안산시 단원구17,경기도 안산시 단원구 고잔동(중앙역사거리 부근),2015-03-23,22시경,경상사고,남,59세,승용차,상해없음,남,19세,자전거,경상,차대차 - 기타,안전운전불이행,맑음,0,1
2015,경기도 안산시 단원구17,경기도 안산시 단원구 고잔동(중앙역사거리 부근),2015-04-24,16시경,경상사고,기타불명,불명,자전거,기타불명,여,20세,보행자,경상,차대사람 - 기타,안전운전불이행,맑음,0,1
2015,경기도 안산시 단원구17,경기도 안산시 단원구 고잔동(중앙역사거리 부근),2015-05-24,17시경,경상사고,남,14세,자전거,경상,남,57세,승용차,상해없음,차대차 - 측면직각충돌,불법유턴,맑음,0,1
2015,경기도 안산시 단원구15,경기도 안산시 단원구 와동(스피드카센타 부근),2015-11-19,19시경,경상사고,남,35세,승용차,상해없음,남,63세,자전거,경상,차대차 - 정면충돌,안전운전불이행,흐림,0,1
2015,경기도 안산시 단원구15,경기도 안산시 단원구 와동(스피드카센타 부근),2015-06-07,18시경,중상사고,남,60세,승용차,상해없음,남,8세,자전거,중상,차대차 - 측면직각충돌,미분류,맑음,0,1
2015,경기도 안산시 단원구15,경기도 안산시 단원구 와동(스피드카센타 부근),2015-10-17,16시경,경상사고,여,41세,승용차,상해없음,남,67세,자전거,경상,차대차 - 측면직각충돌,직진우회전진행방해,맑음,0,1
2015,경기도 안산시 단원구15,경기도 안산시 단원구 와동(스피드카센타 부근),2015-05-07,19시경,경상사고,여,47세,승용차,상해없음,남,18세,자전거,경상,차대차 - 측면직각충돌,안전운전불이행,맑음,0,1
2015,경기도 안산시 단원구13,경기도 안산시 단원구 신길동(뿔천지탕가든 부근),2015-10-05,17시경,중상사고,남,24세,승용차,상해없음,여,7세,자전거,중상,차대차 - 기타,안전운전불이행,맑음,0,1
2015,경기도 안산시 단원구13,경기도 안산시 단원구 신길동(뿔천지탕가든 부근),2015-09-21,18시경,중상사고,남,32세,승용차,상해없음,남,44세,자전거,중상,차대차 - 기타,안전운전불이행,맑음,0,1
2015,경기도 안산시 단원구13,경기도 안산시 단원구 신길동(뿔천지탕가든 부근),2015-12-31,16시경,경상사고,여,46세,승용차,상해없음,남,30세,자전거,경상,차대차 - 기타,안전운전불이행,맑음,0,1
2015,경기도 안산시 단원구13,경기도 안산시 단원구 신길동(뿔천지탕가든 부근),2015-12-26,19시경,중상사고,남,72세,자전거,중상,남,58세,승용차,상해없음,차대차 - 정면충돌,차로위반,맑음,0,2
2015,경기도 안산시 단원구5,경기도 안산시 단원구 초지동(아트종합건설(주) 부근),2015-06-12,17시경,경상사고,남,57세,승용차,상해없음,여,10세,자전거,경상,차대차 - 측면직각충돌,안전운전불이행,맑음,0,1
2015,경기도 안산시 단원구5,경기도 안산시 단원구 초지동(아트종합건설(주) 부근),2015-03-27,16시경,경상사고,여,36세,승용차,상해없음,여,46세,자전거,경상,차대차 - 측면직각충돌,신호위반,맑음,0,1
2015,경기도 안산시 단원구5,경기도 안산시 단원구 초지동(아트종합건설(주) 부근),2015-06-23,21시경,경상사고,여,48세,승용차,상해없음,남,12세,자전거,경상,차대차 - 측면직각충돌,안전운전불이행,맑음,0,1
2015,경기도 안산시 단원구5,경기도 안산시 단원구 초지동(아트종합건설(주) 부근),2015-10-31,17시경,경상사고,남,10세,자전거,경상,여,31세,승용차,상해없음,차대차 - 추돌 - 진행중,안전운전불이행,맑음,0,1
2015,경기도 안산시 단원구5,경기도 안산시 단원구 초지동(아트종합건설(주) 부근),2015-10-19,19시경,부상신고사고,남,25세,자전거,부상신고,남,53세,승용차,상해없음,차대차 - 측면직각충돌,안전운전불이행,맑음,0,1
2015,경기도 안산시 단원구5,경기도 안산시 단원구 초지동(아트종합건설(주) 부근),2015-11-27,16시경,부상신고사고,남,51세,자전거,부상신고,여,39세,승용차,상해없음,차대차 - 정면충돌,불법유턴,맑음,0,1
2015,경기도 안산시 단원구5,경기도 안산시 단원구 초지동(아트종합건설(주) 부근),2015-07-09,10시경,경상사고,여,25세,자전거,경상,남,60세,승용차,상해없음,차대차 - 측면직각충돌,안전운전불이행,맑음,0,2
2015,경기도 안산시 단원구7,경기도 안산시 단원구 원곡동(연수원사거리 부근),2015-04-03,21시경,경상사고,기타불명,불명,불명,기타불명,남,15세,자전거,경상,차대차 - 기타,안전운전불이행,흐림,0,1
2015,경기도 안산시 단원구7,경기도 안산시 단원구 원곡동(연수원사거리 부근),2015-04-21,14시경,중상사고,남,53세,승용차,상해없음,여,61세,자전거,중상,차대차 - 측면직각충돌,안전운전불이행,맑음,0,1
2015,경기도 안산시 단원구7,경기도 안산시 단원구 원곡동(연수원사거리 부근),2015-02-06,18시경,경상사고,남,66세,승합차,상해없음,여,64세,자전거,경상,차대차 - 기타,안전운전불이행,맑음,0,1
2015,경기도 안산시 단원구7,경기도 안산시 단원구 원곡동(연수원사거리 부근),2015-03-26,09시경,중상사고,남,54세,자전거,중상,여,48세,승용차,상해없음,차대차 - 기타,안전운전불이행,맑음,0,1
2015,경기도 안산시 단원구7,경기도 안산시 단원구 원곡동(연수원사거리 부근),2015-10-20,19시경,경상사고,남,58세,자전거,경상,기타불명,불명,보행자,기타불명,차대사람 - 보도통행중,기타,맑음,0,1
2015,경기도 안산시 단원구7,경기도 안산시 단원구 원곡동(연수원사거리 부근),2015-11-04,05시경,중상사고,남,66세,자전거,중상,남,27세,승용차,상해없음,차대차 - 측면직각충돌,신호위반,맑음,0,1
2015,경기도 안산시 단원구10,경기도 안산시 단원구 원곡동(안산역사거리 부근),2015-11-21,15시경,경상사고,남,33세,승용차,상해없음,여,39세,자전거,경상,차대차 - 정면충돌,안전운전불이행,맑음,0,1
2015,경기도 안산시 단원구10,경기도 안산시 단원구 원곡동(안산역사거리 부근),2015-10-09,16시경,사망사고,남,29세,자전거,사망,남,23세,승용차,상해없음,차대차 - 측면직각충돌,불법유턴,맑음,1,1
2015,경기도 안산시 단원구10,경기도 안산시 단원구 원곡동(안산역사거리 부근),2015-01-22,05시경,중상사고,남,43세,자전거,중상,남,47세,화물차,상해없음,차대차 - 측면직각충돌,불법유턴,맑음,0,1
2015,경기도 안산시 단원구10,경기도 안산시 단원구 원곡동(안산역사거리 부근),2015-03-25,19시경,경상사고,남,65세,자전거,경상,남,45세,화물차,상해없음,차대차 - 기타,불법유턴,비,0,1
2015,경기도 안산시 단원구10,경기도 안산시 단원구 원곡동(안산역사거리 부근),2015-09-21,10시경,부상신고사고,남,70세,자전거,부상신고,남,41세,화물차,상해없음,차대차 - 기타,안전운전불이행,맑음,0,1
2015,경기도 안산시 단원구14,경기도 안산시 단원구 원곡동(경남아너스빌아파트 부근),2015-05-01,18시경,중상사고,여,50세,승용차,상해없음,남,13세,자전거,중상,차대차 - 추돌 - 진행중,안전거리미확보,맑음,0,1