사고년도,다발시군구,지점명,사고일시,사고시간대,사고등급,가해자성별,가해자연령,가해차종,가해자신체상해정도,피해자성별,피해자연령,피해차종,피해자신체상해정도,사고유형,가해자법규위반,기상상태,사망자수,부상자수
2015,경기도 안산시 단원구14,경기도 안산시 단원구 원곡동(경남아너스빌아파트 부근),2015-08-15,17시경,부상신고사고,남,54세,자전거,부상신고,남,44세,승용차,상해없음,차대차 - 측면직각충돌,안전거리미확보,맑음,0,1
2015,경기도 안산시 단원구14,경기도 안산시 단원구 원곡동(경남아너스빌아파트 부근),2015-03-23,10시경,중상사고,남,68세,자전거,중상,남,60세,승용차,상해없음,차대차 - 기타,신호위반,맑음,0,1
2015,경기도 안산시 단원구14,경기도 안산시 단원구 원곡동(경남아너스빌아파트 부근),2015-11-13,19시경,중상사고,여,49세,자전거,중상,남,41세,승용차,상해없음,차대차 - 측면직각충돌,신호위반,비,0,1
2015,경기도 안산시 단원구16,경기도 안산시 단원구 원곡동(원선파출소사거리 부근),2015-06-05,20시경,중상사고,남,47세,승용차,상해없음,남,77세,자전거,중상,차대차 - 측면직각충돌,안전운전불이행,맑음,0,1
2015,경기도 안산시 단원구16,경기도 안산시 단원구 원곡동(원선파출소사거리 부근),2015-09-22,08시경,경상사고,기타불명,불명,자전거,기타불명,남,54세,보행자,경상,차대사람 - 기타,기타,맑음,0,1
2015,경기도 안산시 단원구16,경기도 안산시 단원구 원곡동(원선파출소사거리 부근),2015-05-07,16시경,경상사고,남,36세,자전거,경상,남,34세,승용차,상해없음,차대차 - 측면직각충돌,신호위반,맑음,0,1
2015,경기도 안산시 단원구16,경기도 안산시 단원구 원곡동(원선파출소사거리 부근),2015-05-12,09시경,경상사고,남,54세,화물차,상해없음,여,34세,자전거,경상,차대차 - 기타,교차로운행방법위반,맑음,0,1
2015,경기도 안산시 단원구9,경기도 안산시 단원구 선부동(군자농협사거리 부근),2015-07-10,13시경,경상사고,남,18세,승용차,상해없음,남,16세,자전거,경상,차대차 - 측면직각충돌,안전운전불이행,맑음,0,1
2015,경기도 안산시 단원구9,경기도 안산시 단원구 선부동(군자농협사거리 부근),2015-12-07,17시경,중상사고,여,38세,승용차,상해없음,남,16세,자전거,중상,차대차 - 측면직각충돌,신호위반,맑음,0,1
2015,경기도 안산시 단원구9,경기도 안산시 단원구 선부동(군자농협사거리 부근),2015-09-20,13시경,경상사고,여,46세,승용차,상해없음,여,26세,자전거,경상,차대차 - 기타,안전운전불이행,맑음,0,1
2015,경기도 안산시 단원구9,경기도 안산시 단원구 선부동(군자농협사거리 부근),2015-12-24,19시경,경상사고,남,15세,자전거,경상,남,59세,승용차,상해없음,차대차 - 기타,신호위반,맑음,0,1
2015,경기도 안산시 단원구9,경기도 안산시 단원구 선부동(군자농협사거리 부근),2015-08-20,17시경,경상사고,남,18세,자전거,경상,남,59세,승용차,상해없음,차대차 - 측면직각충돌,교차로운행방법위반,맑음,0,1
2015,경기도 안산시 단원구9,경기도 안산시 단원구 선부동(군자농협사거리 부근),2015-12-15,16시경,부상신고사고,남,78세,자전거,부상신고,남,38세,승합차,상해없음,차대차 - 정면충돌,중앙선침범,맑음,0,1
2015,경기도 안산시 단원구11,경기도 안산시 단원구 선부동(선부11단지사거리 부근),2015-08-25,21시경,경상사고,남,40세,승용차,상해없음,남,13세,자전거,경상,차대차 - 기타,신호위반,맑음,0,1
2015,경기도 안산시 단원구11,경기도 안산시 단원구 선부동(선부11단지사거리 부근),2015-06-27,22시경,중상사고,남,51세,승용차,상해없음,여,52세,자전거,중상,차대차 - 추돌 - 진행중,안전운전불이행,맑음,0,1
2015,경기도 안산시 단원구11,경기도 안산시 단원구 선부동(선부11단지사거리 부근),2015-10-31,14시경,경상사고,여,34세,승용차,상해없음,남,66세,자전거,경상,차대차 - 측면직각충돌,신호위반,맑음,0,1
2015,경기도 안산시 단원구11,경기도 안산시 단원구 선부동(선부11단지사거리 부근),2015-07-08,20시경,경상사고,남,13세,자전거,경상,남,28세,승용차,상해없음,차대차 - 기타,불법유턴,맑음,0,1
2015,경기도 안산시 단원구11,경기도 안산시 단원구 선부동(선부11단지사거리 부근),2015-08-30,05시경,사망사고,남,22세,특수차,상해없음,남,69세,자전거,사망,차대차 - 기타,신호위반,맑음,1,0
2015,경기도 고양시 일산동구1,경기도 고양시 일산동구 장항동(삼성스위트II공사중 부근),2015-04-29,21시경,중상사고,남,44세,승용차,상해없음,남,53세,자전거,중상,차대차 - 측면직각충돌,안전운전불이행,맑음,0,1
2015,경기도 고양시 일산동구1,경기도 고양시 일산동구 장항동(삼성스위트II공사중 부근),2015-02-24,06시경,중상사고,남,51세,승용차,상해없음,여,53세,자전거,중상,차대차 - 측면직각충돌,안전운전불이행,맑음,0,1
2015,경기도 고양시 일산동구1,경기도 고양시 일산동구 장항동(삼성스위트II공사중 부근),2015-05-08,13시경,경상사고,남,53세,승용차,상해없음,남,21세,자전거,경상,차대차 - 기타,안전운전불이행,맑음,0,1
2015,경기도 고양시 일산동구1,경기도 고양시 일산동구 장항동(삼성스위트II공사중 부근),2015-09-18,19시경,경상사고,남,73세,승용차,상해없음,여,35세,자전거,경상,차대차 - 기타,신호위반,맑음,0,1
2015,경기도 고양시 일산동구1,경기도 고양시 일산동구 장항동(삼성스위트II공사중 부근),2015-05-02,09시경,경상사고,여,52세,승용차,상해없음,남,35세,자전거,경상,차대차 - 측면직각충돌,신호위반,맑음,0,1
2015,경기도 고양시 일산동구1,경기도 고양시 일산동구 장항동(삼성스위트II공사중 부근),2015-08-07,14시경,경상사고,남,85세,자전거,경상,남,27세,승용차,상해없음,차대차 - 기타,안전운전불이행,맑음,0,1
2015,경기도 고양시 일산동구3,경기도 고양시 일산동구 장항동((정발산공원앞 삼거리) 부근),2015-10-18,17시경,중상사고,남,44세,승용차,상해없음,남,14세,자전거,중상,차대차 - 측면직각충돌,기타,맑음,0,1
2015,경기도 고양시 일산동구3,경기도 고양시 일산동구 장항동((정발산공원앞 삼거리) 부근),2015-04-24,20시경,경상사고,남,57세,승합차,상해없음,기타불명,불명,자전거,기타불명,차대차 - 기타,기타,맑음,0,1
2015,경기도 고양시 일산동구3,경기도 고양시 일산동구 장항동((정발산공원앞 삼거리) 부근),2015-02-27,17시경,경상사고,남,19세,이륜차,상해없음,남,13세,자전거,경상,차대차 - 기타,신호위반,맑음,0,1
2015,경기도 고양시 일산동구3,경기도 고양시 일산동구 장항동((정발산공원앞 삼거리) 부근),2015-08-08,01시경,경상사고,남,25세,자전거,경상,여,52세,승용차,상해없음,차대차 - 측면직각충돌,안전운전불이행,맑음,0,1
2015,경기도 고양시 일산동구3,경기도 고양시 일산동구 장항동((정발산공원앞 삼거리) 부근),2015-05-15,02시경,중상사고,남,50세,자전거,중상,남,54세,승용차,상해없음,차대차 - 측면직각충돌,안전운전불이행,맑음,0,1
2015,경기도 고양시 일산동구2,경기도 고양시 일산동구 백석동(백신고교사거리 부근),2015-06-09,18시경,중상사고,남,34세,승용차,상해없음,남,15세,자전거,중상,차대차 - 기타,안전운전불이행,맑음,0,1
2015,경기도 고양시 일산동구2,경기도 고양시 일산동구 백석동(백신고교사거리 부근),2015-06-19,20시경,중상사고,남,45세,승용차,상해없음,남,76세,자전거,중상,차대차 - 기타,안전운전불이행,맑음,0,1
2015,경기도 고양시 일산동구2,경기도 고양시 일산동구 백석동(백신고교사거리 부근),2015-11-06,13시경,중상사고,남,62세,승용차,상해없음,남,49세,자전거,중상,차대차 - 기타,교차로운행방법위반,맑음,0,1
2015,경기도 고양시 일산동구2,경기도 고양시 일산동구 백석동(백신고교사거리 부근),2015-09-25,20시경,중상사고,여,27세,승용차,상해없음,남,51세,자전거,중상,차대차 - 기타,신호위반,기타,0,1
2015,경기도 고양시 일산동구2,경기도 고양시 일산동구 백석동(백신고교사거리 부근),2015-01-30,17시경,부상신고사고,남,44세,화물차,상해없음,여,52세,자전거,부상신고,차대차 - 측면직각충돌,안전운전불이행,맑음,0,1
2015,경기도 고양시 일산동구4,경기도 고양시 일산동구 백석동(마두1동사거리 부근),2015-08-17,19시경,경상사고,남,52세,승용차,상해없음,남,26세,자전거,경상,차대차 - 기타,교차로운행방법위반,맑음,0,1
2015,경기도 고양시 일산동구4,경기도 고양시 일산동구 백석동(마두1동사거리 부근),2015-05-17,15시경,중상사고,남,72세,승용차,상해없음,남,54세,자전거,중상,차대차 - 기타,교차로운행방법위반,맑음,0,1
2015,경기도 고양시 일산동구4,경기도 고양시 일산동구 백석동(마두1동사거리 부근),2015-06-29,16시경,경상사고,여,54세,승용차,상해없음,남,9세,자전거,경상,차대차 - 측면직각충돌,안전운전불이행,맑음,0,1
2015,경기도 고양시 일산동구4,경기도 고양시 일산동구 백석동(마두1동사거리 부근),2015-07-03,16시경,부상신고사고,남,15세,자전거,부상신고,여,47세,승용차,상해없음,차대차 - 기타,안전운전불이행,맑음,0,1
2015,경기도 고양시 일산동구4,경기도 고양시 일산동구 백석동(마두1동사거리 부근),2015-09-05,07시경,부상신고사고,여,67세,자전거,부상신고,남,52세,승합차,상해없음,차대차 - 기타,안전운전불이행,맑음,0,1
2015,경기도 고양시 일산서구4,경기도 고양시 일산서구 일산동((동심프라자앞 사거리) 부근),2015-03-09,10시경,경상사고,남,75세,승용차,상해없음,남,75세,자전거,경상,차대차 - 측면직각충돌,신호위반,맑음,0,1
2015,경기도 고양시 일산서구4,경기도 고양시 일산서구 일산동((동심프라자앞 사거리) 부근),2015-09-19,01시경,경상사고,여,55세,승용차,상해없음,여,15세,자전거,경상,차대차 - 추돌 - 진행중,안전운전불이행,기타,0,1
2015,경기도 고양시 일산서구4,경기도 고양시 일산서구 일산동((동심프라자앞 사거리) 부근),2015-07-14,15시경,경상사고,여,62세,승용차,상해없음,남,12세,자전거,경상,차대차 - 추돌 - 진행중,안전운전불이행,맑음,0,1
2015,경기도 고양시 일산서구4,경기도 고양시 일산서구 일산동((동심프라자앞 사거리) 부근),2015-09-22,08시경,경상사고,남,47세,승합차,상해없음,남,69세,자전거,경상,차대차 - 추돌 - 주정차중,안전운전불이행,맑음,0,1
2015,경기도 고양시 일산서구4,경기도 고양시 일산서구 일산동((동심프라자앞 사거리) 부근),2015-10-20,22시경,경상사고,남,17세,자전거,경상,여,45세,승용차,상해없음,차대차 - 측면직각충돌,불법유턴,맑음,0,1
2015,경기도 고양시 일산서구6,경기도 고양시 일산서구 일산동(후곡18단지사거리 부근),2015-07-26,16시경,사망사고,남,44세,승용차,상해없음,남,81세,자전거,사망,차대차 - 측면직각충돌,안전운전불이행,맑음,1,0
2015,경기도 고양시 일산서구6,경기도 고양시 일산서구 일산동(후곡18단지사거리 부근),2015-05-12,07시경,경상사고,남,55세,승용차,상해없음,남,19세,자전거,경상,차대차 - 기타,안전운전불이행,맑음,0,1
2015,경기도 고양시 일산서구6,경기도 고양시 일산서구 일산동(후곡18단지사거리 부근),2015-05-01,07시경,부상신고사고,남,67세,자전거,부상신고,없음,불명,없음,없음,차량단독 - 기타,안전운전불이행,맑음,0,1
2015,경기도 고양시 일산서구6,경기도 고양시 일산서구 일산동(후곡18단지사거리 부근),2015-02-11,15시경,경상사고,여,67세,자전거,경상,남,72세,승합차,상해없음,차대차 - 측면직각충돌,안전거리미확보,맑음,0,1
2015,경기도 고양시 일산서구2,경기도 고양시 일산서구 주엽동(주엽역사거리 부근),2015-11-03,18시경,부상신고사고,기타불명,불명,불명,기타불명,남,17세,자전거,부상신고,차대차 - 기타,안전운전불이행,기타,0,1
2015,경기도 고양시 일산서구2,경기도 고양시 일산서구 주엽동(주엽역사거리 부근),2015-11-11,00시경,부상신고사고,기타불명,불명,불명,기타불명,여,20세,자전거,부상신고,차대차 - 측면직각충돌,안전운전불이행,맑음,0,1
2015,경기도 고양시 일산서구2,경기도 고양시 일산서구 주엽동(주엽역사거리 부근),2015-05-26,14시경,경상사고,여,41세,승용차,상해없음,남,7세,자전거,경상,차대차 - 측면직각충돌,기타,맑음,0,1
2015,경기도 고양시 일산서구2,경기도 고양시 일산서구 주엽동(주엽역사거리 부근),2015-02-10,07시경,중상사고,여,46세,승용차,상해없음,남,78세,자전거,중상,차대차 - 측면직각충돌,안전운전불이행,맑음,0,1
2015,경기도 고양시 일산서구2,경기도 고양시 일산서구 주엽동(주엽역사거리 부근),2015-03-04,22시경,경상사고,남,61세,승합차,상해없음,남,18세,자전거,경상,차대차 - 측면직각충돌,신호위반,맑음,0,1
2015,경기도 고양시 일산서구2,경기도 고양시 일산서구 주엽동(주엽역사거리 부근),2015-05-12,16시경,중상사고,남,21세,자전거,상해없음,여,4세,보행자,중상,차대사람 - 기타,안전운전불이행,맑음,0,1
2015,경기도 고양시 일산서구3,경기도 고양시 일산서구 주엽동(주엽신우아파트B 부근),2015-10-15,20시경,중상사고,남,61세,승용차,상해없음,여,19세,자전거,중상,차대차 - 기타,신호위반,맑음,0,1
2015,경기도 고양시 일산서구3,경기도 고양시 일산서구 주엽동(주엽신우아파트B 부근),2015-08-06,22시경,부상신고사고,남,15세,자전거,부상신고,남,62세,화물차,상해없음,차대차 - 정면충돌,중앙선침범,맑음,0,1
2015,경기도 고양시 일산서구3,경기도 고양시 일산서구 주엽동(주엽신우아파트B 부근),2015-08-27,20시경,경상사고,남,26세,자전거,경상,남,41세,승용차,상해없음,차대차 - 측면직각충돌,안전운전불이행,맑음,0,1
2015,경기도 고양시 일산서구3,경기도 고양시 일산서구 주엽동(주엽신우아파트B 부근),2015-05-27,08시경,경상사고,여,27세,자전거,경상,여,37세,승용차,상해없음,차대차 - 기타,안전운전불이행,맑음,0,1
2015,경기도 고양시 일산서구3,경기도 고양시 일산서구 주엽동(주엽신우아파트B 부근),2015-12-05,08시경,경상사고,여,57세,자전거,경상,남,52세,승용차,상해없음,차대차 - 측면직각충돌,중앙선침범,맑음,0,1
2015,경기도 고양시 일산서구1,경기도 고양시 일산서구 대화동(고양종합운동장사거리 부근),2015-07-09,12시경,경상사고,남,44세,승용차,상해없음,여,68세,자전거,경상,차대차 - 기타,신호위반,맑음,0,1
2015,경기도 고양시 일산서구1,경기도 고양시 일산서구 대화동(고양종합운동장사거리 부근),2015-04-18,15시경,경상사고,남,52세,승용차,상해없음,여,22세,자전거,경상,차대차 - 기타,신호위반,맑음,0,1
2015,경기도 고양시 일산서구1,경기도 고양시 일산서구 대화동(고양종합운동장사거리 부근),2015-01-14,16시경,경상사고,남,66세,승용차,상해없음,남,22세,자전거,경상,차대차 - 측면직각충돌,안전운전불이행,맑음,0,1
2015,경기도 고양시 일산서구1,경기도 고양시 일산서구 대화동(고양종합운동장사거리 부근),2015-10-11,18시경,경상사고,여,48세,승용차,상해없음,남,51세,자전거,경상,차대차 - 기타,교차로운행방법위반,기타,0,1
2015,경기도 고양시 일산서구1,경기도 고양시 일산서구 대화동(고양종합운동장사거리 부근),2015-09-09,22시경,경상사고,여,54세,승용차,상해없음,여,19세,자전거,경상,차대차 - 측면직각충돌,안전운전불이행,맑음,0,1
2015,경기도 고양시 일산서구1,경기도 고양시 일산서구 대화동(고양종합운동장사거리 부근),2015-03-03,19시경,경상사고,여,53세,승합차,상해없음,남,74세,자전거,경상,차대차 - 측면직각충돌,안전운전불이행,맑음,0,1
2015,경기도 고양시 일산서구1,경기도 고양시 일산서구 대화동(고양종합운동장사거리 부근),2015-08-31,13시경,경상사고,여,68세,자전거,경상,없음,불명,없음,없음,차량단독 - 기타,안전운전불이행,맑음,0,1
2015,경기도 고양시 일산서구5,경기도 고양시 일산서구 대화동(생명샘교회 부근),2015-08-23,08시경,경상사고,남,39세,승용차,상해없음,남,19세,자전거,경상,차대차 - 측면직각충돌,안전운전불이행,맑음,0,1
2015,경기도 고양시 일산서구5,경기도 고양시 일산서구 대화동(생명샘교회 부근),2015-09-22,12시경,사망사고,여,35세,승용차,상해없음,여,49세,자전거,사망,차대차 - 측면직각충돌,안전운전불이행,맑음,1,0
2015,경기도 고양시 일산서구5,경기도 고양시 일산서구 대화동(생명샘교회 부근),2015-05-07,10시경,중상사고,여,42세,승용차,상해없음,남,67세,자전거,중상,차대차 - 측면직각충돌,교차로운행방법위반,맑음,0,1
2015,경기도 고양시 일산서구5,경기도 고양시 일산서구 대화동(생명샘교회 부근),2015-05-10,17시경,중상사고,여,51세,승용차,상해없음,남,74세,자전거,중상,차대차 - 추돌 - 진행중,안전운전불이행,맑음,0,1
2015,경기도 고양시 일산서구7,경기도 고양시 일산서구 대화동(대화공원사거리 부근),2015-09-07,22시경,부상신고사고,기타불명,불명,자전거,기타불명,남,53세,보행자,부상신고,차대사람 - 보도통행중,기타,맑음,0,1
2015,경기도 고양시 일산서구7,경기도 고양시 일산서구 대화동(대화공원사거리 부근),2015-05-09,16시경,경상사고,남,13세,자전거,경상,없음,불명,없음,없음,차량단독 - 전도전복,안전운전불이행,맑음,0,1
2015,경기도 고양시 일산서구7,경기도 고양시 일산서구 대화동(대화공원사거리 부근),2015-09-09,16시경,부상신고사고,남,15세,자전거,부상신고,여,55세,승용차,상해없음,차대차 - 기타,안전운전불이행,맑음,0,1
2015,경기도 고양시 일산서구7,경기도 고양시 일산서구 대화동(대화공원사거리 부근),2015-02-25,11시경,사망사고,여,72세,자전거,사망,여,50세,승용차,상해없음,차대차 - 기타,신호위반,맑음,1,0
2015,경기도 구리시1,경기도 구리시 교문동(한성아파트앞사거리 부근),2015-06-14,19시경,경상사고,기타불명,불명,자전거,기타불명,남,6세,자전거,경상,차대차 - 기타,안전운전불이행,맑음,0,1
2015,경기도 구리시1,경기도 구리시 교문동(한성아파트앞사거리 부근),2015-05-18,19시경,경상사고,남,14세,자전거,경상,남,48세,이륜차,상해없음,차대차 - 측면직각충돌,안전운전불이행,맑음,0,1
2015,경기도 구리시1,경기도 구리시 교문동(한성아파트앞사거리 부근),2015-03-13,08시경,중상사고,남,16세,자전거,상해없음,여,75세,보행자,중상,차대사람 - 횡단중,보행자보호의무위반,맑음,0,1
2015,경기도 구리시1,경기도 구리시 교문동(한성아파트앞사거리 부근),2015-09-19,01시경,경상사고,여,23세,자전거,경상,남,53세,승용차,상해없음,차대차 - 추돌 - 진행중,안전운전불이행,맑음,0,1
2015,경기도 구리시1,경기도 구리시 교문동(한성아파트앞사거리 부근),2015-10-12,10시경,경상사고,여,44세,자전거,경상,남,47세,승용차,상해없음,차대차 - 측면직각충돌,안전운전불이행,맑음,0,1
2015,경기도 남양주시2,경기도 남양주시 호평동((호평주공23단지앞) 부근),2015-06-09,07시경,중상사고,남,62세,승용차,상해없음,여,22세,자전거,중상,차대차 - 측면직각충돌,안전운전불이행,맑음,0,1
2015,경기도 남양주시2,경기도 남양주시 호평동((호평주공23단지앞) 부근),2015-11-11,16시경,경상사고,남,70세,승합차,상해없음,남,8세,자전거,경상,차대차 - 기타,안전운전불이행,맑음,0,1
2015,경기도 남양주시2,경기도 남양주시 호평동((호평주공23단지앞) 부근),2015-06-22,08시경,경상사고,남,17세,자전거,경상,남,35세,승용차,상해없음,차대차 - 측면직각충돌,안전운전불이행,맑음,0,1
2015,경기도 남양주시2,경기도 남양주시 호평동((호평주공23단지앞) 부근),2015-04-09,16시경,중상사고,남,53세,화물차,상해없음,남,73세,자전거,중상,차대차 - 기타,안전운전불이행,맑음,0,1
2015,경기도 남양주시1,경기도 남양주시 와부읍((팔당가든앞) 부근),2015-04-10,13시경,경상사고,남,39세,승용차,상해없음,남,74세,자전거,경상,차대차 - 측면직각충돌,신호위반,맑음,0,1
2015,경기도 남양주시1,경기도 남양주시 와부읍((팔당가든앞) 부근),2015-07-23,17시경,중상사고,남,67세,승합차,상해없음,남,61세,자전거,중상,차대차 - 측면직각충돌,신호위반,맑음,0,1
2015,경기도 남양주시1,경기도 남양주시 와부읍((팔당가든앞) 부근),2015-05-04,17시경,중상사고,남,17세,자전거,상해없음,남,59세,자전거,중상,차대차 - 기타,안전운전불이행,맑음,0,1
2015,경기도 남양주시1,경기도 남양주시 와부읍((팔당가든앞) 부근),2015-08-01,18시경,경상사고,여,23세,자전거,상해없음,남,54세,자전거,경상,차대차 - 기타,안전운전불이행,맑음,0,1
2015,경기도 오산시1,경기도 오산시 원동((오산LPG충전소(LG)앞교차로) 부근),2015-02-14,17시경,중상사고,여,25세,승용차,상해없음,남,52세,자전거,중상,차대차 - 기타,안전운전불이행,맑음,0,1
2015,경기도 오산시1,경기도 오산시 원동((오산LPG충전소(LG)앞교차로) 부근),2015-03-05,17시경,경상사고,여,49세,승용차,상해없음,남,46세,자전거,경상,차대차 - 측면직각충돌,안전운전불이행,맑음,0,1
2015,경기도 오산시1,경기도 오산시 원동((오산LPG충전소(LG)앞교차로) 부근),2015-04-24,08시경,중상사고,남,55세,승합차,상해없음,남,64세,자전거,중상,차대차 - 측면직각충돌,안전운전불이행,맑음,0,1
2015,경기도 오산시1,경기도 오산시 원동((오산LPG충전소(LG)앞교차로) 부근),2015-04-23,08시경,부상신고사고,남,13세,자전거,부상신고,여,38세,승용차,상해없음,차대차 - 기타,신호위반,맑음,0,1
2015,경기도 오산시1,경기도 오산시 원동((오산LPG충전소(LG)앞교차로) 부근),2015-04-30,18시경,경상사고,남,18세,자전거,경상,남,18세,승용차,상해없음,차대차 - 추돌 - 진행중,안전운전불이행,맑음,0,1
2015,경기도 오산시1,경기도 오산시 원동((오산LPG충전소(LG)앞교차로) 부근),2015-07-28,11시경,부상신고사고,남,60세,자전거,부상신고,남,32세,승용차,상해없음,차대차 - 측면직각충돌,안전운전불이행,맑음,0,1
2015,경기도 오산시1,경기도 오산시 원동((오산LPG충전소(LG)앞교차로) 부근),2015-05-05,21시경,부상신고사고,여,48세,자전거,부상신고,남,35세,승용차,상해없음,차대차 - 기타,안전운전불이행,맑음,0,1
2015,경기도 오산시1,경기도 오산시 원동((오산LPG충전소(LG)앞교차로) 부근),2015-09-30,08시경,경상사고,남,40세,화물차,상해없음,남,17세,자전거,경상,차대차 - 기타,신호위반,맑음,0,1
2015,경기도 오산시1,경기도 오산시 원동((오산LPG충전소(LG)앞교차로) 부근),2015-08-03,13시경,경상사고,남,45세,화물차,상해없음,남,19세,자전거,경상,차대차 - 측면직각충돌,안전운전불이행,맑음,0,1
2015,경기도 오산시4,경기도 오산시 원동((대일기계앞교차로) 부근),2015-08-25,20시경,중상사고,남,43세,승합차,기타불명,여,57세,자전거,중상,차대차 - 측면직각충돌,안전운전불이행,맑음,0,1
2015,경기도 오산시4,경기도 오산시 원동((대일기계앞교차로) 부근),2015-07-02,13시경,중상사고,남,49세,승합차,상해없음,남,64세,자전거,중상,차대차 - 기타,기타,맑음,0,1
2015,경기도 오산시4,경기도 오산시 원동((대일기계앞교차로) 부근),2015-11-18,07시경,부상신고사고,남,25세,자전거,부상신고,남,43세,건설기계,상해없음,차대차 - 기타,안전운전불이행,맑음,0,1
2015,경기도 오산시4,경기도 오산시 원동((대일기계앞교차로) 부근),2015-09-01,16시경,경상사고,남,30세,자전거,경상,남,13세,보행자,부상신고,차대사람 - 기타,안전운전불이행,맑음,0,2
2015,경기도 오산시3,경기도 오산시 궐동(순 살로만치킨 부근),2015-05-20,15시경,중상사고,기타불명,불명,불명,기타불명,여,66세,자전거,중상,차대차 - 측면직각충돌,안전운전불이행,맑음,0,1
2015,경기도 오산시3,경기도 오산시 궐동(순 살로만치킨 부근),2015-03-15,19시경,경상사고,남,30세,승용차,상해없음,남,72세,자전거,경상,차대차 - 측면직각충돌,교차로운행방법위반,맑음,0,1
2015,경기도 오산시3,경기도 오산시 궐동(순 살로만치킨 부근),2015-07-27,19시경,중상사고,남,74세,승합차,상해없음,남,27세,자전거,중상,차대차 - 측면직각충돌,안전운전불이행,맑음,0,1
2015,경기도 오산시3,경기도 오산시 궐동(순 살로만치킨 부근),2015-04-10,23시경,중상사고,남,51세,이륜차,상해없음,남,31세,자전거,중상,차대차 - 기타,안전운전불이행,맑음,0,1
2015,경기도 오산시3,경기도 오산시 궐동(순 살로만치킨 부근),2015-05-20,14시경,경상사고,남,67세,자전거,경상,여,63세,승용차,상해없음,차대차 - 추돌 - 진행중,불법유턴,맑음,0,1
2015,경기도 오산시2,경기도 오산시 가수동(남촌오거리 부근),2015-07-22,15시경,중상사고,남,29세,승용차,상해없음,남,76세,자전거,중상,차대차 - 추돌 - 진행중,안전운전불이행,맑음,0,1
2015,경기도 오산시2,경기도 오산시 가수동(남촌오거리 부근),2015-03-01,10시경,중상사고,여,52세,승용차,상해없음,남,60세,자전거,중상,차대차 - 기타,신호위반,맑음,0,1
2015,경기도 오산시2,경기도 오산시 가수동(남촌오거리 부근),2015-09-17,12시경,경상사고,남,72세,원동기장치자전거,상해없음,남,61세,자전거,경상,차대차 - 측면직각충돌,안전운전불이행,맑음,0,1
2015,경기도 오산시2,경기도 오산시 가수동(남촌오거리 부근),2015-09-22,18시경,중상사고,남,34세,이륜차,상해없음,남,14세,자전거,중상,차대차 - 측면직각충돌,중앙선침범,맑음,0,1
2015,경기도 오산시2,경기도 오산시 가수동(남촌오거리 부근),2015-09-28,22시경,중상사고,남,19세,자전거,상해없음,남,18세,이륜차,중상,차대차 - 정면충돌,중앙선침범,맑음,0,1
2015,경기도 오산시2,경기도 오산시 가수동(남촌오거리 부근),2015-06-05,18시경,중상사고,남,29세,자전거,중상,여,36세,승용차,상해없음,차대차 - 측면직각충돌,안전운전불이행,맑음,0,1
2015,경기도 시흥시3,경기도 시흥시 신천동(신성대성카센타 부근),2015-02-03,06시경,중상사고,남,48세,승용차,상해없음,남,58세,자전거,중상,차대차 - 기타,신호위반,맑음,0,1
2015,경기도 시흥시3,경기도 시흥시 신천동(신성대성카센타 부근),2015-12-11,17시경,경상사고,남,28세,자전거,상해없음,여,50세,보행자,경상,차대사람 - 횡단중,안전운전불이행,맑음,0,1
2015,경기도 시흥시3,경기도 시흥시 신천동(신성대성카센타 부근),2015-08-18,15시경,경상사고,남,57세,자전거,상해없음,남,49세,원동기장치자전거,경상,차대차 - 기타,안전운전불이행,맑음,0,1
2015,경기도 시흥시3,경기도 시흥시 신천동(신성대성카센타 부근),2015-09-23,17시경,중상사고,남,49세,화물차,상해없음,남,65세,자전거,중상,차대차 - 측면직각충돌,안전운전불이행,맑음,0,1
2015,경기도 시흥시1,경기도 시흥시 정왕동(이마트사거리 부근),2015-12-22,17시경,경상사고,기타불명,불명,불명,기타불명,남,10세,자전거,경상,차대차 - 측면직각충돌,신호위반,맑음,0,1
2015,경기도 시흥시1,경기도 시흥시 정왕동(이마트사거리 부근),2015-08-15,20시경,경상사고,기타불명,불명,불명,기타불명,남,44세,자전거,경상,차대차 - 기타,안전운전불이행,맑음,0,1
2015,경기도 시흥시1,경기도 시흥시 정왕동(이마트사거리 부근),2015-11-09,16시경,경상사고,남,57세,승용차,상해없음,여,61세,자전거,경상,차대차 - 측면직각충돌,안전운전불이행,맑음,0,1
2015,경기도 시흥시1,경기도 시흥시 정왕동(이마트사거리 부근),2015-07-20,10시경,중상사고,남,56세,승합차,상해없음,남,73세,자전거,중상,차대차 - 측면직각충돌,신호위반,맑음,0,1
2015,경기도 시흥시1,경기도 시흥시 정왕동(이마트사거리 부근),2015-03-12,08시경,중상사고,남,21세,자전거,중상,여,38세,승용차,상해없음,차대차 - 정면충돌,중앙선침범,맑음,0,1
2015,경기도 시흥시1,경기도 시흥시 정왕동(이마트사거리 부근),2015-08-05,07시경,중상사고,여,48세,자전거,중상,여,58세,승용차,상해없음,차대차 - 측면직각충돌,안전운전불이행,맑음,0,1
2015,경기도 시흥시1,경기도 시흥시 정왕동(이마트사거리 부근),2015-03-02,08시경,중상사고,남,49세,화물차,상해없음,남,46세,자전거,중상,차대차 - 측면직각충돌,신호위반,맑음,0,1
2015,경기도 시흥시2,경기도 시흥시 정왕동(정왕1교사거리 부근),2015-12-04,05시경,부상신고사고,기타불명,불명,불명,기타불명,남,60세,자전거,부상신고,차대차 - 정면충돌,안전운전불이행,맑음,0,1