사고년도,다발시군구,지점명,사고일시,사고시간대,사고등급,가해자성별,가해자연령,가해차종,가해자신체상해정도,피해자성별,피해자연령,피해차종,피해자신체상해정도,사고유형,가해자법규위반,기상상태,사망자수,부상자수
2015,경기도 시흥시2,경기도 시흥시 정왕동(정왕1교사거리 부근),2015-08-30,21시경,중상사고,남,31세,승용차,상해없음,남,55세,자전거,중상,차대차 - 측면직각충돌,안전운전불이행,맑음,0,1
2015,경기도 시흥시2,경기도 시흥시 정왕동(정왕1교사거리 부근),2015-06-29,14시경,경상사고,남,70세,승용차,상해없음,여,42세,자전거,경상,차대차 - 측면직각충돌,신호위반,맑음,0,1
2015,경기도 시흥시2,경기도 시흥시 정왕동(정왕1교사거리 부근),2015-08-18,17시경,경상사고,남,37세,자전거,경상,남,59세,승용차,상해없음,차대차 - 측면직각충돌,불법유턴,맑음,0,2
2015,경기도 시흥시2,경기도 시흥시 정왕동(정왕1교사거리 부근),2015-08-14,08시경,경상사고,여,32세,자전거,경상,여,41세,승용차,상해없음,차대차 - 측면직각충돌,안전운전불이행,맑음,0,1
2015,경기도 시흥시2,경기도 시흥시 정왕동(정왕1교사거리 부근),2015-08-18,13시경,중상사고,남,40세,화물차,상해없음,여,63세,자전거,중상,차대차 - 기타,신호위반,맑음,0,1
2015,경기도 시흥시4,경기도 시흥시 정왕동(정왕역앞 부근),2015-01-21,07시경,중상사고,남,27세,승용차,상해없음,남,58세,자전거,중상,차대차 - 측면직각충돌,신호위반,맑음,0,1
2015,경기도 시흥시4,경기도 시흥시 정왕동(정왕역앞 부근),2015-07-23,08시경,부상신고사고,여,53세,승용차,상해없음,여,26세,자전거,부상신고,차대차 - 기타,신호위반,맑음,0,1
2015,경기도 시흥시4,경기도 시흥시 정왕동(정왕역앞 부근),2015-08-28,17시경,경상사고,남,56세,승합차,기타불명,남,51세,자전거,경상,차대차 - 측면직각충돌,기타,맑음,0,1
2015,경기도 시흥시4,경기도 시흥시 정왕동(정왕역앞 부근),2015-12-30,22시경,경상사고,남,56세,승합차,상해없음,남,19세,자전거,경상,차대차 - 기타,신호위반,맑음,0,1
2015,경기도 하남시3,경기도 하남시 신장동(사이버 월드 PC 방 부근),2015-02-24,16시경,중상사고,남,36세,승용차,상해없음,여,62세,자전거,중상,차대차 - 측면직각충돌,교차로운행방법위반,맑음,0,1
2015,경기도 하남시3,경기도 하남시 신장동(사이버 월드 PC 방 부근),2015-05-20,15시경,경상사고,여,50세,승용차,상해없음,남,54세,자전거,경상,차대차 - 기타,안전운전불이행,맑음,0,1
2015,경기도 하남시3,경기도 하남시 신장동(사이버 월드 PC 방 부근),2015-11-19,18시경,중상사고,남,11세,자전거,중상,남,54세,승용차,상해없음,차대차 - 기타,안전운전불이행,맑음,0,1
2015,경기도 하남시3,경기도 하남시 신장동(사이버 월드 PC 방 부근),2015-03-02,08시경,중상사고,남,16세,자전거,부상신고,남,18세,자전거,중상,차대차 - 측면직각충돌,신호위반,맑음,0,2
2015,경기도 하남시3,경기도 하남시 신장동(사이버 월드 PC 방 부근),2015-10-27,19시경,중상사고,남,26세,자전거,중상,남,24세,이륜차,상해없음,차대차 - 기타,안전운전불이행,맑음,0,1
2015,경기도 하남시3,경기도 하남시 신장동(사이버 월드 PC 방 부근),2015-09-16,22시경,경상사고,여,16세,자전거,상해없음,남,35세,자전거,경상,차대차 - 정면충돌,중앙선침범,맑음,0,1
2015,경기도 하남시3,경기도 하남시 신장동(사이버 월드 PC 방 부근),2015-10-20,10시경,경상사고,여,52세,자전거,경상,없음,불명,없음,없음,차량단독 - 기타,안전운전불이행,맑음,0,1
2015,경기도 하남시5,경기도 하남시 신장동((덕풍3교사거리) 부근),2015-02-05,09시경,중상사고,남,50세,승합차,상해없음,남,74세,자전거,중상,차대차 - 추돌 - 진행중,안전운전불이행,맑음,0,1
2015,경기도 하남시5,경기도 하남시 신장동((덕풍3교사거리) 부근),2015-07-04,21시경,부상신고사고,남,12세,자전거,부상신고,남,54세,승용차,상해없음,차대차 - 측면직각충돌,안전운전불이행,맑음,0,1
2015,경기도 하남시5,경기도 하남시 신장동((덕풍3교사거리) 부근),2015-09-06,19시경,경상사고,남,42세,자전거,상해없음,남,69세,보행자,경상,차대사람 - 기타,신호위반,맑음,0,1
2015,경기도 하남시5,경기도 하남시 신장동((덕풍3교사거리) 부근),2015-08-28,13시경,중상사고,남,56세,자전거,상해없음,여,31세,보행자,중상,차대사람 - 기타,보행자보호의무위반,맑음,0,1
2015,경기도 하남시5,경기도 하남시 신장동((덕풍3교사거리) 부근),2015-07-08,15시경,중상사고,남,70세,자전거,중상,남,23세,자전거,경상,차대차 - 기타,안전운전불이행,맑음,0,2
2015,경기도 하남시1,경기도 하남시 덕풍동(광진교앞사거리 부근),2015-09-27,17시경,중상사고,남,22세,승용차,상해없음,남,76세,자전거,중상,차대차 - 기타,신호위반,맑음,0,1
2015,경기도 하남시1,경기도 하남시 덕풍동(광진교앞사거리 부근),2015-10-12,14시경,중상사고,여,58세,승용차,상해없음,남,78세,자전거,중상,차대차 - 기타,안전운전불이행,맑음,0,1
2015,경기도 하남시1,경기도 하남시 덕풍동(광진교앞사거리 부근),2015-08-15,09시경,중상사고,남,56세,승합차,상해없음,남,54세,자전거,중상,차대차 - 추돌 - 진행중,안전운전불이행,맑음,0,1
2015,경기도 하남시1,경기도 하남시 덕풍동(광진교앞사거리 부근),2015-05-08,08시경,부상신고사고,남,15세,자전거,부상신고,남,31세,승합차,상해없음,차대차 - 추돌 - 주정차중,안전운전불이행,맑음,0,1
2015,경기도 하남시1,경기도 하남시 덕풍동(광진교앞사거리 부근),2015-11-03,10시경,부상신고사고,남,19세,자전거,부상신고,남,35세,승용차,상해없음,차대차 - 기타,안전운전불이행,맑음,0,1
2015,경기도 하남시1,경기도 하남시 덕풍동(광진교앞사거리 부근),2015-08-26,16시경,부상신고사고,남,74세,자전거,부상신고,남,25세,이륜차,부상신고,차대차 - 기타,안전운전불이행,맑음,0,2
2015,경기도 하남시1,경기도 하남시 덕풍동(광진교앞사거리 부근),2015-10-12,08시경,중상사고,여,67세,자전거,중상,남,33세,승용차,상해없음,차대차 - 측면직각충돌,신호위반,맑음,0,1
2015,경기도 하남시1,경기도 하남시 덕풍동(광진교앞사거리 부근),2015-12-13,14시경,중상사고,남,60세,화물차,상해없음,남,48세,자전거,중상,차대차 - 정면충돌,안전운전불이행,맑음,0,1
2015,경기도 하남시2,경기도 하남시 덕풍동(강동사거리 부근),2015-08-18,17시경,중상사고,남,27세,승용차,상해없음,남,15세,자전거,중상,차대차 - 기타,안전거리미확보,맑음,0,1
2015,경기도 하남시2,경기도 하남시 덕풍동(강동사거리 부근),2015-05-17,17시경,경상사고,남,34세,승용차,상해없음,남,14세,자전거,경상,차대차 - 기타,교차로운행방법위반,맑음,0,1
2015,경기도 하남시2,경기도 하남시 덕풍동(강동사거리 부근),2015-09-06,10시경,중상사고,남,57세,승용차,상해없음,여,41세,자전거,중상,차대차 - 정면충돌,안전운전불이행,맑음,0,1
2015,경기도 하남시2,경기도 하남시 덕풍동(강동사거리 부근),2015-12-08,11시경,경상사고,여,39세,승용차,상해없음,남,79세,자전거,경상,차대차 - 측면직각충돌,안전운전불이행,맑음,0,1
2015,경기도 하남시2,경기도 하남시 덕풍동(강동사거리 부근),2015-07-07,06시경,경상사고,남,62세,승합차,상해없음,남,56세,자전거,경상,차대차 - 측면직각충돌,안전운전불이행,맑음,0,1
2015,경기도 하남시2,경기도 하남시 덕풍동(강동사거리 부근),2015-09-12,17시경,중상사고,남,25세,원동기장치자전거,상해없음,남,66세,자전거,중상,차대차 - 기타,신호위반,맑음,0,1
2015,경기도 하남시2,경기도 하남시 덕풍동(강동사거리 부근),2015-07-28,15시경,경상사고,남,18세,자전거,경상,여,50세,승용차,상해없음,차대차 - 측면직각충돌,기타,맑음,0,1
2015,경기도 하남시2,경기도 하남시 덕풍동(강동사거리 부근),2015-06-09,08시경,중상사고,남,42세,화물차,상해없음,여,25세,자전거,중상,차대차 - 기타,안전운전불이행,맑음,0,1
2015,경기도 하남시4,경기도 하남시 선동(선동IC 부근),2015-06-30,11시경,중상사고,남,19세,자전거,상해없음,남,64세,자전거,중상,차대차 - 기타,안전운전불이행,맑음,0,1
2015,경기도 하남시4,경기도 하남시 선동(선동IC 부근),2015-08-03,17시경,부상신고사고,남,22세,자전거,상해없음,여,51세,자전거,부상신고,차대차 - 기타,안전운전불이행,맑음,0,1
2015,경기도 하남시4,경기도 하남시 선동(선동IC 부근),2015-06-28,13시경,부상신고사고,남,42세,자전거,부상신고,남,49세,자전거,상해없음,차대차 - 기타,안전운전불이행,맑음,0,1
2015,경기도 하남시4,경기도 하남시 선동(선동IC 부근),2015-08-09,10시경,중상사고,남,45세,자전거,상해없음,남,55세,자전거,중상,차대차 - 측면직각충돌,안전운전불이행,맑음,0,1
2015,경기도 하남시4,경기도 하남시 선동(선동IC 부근),2015-08-29,08시경,경상사고,남,51세,자전거,상해없음,남,58세,자전거,경상,차대차 - 기타,안전운전불이행,맑음,0,1
2015,경기도 하남시4,경기도 하남시 선동(선동IC 부근),2015-05-24,15시경,경상사고,남,77세,자전거,기타불명,여,23세,자전거,경상,차대차 - 정면충돌,안전운전불이행,맑음,0,2
2015,경기도 용인시 기흥구1,경기도 용인시 기흥구 상하동(강남마을주공8단지아파트 부근),2015-07-03,19시경,중상사고,여,44세,승용차,상해없음,여,36세,자전거,중상,차대차 - 측면직각충돌,안전운전불이행,맑음,0,1
2015,경기도 용인시 기흥구1,경기도 용인시 기흥구 상하동(강남마을주공8단지아파트 부근),2015-11-22,16시경,중상사고,여,48세,승용차,상해없음,남,41세,자전거,중상,차대차 - 기타,기타,맑음,0,1
2015,경기도 용인시 기흥구1,경기도 용인시 기흥구 상하동(강남마을주공8단지아파트 부근),2015-05-07,19시경,중상사고,남,12세,자전거,상해없음,남,18세,이륜차,중상,차대차 - 기타,신호위반,맑음,0,1
2015,경기도 용인시 기흥구1,경기도 용인시 기흥구 상하동(강남마을주공8단지아파트 부근),2015-08-29,06시경,중상사고,남,66세,자전거,상해없음,여,75세,보행자,중상,차대사람 - 차도통행중,안전운전불이행,맑음,0,1
2015,경기도 용인시 기흥구1,경기도 용인시 기흥구 상하동(강남마을주공8단지아파트 부근),2015-06-08,08시경,경상사고,여,39세,자전거,상해없음,여,31세,보행자,경상,차대사람 - 보도통행중,기타,맑음,0,1
2015,경기도 용인시 수지구1,경기도 용인시 수지구 상현동(독바위슈퍼 부근),2015-10-29,19시경,경상사고,기타불명,불명,불명,기타불명,남,14세,자전거,경상,차대차 - 추돌 - 진행중,안전운전불이행,비,0,1
2015,경기도 용인시 수지구1,경기도 용인시 수지구 상현동(독바위슈퍼 부근),2015-08-21,20시경,중상사고,남,30세,승용차,상해없음,남,15세,자전거,중상,차대차 - 측면직각충돌,안전운전불이행,맑음,0,1
2015,경기도 용인시 수지구1,경기도 용인시 수지구 상현동(독바위슈퍼 부근),2015-08-13,09시경,경상사고,여,39세,승용차,상해없음,남,9세,자전거,경상,차대차 - 기타,안전운전불이행,맑음,0,1
2015,경기도 용인시 수지구1,경기도 용인시 수지구 상현동(독바위슈퍼 부근),2015-04-09,19시경,경상사고,여,52세,승용차,상해없음,남,10세,자전거,경상,차대차 - 추돌 - 진행중,안전운전불이행,맑음,0,1
2015,경기도 파주시1,경기도 파주시 야당동(- 인근),2015-11-05,09시경,경상사고,남,39세,승용차,상해없음,남,17세,자전거,경상,차대차 - 기타,안전운전불이행,맑음,0,1
2015,경기도 파주시1,경기도 파주시 야당동(- 인근),2015-11-09,17시경,경상사고,여,34세,승용차,상해없음,남,9세,자전거,경상,차대차 - 측면직각충돌,안전운전불이행,맑음,0,2
2015,경기도 파주시1,경기도 파주시 야당동(- 인근),2015-06-05,16시경,경상사고,남,16세,자전거,상해없음,여,21세,보행자,경상,차대사람 - 기타,안전운전불이행,맑음,0,1
2015,경기도 파주시1,경기도 파주시 야당동(- 인근),2015-08-19,11시경,경상사고,남,73세,자전거,경상,남,51세,승용차,기타불명,차대차 - 기타,안전운전불이행,맑음,0,1
2015,경기도 화성시1,경기도 화성시 반송동((금호어울림앞교차로) 부근),2015-08-21,09시경,경상사고,여,31세,승용차,상해없음,남,13세,자전거,경상,차대차 - 기타,기타,맑음,0,1
2015,경기도 화성시1,경기도 화성시 반송동((금호어울림앞교차로) 부근),2015-04-01,15시경,중상사고,남,69세,승합차,상해없음,여,9세,자전거,중상,차대차 - 기타,안전운전불이행,맑음,0,1
2015,경기도 화성시1,경기도 화성시 반송동((금호어울림앞교차로) 부근),2015-06-18,22시경,경상사고,남,26세,자전거,경상,남,40세,승용차,상해없음,차대차 - 기타,신호위반,맑음,0,1
2015,경기도 화성시1,경기도 화성시 반송동((금호어울림앞교차로) 부근),2015-09-19,19시경,중상사고,남,42세,자전거,상해없음,남,5세,자전거,중상,차대차 - 측면직각충돌,안전운전불이행,맑음,0,1
2015,강원도 춘천시1,강원도 춘천시 후평동(휘드니스 부근),2015-05-22,08시경,경상사고,기타불명,불명,승용차,기타불명,남,16세,자전거,경상,차대차 - 측면직각충돌,안전운전불이행,맑음,0,1
2015,강원도 춘천시1,강원도 춘천시 후평동(휘드니스 부근),2015-09-06,20시경,경상사고,남,40세,승용차,상해없음,남,11세,자전거,경상,차대차 - 측면직각충돌,안전운전불이행,맑음,0,1
2015,강원도 춘천시1,강원도 춘천시 후평동(휘드니스 부근),2015-10-06,07시경,중상사고,남,43세,승용차,상해없음,남,17세,자전거,중상,차대차 - 측면직각충돌,안전운전불이행,맑음,0,1
2015,강원도 춘천시1,강원도 춘천시 후평동(휘드니스 부근),2015-06-10,08시경,경상사고,여,50세,승용차,상해없음,남,17세,자전거,경상,차대차 - 측면직각충돌,안전운전불이행,맑음,0,1
2015,강원도 춘천시1,강원도 춘천시 후평동(휘드니스 부근),2015-06-23,09시경,경상사고,남,71세,자전거,상해없음,남,41세,이륜차,경상,차대차 - 측면직각충돌,안전운전불이행,맑음,0,1
2015,강원도 춘천시2,강원도 춘천시 후평동(어부횟집 부근),2015-03-27,07시경,중상사고,여,31세,승용차,상해없음,남,75세,자전거,중상,차대차 - 측면직각충돌,안전운전불이행,맑음,0,1
2015,강원도 춘천시2,강원도 춘천시 후평동(어부횟집 부근),2015-10-08,17시경,경상사고,여,37세,승용차,상해없음,남,16세,자전거,경상,차대차 - 측면직각충돌,안전운전불이행,맑음,0,1
2015,강원도 춘천시2,강원도 춘천시 후평동(어부횟집 부근),2015-09-02,08시경,경상사고,여,47세,승용차,상해없음,남,15세,자전거,경상,차대차 - 측면직각충돌,교차로운행방법위반,맑음,0,1
2015,강원도 춘천시2,강원도 춘천시 후평동(어부횟집 부근),2015-08-22,10시경,사망사고,남,87세,자전거,사망,남,44세,승용차,상해없음,차대차 - 측면직각충돌,안전운전불이행,맑음,1,0
2015,강원도 춘천시3,강원도 춘천시 퇴계동((홍삼나라앞교차로) 부근),2015-05-31,17시경,경상사고,남,57세,승용차,상해없음,남,24세,자전거,경상,차대차 - 측면직각충돌,안전운전불이행,맑음,0,1
2015,강원도 춘천시3,강원도 춘천시 퇴계동((홍삼나라앞교차로) 부근),2015-12-22,12시경,중상사고,남,69세,승용차,상해없음,남,77세,자전거,중상,차대차 - 측면직각충돌,안전운전불이행,맑음,0,1
2015,강원도 춘천시3,강원도 춘천시 퇴계동((홍삼나라앞교차로) 부근),2015-03-29,13시경,경상사고,여,45세,승용차,상해없음,남,14세,자전거,경상,차대차 - 측면직각충돌,안전운전불이행,맑음,0,1
2015,강원도 춘천시3,강원도 춘천시 퇴계동((홍삼나라앞교차로) 부근),2015-09-13,15시경,경상사고,남,72세,자전거,상해없음,남,61세,승용차,상해없음,차대차 - 측면직각충돌,안전운전불이행,맑음,0,1
2015,강원도 원주시1,강원도 원주시 단계동(타이어 캠프(주)원주지점 부근),2015-11-22,23시경,중상사고,남,22세,승용차,상해없음,남,30세,자전거,중상,차대차 - 정면충돌,신호위반,맑음,0,1
2015,강원도 원주시1,강원도 원주시 단계동(타이어 캠프(주)원주지점 부근),2015-09-18,17시경,경상사고,남,26세,승용차,상해없음,남,14세,자전거,경상,차대차 - 측면직각충돌,안전운전불이행,맑음,0,1
2015,강원도 원주시1,강원도 원주시 단계동(타이어 캠프(주)원주지점 부근),2015-07-31,04시경,중상사고,남,71세,자전거,중상,남,48세,승용차,상해없음,차대차 - 측면직각충돌,안전운전불이행,맑음,0,1
2015,강원도 강릉시2,강원도 강릉시 성남동(천운암 부근),2015-09-13,13시경,경상사고,남,26세,승용차,상해없음,남,72세,자전거,경상,차대차 - 기타,안전운전불이행,맑음,0,1
2015,강원도 강릉시2,강원도 강릉시 성남동(천운암 부근),2015-01-08,13시경,경상사고,남,38세,승용차,상해없음,남,69세,자전거,경상,차대차 - 기타,안전운전불이행,맑음,0,1
2015,강원도 강릉시2,강원도 강릉시 성남동(천운암 부근),2015-11-15,11시경,경상사고,남,50세,승용차,상해없음,남,35세,자전거,경상,차대차 - 기타,안전운전불이행,맑음,0,1
2015,강원도 강릉시2,강원도 강릉시 성남동(천운암 부근),2015-06-16,08시경,경상사고,남,70세,승용차,상해없음,남,85세,자전거,경상,차대차 - 측면직각충돌,안전운전불이행,맑음,0,1
2015,강원도 강릉시1,강원도 강릉시 옥천동(옥천오거리 부근),2015-07-28,06시경,중상사고,남,58세,승용차,상해없음,남,79세,자전거,중상,차대차 - 기타,교차로운행방법위반,맑음,0,1
2015,강원도 강릉시1,강원도 강릉시 옥천동(옥천오거리 부근),2015-03-02,09시경,경상사고,남,77세,승용차,상해없음,남,77세,자전거,경상,차대차 - 기타,안전운전불이행,맑음,0,1
2015,강원도 강릉시1,강원도 강릉시 옥천동(옥천오거리 부근),2015-11-03,10시경,경상사고,남,78세,승용차,상해없음,남,60세,자전거,경상,차대차 - 기타,안전운전불이행,맑음,0,1
2015,강원도 강릉시1,강원도 강릉시 옥천동(옥천오거리 부근),2015-03-24,11시경,경상사고,여,32세,승용차,상해없음,남,48세,자전거,경상,차대차 - 측면직각충돌,안전운전불이행,맑음,0,1
2015,강원도 강릉시1,강원도 강릉시 옥천동(옥천오거리 부근),2015-06-15,13시경,경상사고,여,43세,승용차,상해없음,남,94세,자전거,경상,차대차 - 기타,안전운전불이행,맑음,0,1
2015,강원도 강릉시1,강원도 강릉시 옥천동(옥천오거리 부근),2015-06-28,15시경,경상사고,여,56세,승용차,상해없음,남,78세,자전거,경상,차대차 - 측면직각충돌,안전운전불이행,맑음,0,1
2015,강원도 강릉시1,강원도 강릉시 옥천동(옥천오거리 부근),2015-09-03,17시경,경상사고,남,56세,승합차,상해없음,남,15세,자전거,경상,차대차 - 측면직각충돌,안전운전불이행,맑음,0,1
2015,강원도 삼척시1,강원도 삼척시 남양동(중앙로사거리 부근),2015-04-26,13시경,경상사고,남,50세,승용차,상해없음,남,10세,자전거,경상,차대차 - 측면직각충돌,안전운전불이행,맑음,0,1
2015,강원도 삼척시1,강원도 삼척시 남양동(중앙로사거리 부근),2015-07-23,15시경,경상사고,여,42세,승용차,상해없음,남,44세,자전거,경상,차대차 - 측면직각충돌,안전운전불이행,맑음,0,1
2015,강원도 삼척시1,강원도 삼척시 남양동(중앙로사거리 부근),2015-12-14,12시경,중상사고,남,68세,자전거,중상,남,53세,승용차,상해없음,차대차 - 측면직각충돌,안전운전불이행,맑음,0,1
2015,강원도 삼척시1,강원도 삼척시 남양동(중앙로사거리 부근),2015-02-05,09시경,부상신고사고,남,88세,자전거,부상신고,남,54세,승용차,상해없음,차대차 - 측면직각충돌,신호위반,맑음,0,1
2015,강원도 삼척시1,강원도 삼척시 남양동(중앙로사거리 부근),2015-11-11,15시경,경상사고,남,58세,화물차,상해없음,남,13세,자전거,경상,차대차 - 측면직각충돌,안전운전불이행,흐림,0,1
2015,충청북도 청주시 상당구1,충청북도 청주시 상당구 영운동(중동교 부근),2015-08-08,22시경,경상사고,남,28세,승용차,상해없음,남,53세,자전거,경상,차대차 - 기타,교차로운행방법위반,맑음,0,1
2015,충청북도 청주시 상당구1,충청북도 청주시 상당구 영운동(중동교 부근),2015-10-12,15시경,경상사고,남,56세,승합차,상해없음,남,57세,자전거,경상,차대차 - 기타,안전운전불이행,맑음,0,1
2015,충청북도 청주시 상당구1,충청북도 청주시 상당구 영운동(중동교 부근),2015-12-01,23시경,경상사고,남,33세,이륜차,상해없음,남,61세,자전거,경상,차대차 - 기타,안전운전불이행,맑음,0,1
2015,충청북도 청주시 상당구1,충청북도 청주시 상당구 영운동(중동교 부근),2015-06-01,21시경,경상사고,남,17세,자전거,경상,여,50세,승용차,상해없음,차대차 - 기타,안전운전불이행,맑음,0,1
2015,충청북도 청주시 상당구1,충청북도 청주시 상당구 영운동(중동교 부근),2015-12-02,09시경,경상사고,남,60세,자전거,경상,여,31세,승용차,상해없음,차대차 - 기타,안전거리미확보,맑음,0,1
2015,충청북도 청주시 서원구2,충청북도 청주시 서원구 사직동(사직사거리 부근),2015-01-18,13시경,경상사고,남,20세,승용차,상해없음,남,60세,자전거,경상,차대차 - 기타,안전운전불이행,맑음,0,1
2015,충청북도 청주시 서원구2,충청북도 청주시 서원구 사직동(사직사거리 부근),2015-11-23,10시경,중상사고,남,39세,승용차,상해없음,남,79세,자전거,중상,차대차 - 정면충돌,안전운전불이행,맑음,0,1
2015,충청북도 청주시 서원구2,충청북도 청주시 서원구 사직동(사직사거리 부근),2015-11-05,13시경,중상사고,여,23세,승용차,상해없음,남,76세,자전거,중상,차대차 - 정면충돌,안전운전불이행,맑음,0,1
2015,충청북도 청주시 서원구2,충청북도 청주시 서원구 사직동(사직사거리 부근),2015-03-10,09시경,경상사고,여,56세,승용차,상해없음,남,78세,자전거,경상,차대차 - 기타,안전운전불이행,맑음,0,1
2015,충청북도 청주시 서원구2,충청북도 청주시 서원구 사직동(사직사거리 부근),2015-08-15,15시경,중상사고,남,73세,자전거,중상,남,60세,승용차,상해없음,차대차 - 측면직각충돌,안전운전불이행,맑음,0,1
2015,충청북도 청주시 서원구2,충청북도 청주시 서원구 사직동(사직사거리 부근),2015-10-07,11시경,경상사고,남,66세,화물차,상해없음,남,61세,자전거,경상,차대차 - 측면직각충돌,안전운전불이행,맑음,0,1
2015,충청북도 청주시 서원구3,충청북도 청주시 서원구 사창동((현대아파트4동) 부근),2015-03-04,21시경,경상사고,남,26세,승용차,상해없음,남,12세,자전거,경상,차대차 - 측면직각충돌,안전운전불이행,맑음,0,1
2015,충청북도 청주시 서원구3,충청북도 청주시 서원구 사창동((현대아파트4동) 부근),2015-07-15,20시경,경상사고,남,53세,승용차,상해없음,남,19세,자전거,경상,차대차 - 기타,안전운전불이행,맑음,0,1
2015,충청북도 청주시 서원구3,충청북도 청주시 서원구 사창동((현대아파트4동) 부근),2015-06-23,18시경,경상사고,남,63세,승용차,기타불명,남,23세,자전거,경상,차대차 - 기타,안전운전불이행,맑음,0,1
2015,충청북도 청주시 서원구3,충청북도 청주시 서원구 사창동((현대아파트4동) 부근),2015-06-16,23시경,중상사고,여,51세,승용차,상해없음,남,31세,자전거,중상,차대차 - 기타,안전운전불이행,맑음,0,1
2015,충청북도 청주시 서원구3,충청북도 청주시 서원구 사창동((현대아파트4동) 부근),2015-07-31,14시경,중상사고,여,54세,승용차,상해없음,여,64세,자전거,중상,차대차 - 측면직각충돌,안전운전불이행,맑음,0,1
2015,충청북도 청주시 서원구3,충청북도 청주시 서원구 사창동((현대아파트4동) 부근),2015-12-21,18시경,경상사고,남,14세,자전거,상해없음,여,34세,보행자,경상,차대사람 - 횡단중,안전운전불이행,맑음,0,1
2015,충청북도 청주시 서원구1,충청북도 청주시 서원구 모충동((지방도594호선서남들로) 부근),2015-04-22,10시경,경상사고,남,33세,승용차,상해없음,남,15세,자전거,경상,차대차 - 기타,안전운전불이행,맑음,0,1
2015,충청북도 청주시 서원구1,충청북도 청주시 서원구 모충동((지방도594호선서남들로) 부근),2015-08-27,22시경,중상사고,남,42세,승용차,상해없음,남,23세,자전거,중상,차대차 - 추돌 - 진행중,안전운전불이행,맑음,0,1
2015,충청북도 청주시 서원구1,충청북도 청주시 서원구 모충동((지방도594호선서남들로) 부근),2015-09-20,16시경,경상사고,남,43세,승용차,기타불명,남,13세,자전거,경상,차대차 - 기타,안전운전불이행,맑음,0,1
2015,충청북도 청주시 서원구1,충청북도 청주시 서원구 모충동((지방도594호선서남들로) 부근),2015-06-03,22시경,경상사고,남,46세,승용차,상해없음,여,53세,자전거,경상,차대차 - 측면직각충돌,안전운전불이행,맑음,0,1
2015,충청북도 청주시 서원구1,충청북도 청주시 서원구 모충동((지방도594호선서남들로) 부근),2015-07-31,17시경,경상사고,남,50세,승용차,상해없음,남,76세,자전거,경상,차대차 - 측면직각충돌,안전운전불이행,맑음,0,1
2015,충청북도 청주시 서원구1,충청북도 청주시 서원구 모충동((지방도594호선서남들로) 부근),2015-06-05,08시경,경상사고,남,66세,승용차,상해없음,남,18세,자전거,경상,차대차 - 기타,안전운전불이행,맑음,0,1
2015,충청북도 청주시 서원구1,충청북도 청주시 서원구 모충동((지방도594호선서남들로) 부근),2015-04-14,18시경,경상사고,남,67세,승합차,상해없음,남,57세,자전거,경상,차대차 - 측면직각충돌,안전운전불이행,맑음,0,1
2015,충청북도 청주시 서원구1,충청북도 청주시 서원구 모충동((지방도594호선서남들로) 부근),2015-12-22,18시경,경상사고,남,27세,자전거,상해없음,남,42세,이륜차,경상,차대차 - 정면충돌,안전운전불이행,맑음,0,1
2015,충청북도 청주시 흥덕구1,충청북도 청주시 흥덕구 가경동(도곡한의원앞 부근),2015-04-18,08시경,경상사고,남,51세,승용차,상해없음,여,22세,자전거,경상,차대차 - 측면직각충돌,안전운전불이행,맑음,0,1
2015,충청북도 청주시 흥덕구1,충청북도 청주시 흥덕구 가경동(도곡한의원앞 부근),2015-06-02,19시경,중상사고,여,40세,승용차,상해없음,여,36세,자전거,중상,차대차 - 추돌 - 진행중,안전운전불이행,맑음,0,1
2015,충청북도 청주시 흥덕구1,충청북도 청주시 흥덕구 가경동(도곡한의원앞 부근),2015-08-27,15시경,중상사고,여,61세,승용차,상해없음,남,11세,자전거,중상,차대차 - 측면직각충돌,신호위반,맑음,0,1
2015,충청북도 청주시 흥덕구1,충청북도 청주시 흥덕구 가경동(도곡한의원앞 부근),2015-10-21,16시경,경상사고,남,15세,자전거,경상,남,32세,승용차,경상,차대차 - 측면직각충돌,안전운전불이행,맑음,0,2
2015,충청북도 청주시 흥덕구1,충청북도 청주시 흥덕구 가경동(도곡한의원앞 부근),2015-06-02,13시경,경상사고,남,35세,화물차,상해없음,남,13세,자전거,경상,차대차 - 측면직각충돌,안전운전불이행,맑음,0,1
2015,충청북도 청주시 흥덕구3,충청북도 청주시 흥덕구 복대동(산업단지육거리 부근),2015-08-11,23시경,경상사고,남,25세,승용차,상해없음,남,22세,자전거,경상,차대차 - 기타,중앙선침범,맑음,0,1
2015,충청북도 청주시 흥덕구3,충청북도 청주시 흥덕구 복대동(산업단지육거리 부근),2015-03-30,20시경,경상사고,남,27세,승용차,상해없음,남,73세,자전거,경상,차대차 - 측면직각충돌,안전운전불이행,맑음,0,1
2015,충청북도 청주시 흥덕구3,충청북도 청주시 흥덕구 복대동(산업단지육거리 부근),2015-09-07,08시경,경상사고,남,28세,승용차,상해없음,남,21세,자전거,경상,차대차 - 기타,중앙선침범,맑음,0,1
2015,충청북도 청주시 흥덕구3,충청북도 청주시 흥덕구 복대동(산업단지육거리 부근),2015-11-04,03시경,중상사고,여,54세,승용차,상해없음,남,54세,자전거,중상,차대차 - 추돌 - 진행중,안전운전불이행,맑음,0,1
2015,충청북도 청주시 흥덕구4,충청북도 청주시 흥덕구 복대동((목련길진재마루길) 부근),2015-03-09,14시경,경상사고,남,25세,승용차,상해없음,여,10세,자전거,경상,차대차 - 측면직각충돌,안전운전불이행,맑음,0,1