사고년도,다발시군구,지점명,사고일시,사고시간대,사고등급,가해자성별,가해자연령,가해차종,가해자신체상해정도,피해자성별,피해자연령,피해차종,피해자신체상해정도,사고유형,가해자법규위반,기상상태,사망자수,부상자수
2015,충청북도 청주시 흥덕구4,충청북도 청주시 흥덕구 복대동((목련길진재마루길) 부근),2015-12-09,21시경,경상사고,남,28세,승용차,상해없음,남,23세,자전거,경상,차대차 - 측면직각충돌,안전운전불이행,맑음,0,1
2015,충청북도 청주시 흥덕구4,충청북도 청주시 흥덕구 복대동((목련길진재마루길) 부근),2015-04-25,17시경,경상사고,남,32세,이륜차,상해없음,남,10세,자전거,경상,차대차 - 측면직각충돌,신호위반,맑음,0,1
2015,충청북도 청주시 흥덕구4,충청북도 청주시 흥덕구 복대동((목련길진재마루길) 부근),2015-04-07,19시경,중상사고,남,13세,자전거,중상,남,52세,승용차,상해없음,차대차 - 측면직각충돌,불법유턴,맑음,0,1
2015,충청북도 청주시 흥덕구2,충청북도 청주시 흥덕구 봉명동(봉명1동사거리 부근),2015-08-05,09시경,중상사고,남,25세,승용차,상해없음,남,51세,자전거,중상,차대차 - 기타,안전운전불이행,맑음,0,1
2015,충청북도 청주시 흥덕구2,충청북도 청주시 흥덕구 봉명동(봉명1동사거리 부근),2015-11-12,17시경,경상사고,남,46세,승용차,상해없음,남,25세,자전거,경상,차대차 - 기타,안전운전불이행,맑음,0,1
2015,충청북도 청주시 흥덕구2,충청북도 청주시 흥덕구 봉명동(봉명1동사거리 부근),2015-06-05,17시경,중상사고,남,73세,승용차,상해없음,남,57세,자전거,중상,차대차 - 측면직각충돌,안전운전불이행,맑음,0,1
2015,충청북도 청주시 흥덕구2,충청북도 청주시 흥덕구 봉명동(봉명1동사거리 부근),2015-09-04,09시경,경상사고,여,50세,승용차,상해없음,남,24세,자전거,경상,차대차 - 기타,안전운전불이행,맑음,0,1
2015,충청북도 청주시 흥덕구2,충청북도 청주시 흥덕구 봉명동(봉명1동사거리 부근),2015-09-10,09시경,경상사고,남,52세,자전거,상해없음,남,19세,이륜차,경상,차대차 - 측면직각충돌,불법유턴,맑음,0,1
2015,충청북도 청주시 청원구1,충청북도 청주시 청원구 내덕동(율량교사거리 부근),2015-03-29,16시경,경상사고,기타불명,불명,불명,기타불명,남,14세,자전거,경상,차대차 - 측면직각충돌,안전운전불이행,맑음,0,1
2015,충청북도 청주시 청원구1,충청북도 청주시 청원구 내덕동(율량교사거리 부근),2015-02-25,08시경,경상사고,기타불명,불명,불명,기타불명,여,20세,자전거,경상,차대차 - 기타,보행자보호의무위반,맑음,0,1
2015,충청북도 청주시 청원구1,충청북도 청주시 청원구 내덕동(율량교사거리 부근),2015-07-02,18시경,중상사고,남,31세,승용차,상해없음,남,60세,자전거,중상,차대차 - 기타,신호위반,맑음,0,1
2015,충청북도 청주시 청원구1,충청북도 청주시 청원구 내덕동(율량교사거리 부근),2015-03-21,17시경,경상사고,여,60세,승용차,상해없음,남,61세,자전거,경상,차대차 - 기타,안전운전불이행,맑음,0,1
2015,충청북도 청주시 청원구1,충청북도 청주시 청원구 내덕동(율량교사거리 부근),2015-06-18,16시경,중상사고,남,15세,자전거,중상,남,57세,승용차,상해없음,차대차 - 측면직각충돌,중앙선침범,맑음,0,1
2015,충청북도 청주시 청원구2,충청북도 청주시 청원구 내덕동(제2운천교사거리 부근),2015-08-30,17시경,경상사고,남,46세,승용차,상해없음,남,7세,자전거,경상,차대차 - 측면직각충돌,안전운전불이행,맑음,0,1
2015,충청북도 청주시 청원구2,충청북도 청주시 청원구 내덕동(제2운천교사거리 부근),2015-07-25,22시경,중상사고,남,58세,승용차,상해없음,남,55세,자전거,중상,차대차 - 측면직각충돌,신호위반,맑음,0,1
2015,충청북도 청주시 청원구2,충청북도 청주시 청원구 내덕동(제2운천교사거리 부근),2015-04-22,17시경,경상사고,여,54세,승용차,상해없음,남,6세,자전거,경상,차대차 - 측면직각충돌,안전운전불이행,맑음,0,1
2015,충청북도 청주시 청원구2,충청북도 청주시 청원구 내덕동(제2운천교사거리 부근),2015-10-20,16시경,경상사고,여,55세,승용차,상해없음,남,14세,자전거,경상,차대차 - 기타,안전운전불이행,맑음,0,1
2015,충청북도 청주시 청원구2,충청북도 청주시 청원구 내덕동(제2운천교사거리 부근),2015-09-21,17시경,경상사고,여,60세,승용차,상해없음,남,45세,자전거,경상,차대차 - 기타,신호위반,맑음,0,1
2015,충청북도 충주시2,충청북도 충주시 교현동(탑이용원 부근),2015-04-30,17시경,경상사고,남,47세,승용차,상해없음,여,62세,자전거,경상,차대차 - 기타,기타,맑음,0,1
2015,충청북도 충주시2,충청북도 충주시 교현동(탑이용원 부근),2015-07-15,20시경,중상사고,남,49세,승용차,상해없음,남,54세,자전거,중상,차대차 - 측면직각충돌,안전운전불이행,맑음,0,1
2015,충청북도 충주시2,충청북도 충주시 교현동(탑이용원 부근),2015-11-12,08시경,중상사고,남,54세,승용차,상해없음,남,23세,자전거,중상,차대차 - 기타,기타,맑음,0,1
2015,충청북도 충주시2,충청북도 충주시 교현동(탑이용원 부근),2015-02-08,10시경,중상사고,여,38세,승용차,상해없음,남,72세,자전거,중상,차대차 - 기타,안전운전불이행,흐림,0,1
2015,충청북도 충주시2,충청북도 충주시 교현동(탑이용원 부근),2015-12-18,18시경,경상사고,남,17세,자전거,경상,남,45세,화물차,상해없음,차대차 - 정면충돌,안전운전불이행,맑음,0,1
2015,충청북도 충주시3,충청북도 충주시 봉방동(교현아파트 부근),2015-09-20,22시경,중상사고,남,26세,승용차,상해없음,남,13세,자전거,중상,차대차 - 기타,안전운전불이행,맑음,0,1
2015,충청북도 충주시3,충청북도 충주시 봉방동(교현아파트 부근),2015-04-22,23시경,중상사고,남,58세,승용차,상해없음,남,49세,자전거,중상,차대차 - 추돌 - 진행중,안전운전불이행,맑음,0,1
2015,충청북도 충주시3,충청북도 충주시 봉방동(교현아파트 부근),2015-06-13,22시경,경상사고,남,19세,원동기장치자전거,부상신고,남,14세,자전거,경상,차대차 - 추돌 - 진행중,안전운전불이행,맑음,0,2
2015,충청북도 충주시3,충청북도 충주시 봉방동(교현아파트 부근),2015-01-16,12시경,중상사고,남,69세,이륜차,부상신고,남,74세,자전거,중상,차대차 - 기타,신호위반,비,0,2
2015,충청북도 충주시4,충청북도 충주시 호암동(지산조경 부근),2015-09-22,19시경,경상사고,남,59세,승용차,상해없음,남,14세,자전거,경상,차대차 - 기타,안전운전불이행,맑음,0,1
2015,충청북도 충주시4,충청북도 충주시 호암동(지산조경 부근),2015-06-18,23시경,부상신고사고,남,56세,자전거,부상신고,남,25세,승용차,상해없음,차대차 - 기타,안전운전불이행,맑음,0,1
2015,충청북도 충주시4,충청북도 충주시 호암동(지산조경 부근),2015-07-27,11시경,경상사고,남,77세,자전거,경상,남,61세,승용차,상해없음,차대차 - 기타,안전운전불이행,맑음,0,1
2015,충청북도 충주시4,충청북도 충주시 호암동(지산조경 부근),2015-10-06,09시경,중상사고,여,59세,화물차,상해없음,남,79세,자전거,중상,차대차 - 기타,안전운전불이행,맑음,0,1
2015,충청북도 충주시1,충청북도 충주시 문화동(문화사거리 부근),2015-06-23,17시경,경상사고,기타불명,14세,불명,기타불명,여,17세,자전거,경상,차대차 - 기타,안전운전불이행,맑음,0,1
2015,충청북도 충주시1,충청북도 충주시 문화동(문화사거리 부근),2015-09-12,01시경,경상사고,남,30세,승용차,상해없음,남,34세,자전거,경상,차대차 - 기타,안전운전불이행,비,0,1
2015,충청북도 충주시1,충청북도 충주시 문화동(문화사거리 부근),2015-05-04,21시경,중상사고,남,47세,승용차,상해없음,남,50세,자전거,중상,차대차 - 기타,안전운전불이행,맑음,0,1
2015,충청북도 충주시1,충청북도 충주시 문화동(문화사거리 부근),2015-07-29,15시경,중상사고,여,45세,승용차,상해없음,남,72세,자전거,중상,차대차 - 기타,직진우회전진행방해,맑음,0,1
2015,충청북도 충주시1,충청북도 충주시 문화동(문화사거리 부근),2015-01-26,16시경,중상사고,여,57세,승용차,상해없음,남,72세,자전거,중상,차대차 - 기타,안전운전불이행,맑음,0,1
2015,충청북도 충주시1,충청북도 충주시 문화동(문화사거리 부근),2015-05-07,18시경,경상사고,남,70세,자전거,경상,남,63세,화물차,상해없음,차대차 - 추돌 - 진행중,안전운전불이행,맑음,0,1
2015,충청북도 제천시1,충청북도 제천시 하소동(청전사거리 부근),2015-05-08,20시경,경상사고,여,48세,승용차,상해없음,남,15세,자전거,경상,차대차 - 기타,신호위반,맑음,0,1
2015,충청북도 제천시1,충청북도 제천시 하소동(청전사거리 부근),2015-04-25,19시경,부상신고사고,남,16세,원동기장치자전거,상해없음,남,71세,자전거,부상신고,차대차 - 측면직각충돌,안전운전불이행,맑음,0,1
2015,충청북도 제천시1,충청북도 제천시 하소동(청전사거리 부근),2015-05-29,12시경,경상사고,남,22세,자전거,경상,여,43세,승합차,상해없음,차대차 - 기타,중앙선침범,맑음,0,1
2015,충청북도 제천시1,충청북도 제천시 하소동(청전사거리 부근),2015-09-18,13시경,부상신고사고,남,83세,자전거,부상신고,남,53세,승용차,상해없음,차대차 - 기타,안전운전불이행,맑음,0,1
2015,충청북도 증평군1,충청북도 증평군 증평읍(증평사거리 부근),2015-08-20,21시경,경상사고,남,45세,승용차,상해없음,남,55세,자전거,경상,차대차 - 기타,안전운전불이행,비,0,1
2015,충청북도 증평군1,충청북도 증평군 증평읍(증평사거리 부근),2015-12-06,14시경,경상사고,남,65세,승용차,상해없음,남,14세,자전거,경상,차대차 - 추돌 - 주정차중,기타,맑음,0,1
2015,충청북도 증평군1,충청북도 증평군 증평읍(증평사거리 부근),2015-11-10,10시경,부상신고사고,남,66세,자전거,부상신고,남,49세,승용차,상해없음,차대차 - 측면직각충돌,안전운전불이행,맑음,0,1
2015,충청북도 증평군1,충청북도 증평군 증평읍(증평사거리 부근),2015-04-09,17시경,경상사고,남,67세,자전거,경상,여,48세,승용차,상해없음,차대차 - 기타,안전운전불이행,맑음,0,1
2015,충청북도 증평군1,충청북도 증평군 증평읍(증평사거리 부근),2015-11-09,17시경,경상사고,여,32세,자전거,경상,남,38세,승용차,상해없음,차대차 - 측면직각충돌,안전운전불이행,맑음,0,1
2015,충청남도 보령시2,충청남도 보령시 대천동(명문당사거리 부근),2015-03-05,16시경,중상사고,남,67세,승용차,상해없음,남,75세,자전거,중상,차대차 - 측면직각충돌,안전운전불이행,맑음,0,1
2015,충청남도 보령시2,충청남도 보령시 대천동(명문당사거리 부근),2015-07-30,10시경,경상사고,남,46세,자전거,경상,남,46세,화물차,상해없음,차대차 - 추돌 - 진행중,안전운전불이행,맑음,0,1
2015,충청남도 보령시2,충청남도 보령시 대천동(명문당사거리 부근),2015-08-12,19시경,경상사고,여,44세,자전거,경상,여,39세,승용차,상해없음,차대차 - 기타,신호위반,맑음,0,1
2015,충청남도 보령시2,충청남도 보령시 대천동(명문당사거리 부근),2015-07-18,07시경,중상사고,기타불명,불명,화물차,기타불명,남,67세,자전거,중상,차대차 - 추돌 - 진행중,직진우회전진행방해,맑음,0,1
2015,충청남도 보령시2,충청남도 보령시 대천동(명문당사거리 부근),2015-09-02,10시경,중상사고,남,45세,화물차,상해없음,남,75세,자전거,중상,차대차 - 측면직각충돌,직진우회전진행방해,맑음,0,1
2015,충청남도 보령시1,충청남도 보령시 동대동(오토카-세차 부근),2015-04-06,07시경,경상사고,기타불명,불명,불명,기타불명,남,12세,자전거,경상,차대차 - 기타,안전운전불이행,맑음,0,1
2015,충청남도 보령시1,충청남도 보령시 동대동(오토카-세차 부근),2015-05-14,22시경,중상사고,남,26세,승용차,상해없음,여,51세,자전거,중상,차대차 - 기타,안전운전불이행,맑음,0,1
2015,충청남도 보령시1,충청남도 보령시 동대동(오토카-세차 부근),2015-09-13,13시경,경상사고,남,44세,승용차,상해없음,남,77세,자전거,경상,차대차 - 측면직각충돌,안전운전불이행,맑음,0,1
2015,충청남도 보령시1,충청남도 보령시 동대동(오토카-세차 부근),2015-06-21,19시경,경상사고,남,46세,승용차,상해없음,남,14세,자전거,경상,차대차 - 추돌 - 주정차중,안전운전불이행,비,0,2
2015,충청남도 보령시1,충청남도 보령시 동대동(오토카-세차 부근),2015-04-13,11시경,부상신고사고,남,72세,자전거,부상신고,여,61세,승용차,상해없음,차대차 - 기타,중앙선침범,맑음,0,1
2015,충청남도 보령시1,충청남도 보령시 동대동(오토카-세차 부근),2015-04-13,10시경,부상신고사고,남,79세,자전거,부상신고,남,40세,화물차,상해없음,차대차 - 측면직각충돌,안전운전불이행,맑음,0,1
2015,충청남도 보령시1,충청남도 보령시 동대동(오토카-세차 부근),2015-02-17,12시경,중상사고,남,21세,화물차,상해없음,여,60세,자전거,중상,차대차 - 기타,직진우회전진행방해,맑음,0,1
2015,충청남도 보령시3,충청남도 보령시 동대동(기아자동차 병삼대리점 부근),2015-06-23,17시경,중상사고,여,40세,승용차,상해없음,남,11세,자전거,중상,차대차 - 기타,기타,맑음,0,1
2015,충청남도 보령시3,충청남도 보령시 동대동(기아자동차 병삼대리점 부근),2015-11-19,16시경,중상사고,남,66세,승합차,상해없음,남,69세,자전거,중상,차대차 - 정면충돌,안전운전불이행,맑음,0,1
2015,충청남도 보령시3,충청남도 보령시 동대동(기아자동차 병삼대리점 부근),2015-05-08,15시경,경상사고,남,14세,자전거,경상,남,32세,승용차,상해없음,차대차 - 추돌 - 진행중,불법유턴,맑음,0,1
2015,충청남도 보령시3,충청남도 보령시 동대동(기아자동차 병삼대리점 부근),2015-07-20,22시경,중상사고,남,47세,자전거,상해없음,여,40세,자전거,중상,차대차 - 기타,안전운전불이행,맑음,0,1
2015,전라북도 전주시 덕진구4,전라북도 전주시 덕진구 인후동1가(진성카센타 부근),2015-10-24,00시경,경상사고,남,58세,승용차,상해없음,남,27세,자전거,경상,차대차 - 측면직각충돌,신호위반,맑음,0,1
2015,전라북도 전주시 덕진구4,전라북도 전주시 덕진구 인후동1가(진성카센타 부근),2015-06-25,15시경,중상사고,남,64세,승용차,상해없음,여,55세,자전거,중상,차대차 - 기타,안전운전불이행,비,0,1
2015,전라북도 전주시 덕진구4,전라북도 전주시 덕진구 인후동1가(진성카센타 부근),2015-02-05,21시경,경상사고,남,46세,자전거,경상,여,48세,승용차,상해없음,차대차 - 정면충돌,중앙선침범,맑음,0,1
2015,전라북도 전주시 덕진구4,전라북도 전주시 덕진구 인후동1가(진성카센타 부근),2015-02-03,16시경,중상사고,여,71세,자전거,중상,남,46세,승용차,상해없음,차대차 - 측면직각충돌,불법유턴,맑음,0,1
2015,전라북도 전주시 덕진구3,전라북도 전주시 덕진구 덕진동1가(전주시덕진예술관 부근),2015-09-24,20시경,경상사고,남,55세,승용차,상해없음,남,37세,자전거,경상,차대차 - 측면직각충돌,신호위반,맑음,0,1
2015,전라북도 전주시 덕진구3,전라북도 전주시 덕진구 덕진동1가(전주시덕진예술관 부근),2015-06-21,11시경,사망사고,남,58세,승용차,상해없음,남,80세,자전거,사망,차대차 - 측면직각충돌,안전운전불이행,흐림,1,0
2015,전라북도 전주시 덕진구3,전라북도 전주시 덕진구 덕진동1가(전주시덕진예술관 부근),2015-03-20,08시경,중상사고,여,39세,승용차,상해없음,남,34세,자전거,중상,차대차 - 측면직각충돌,직진우회전진행방해,맑음,0,1
2015,전라북도 전주시 덕진구3,전라북도 전주시 덕진구 덕진동1가(전주시덕진예술관 부근),2015-06-04,22시경,경상사고,여,43세,승용차,상해없음,여,50세,자전거,경상,차대차 - 측면직각충돌,신호위반,맑음,0,1
2015,전라북도 전주시 덕진구1,전라북도 전주시 덕진구 금암동(전국렌트카 부근),2015-03-02,07시경,경상사고,남,48세,승용차,상해없음,남,77세,자전거,경상,차대차 - 측면직각충돌,안전운전불이행,맑음,0,1
2015,전라북도 전주시 덕진구1,전라북도 전주시 덕진구 금암동(전국렌트카 부근),2015-10-27,19시경,경상사고,남,57세,승용차,상해없음,남,10세,자전거,경상,차대차 - 측면직각충돌,안전운전불이행,맑음,0,1
2015,전라북도 전주시 덕진구1,전라북도 전주시 덕진구 금암동(전국렌트카 부근),2015-10-16,08시경,중상사고,남,69세,승용차,상해없음,남,48세,자전거,중상,차대차 - 기타,안전운전불이행,맑음,0,1
2015,전라북도 전주시 덕진구1,전라북도 전주시 덕진구 금암동(전국렌트카 부근),2015-05-15,16시경,경상사고,여,34세,승용차,상해없음,남,16세,자전거,경상,차대차 - 측면직각충돌,신호위반,흐림,0,1
2015,전라북도 전주시 덕진구1,전라북도 전주시 덕진구 금암동(전국렌트카 부근),2015-06-19,17시경,경상사고,여,49세,승용차,상해없음,남,73세,자전거,경상,차대차 - 측면직각충돌,교차로운행방법위반,맑음,0,1
2015,전라북도 전주시 덕진구1,전라북도 전주시 덕진구 금암동(전국렌트카 부근),2015-06-01,18시경,중상사고,남,68세,승합차,상해없음,남,71세,자전거,중상,차대차 - 측면직각충돌,신호위반,맑음,0,1
2015,전라북도 전주시 덕진구2,전라북도 전주시 덕진구 금암동(진수어학원 부근),2015-11-22,22시경,경상사고,남,17세,승용차,상해없음,남,25세,자전거,경상,차대차 - 정면충돌,안전운전불이행,맑음,0,1
2015,전라북도 전주시 덕진구2,전라북도 전주시 덕진구 금암동(진수어학원 부근),2015-07-31,10시경,경상사고,남,52세,승용차,상해없음,남,56세,자전거,경상,차대차 - 측면직각충돌,교차로운행방법위반,맑음,0,1
2015,전라북도 전주시 덕진구2,전라북도 전주시 덕진구 금암동(진수어학원 부근),2015-06-23,08시경,경상사고,남,52세,승용차,상해없음,남,76세,자전거,경상,차대차 - 측면직각충돌,안전운전불이행,맑음,0,1
2015,전라북도 전주시 덕진구2,전라북도 전주시 덕진구 금암동(진수어학원 부근),2015-10-12,18시경,경상사고,남,56세,승용차,상해없음,남,15세,자전거,경상,차대차 - 기타,기타,흐림,0,1
2015,전라북도 전주시 덕진구2,전라북도 전주시 덕진구 금암동(진수어학원 부근),2015-02-02,11시경,중상사고,여,47세,승용차,상해없음,남,58세,자전거,중상,차대차 - 측면직각충돌,안전운전불이행,맑음,0,1
2015,전라북도 전주시 덕진구2,전라북도 전주시 덕진구 금암동(진수어학원 부근),2015-12-01,08시경,경상사고,여,60세,승용차,상해없음,여,39세,자전거,경상,차대차 - 측면직각충돌,신호위반,흐림,0,1
2015,전라북도 군산시3,전라북도 군산시 대명동(군산역앞사거리 부근),2015-10-09,14시경,경상사고,남,57세,승용차,상해없음,남,48세,자전거,경상,차대차 - 측면직각충돌,교차로운행방법위반,맑음,0,1
2015,전라북도 군산시3,전라북도 군산시 대명동(군산역앞사거리 부근),2015-09-20,12시경,중상사고,남,68세,승용차,상해없음,남,55세,자전거,중상,차대차 - 측면직각충돌,안전운전불이행,맑음,0,1
2015,전라북도 군산시3,전라북도 군산시 대명동(군산역앞사거리 부근),2015-08-18,10시경,경상사고,여,30세,승용차,상해없음,남,64세,자전거,경상,차대차 - 측면직각충돌,안전운전불이행,맑음,0,1
2015,전라북도 군산시3,전라북도 군산시 대명동(군산역앞사거리 부근),2015-06-15,20시경,중상사고,남,52세,자전거,중상,남,30세,승용차,상해없음,차대차 - 기타,중앙선침범,맑음,0,1
2015,전라북도 군산시3,전라북도 군산시 대명동(군산역앞사거리 부근),2015-09-26,11시경,부상신고사고,남,66세,자전거,부상신고,남,59세,승용차,상해없음,차대차 - 측면직각충돌,신호위반,맑음,0,1
2015,전라북도 군산시3,전라북도 군산시 대명동(군산역앞사거리 부근),2015-02-23,12시경,경상사고,남,85세,자전거,경상,남,67세,승용차,상해없음,차대차 - 측면직각충돌,중앙선침범,맑음,0,1
2015,전라북도 군산시4,전라북도 군산시 중동(주니카인테리어 부근),2015-02-04,13시경,중상사고,남,58세,승용차,상해없음,남,88세,자전거,중상,차대차 - 측면직각충돌,안전운전불이행,맑음,0,1
2015,전라북도 군산시4,전라북도 군산시 중동(주니카인테리어 부근),2015-12-19,13시경,경상사고,남,60세,승용차,상해없음,남,66세,자전거,경상,차대차 - 정면충돌,신호위반,맑음,0,1
2015,전라북도 군산시4,전라북도 군산시 중동(주니카인테리어 부근),2015-04-27,10시경,경상사고,남,75세,승용차,상해없음,남,70세,자전거,경상,차대차 - 측면직각충돌,신호위반,맑음,0,1
2015,전라북도 군산시4,전라북도 군산시 중동(주니카인테리어 부근),2015-11-23,13시경,중상사고,여,31세,승용차,상해없음,여,71세,자전거,중상,차대차 - 정면충돌,신호위반,맑음,0,1
2015,전라북도 군산시4,전라북도 군산시 중동(주니카인테리어 부근),2015-02-03,15시경,중상사고,여,55세,승용차,상해없음,남,72세,자전거,중상,차대차 - 추돌 - 진행중,안전운전불이행,맑음,0,1
2015,전라북도 군산시2,전라북도 군산시 서흥남동(흥남사거리 부근),2015-08-03,08시경,경상사고,남,37세,승용차,상해없음,남,74세,자전거,경상,차대차 - 측면직각충돌,안전운전불이행,맑음,0,1
2015,전라북도 군산시2,전라북도 군산시 서흥남동(흥남사거리 부근),2015-11-10,10시경,중상사고,남,42세,승용차,상해없음,남,80세,자전거,중상,차대차 - 기타,안전운전불이행,맑음,0,1
2015,전라북도 군산시2,전라북도 군산시 서흥남동(흥남사거리 부근),2015-01-24,11시경,경상사고,남,55세,승용차,상해없음,남,68세,자전거,경상,차대차 - 측면직각충돌,신호위반,맑음,0,1
2015,전라북도 군산시2,전라북도 군산시 서흥남동(흥남사거리 부근),2015-11-05,16시경,경상사고,여,41세,승용차,상해없음,남,74세,자전거,경상,차대차 - 기타,안전운전불이행,맑음,0,1
2015,전라북도 군산시2,전라북도 군산시 서흥남동(흥남사거리 부근),2015-04-05,10시경,부상신고사고,남,58세,자전거,부상신고,여,52세,승용차,상해없음,차대차 - 측면직각충돌,신호위반,맑음,0,1
2015,전라북도 군산시2,전라북도 군산시 서흥남동(흥남사거리 부근),2015-07-25,11시경,중상사고,여,60세,자전거,중상,여,55세,승용차,상해없음,차대차 - 측면직각충돌,중앙선침범,맑음,0,1
2015,전라북도 군산시2,전라북도 군산시 서흥남동(흥남사거리 부근),2015-07-23,12시경,경상사고,여,70세,자전거,상해없음,남,55세,보행자,경상,차대사람 - 기타,안전운전불이행,맑음,0,1
2015,전라북도 군산시5,전라북도 군산시 경장동(팔아광장 부근),2015-05-24,08시경,경상사고,남,57세,승용차,상해없음,여,78세,자전거,경상,차대차 - 측면직각충돌,안전운전불이행,맑음,0,1
2015,전라북도 군산시5,전라북도 군산시 경장동(팔아광장 부근),2015-03-22,09시경,경상사고,남,68세,승용차,상해없음,남,55세,자전거,경상,차대차 - 기타,안전운전불이행,맑음,0,1
2015,전라북도 군산시5,전라북도 군산시 경장동(팔아광장 부근),2015-03-03,11시경,중상사고,남,49세,승합차,상해없음,남,72세,자전거,중상,차대차 - 측면직각충돌,안전운전불이행,맑음,0,1
2015,전라북도 군산시5,전라북도 군산시 경장동(팔아광장 부근),2015-02-23,06시경,사망사고,남,18세,자전거,사망,남,71세,화물차,상해없음,차대차 - 기타,중앙선침범,맑음,1,0
2015,전라북도 군산시6,전라북도 군산시 경장동(경장삼거리 부근),2015-10-30,08시경,중상사고,남,30세,승용차,상해없음,여,60세,자전거,중상,차대차 - 측면직각충돌,안전운전불이행,맑음,0,1
2015,전라북도 군산시6,전라북도 군산시 경장동(경장삼거리 부근),2015-10-15,17시경,경상사고,여,28세,승용차,상해없음,남,19세,자전거,경상,차대차 - 기타,안전운전불이행,맑음,0,1
2015,전라북도 군산시6,전라북도 군산시 경장동(경장삼거리 부근),2015-03-24,07시경,경상사고,여,52세,승용차,상해없음,남,13세,자전거,경상,차대차 - 측면직각충돌,안전운전불이행,맑음,0,1
2015,전라북도 군산시6,전라북도 군산시 경장동(경장삼거리 부근),2015-08-26,17시경,경상사고,남,26세,화물차,상해없음,남,13세,자전거,경상,차대차 - 기타,직진우회전진행방해,맑음,0,1
2015,전라북도 군산시1,전라북도 군산시 경암동(조촌사거리 부근),2015-06-02,21시경,중상사고,남,34세,승용차,상해없음,남,53세,자전거,중상,차대차 - 측면직각충돌,안전운전불이행,맑음,0,1
2015,전라북도 군산시1,전라북도 군산시 경암동(조촌사거리 부근),2015-01-20,18시경,중상사고,여,27세,승용차,상해없음,남,67세,자전거,중상,차대차 - 기타,안전운전불이행,맑음,0,1
2015,전라북도 군산시1,전라북도 군산시 경암동(조촌사거리 부근),2015-07-09,17시경,부상신고사고,남,60세,자전거,부상신고,여,54세,승용차,상해없음,차대차 - 측면직각충돌,안전운전불이행,맑음,0,1
2015,전라북도 군산시1,전라북도 군산시 경암동(조촌사거리 부근),2015-10-10,16시경,중상사고,남,68세,자전거,중상,남,33세,승용차,상해없음,차대차 - 측면직각충돌,안전운전불이행,흐림,0,1
2015,전라북도 군산시1,전라북도 군산시 경암동(조촌사거리 부근),2015-05-06,10시경,중상사고,남,73세,자전거,중상,남,57세,화물차,상해없음,차대차 - 측면직각충돌,중앙선침범,맑음,0,1
2015,전라북도 군산시1,전라북도 군산시 경암동(조촌사거리 부근),2015-04-23,15시경,중상사고,남,76세,자전거,중상,기타불명,불명,불명,기타불명,차대차 - 기타,안전운전불이행,맑음,0,1
2015,전라북도 군산시1,전라북도 군산시 경암동(조촌사거리 부근),2015-08-03,06시경,경상사고,남,59세,화물차,상해없음,남,69세,자전거,경상,차대차 - 측면직각충돌,안전운전불이행,맑음,0,1
2015,전라북도 남원시1,전라북도 남원시 왕정동(전라북도남원교육청 부근),2015-07-20,17시경,중상사고,남,36세,건설기계,상해없음,여,58세,자전거,중상,차대차 - 측면직각충돌,안전운전불이행,맑음,0,1
2015,전라북도 남원시1,전라북도 남원시 왕정동(전라북도남원교육청 부근),2015-03-08,13시경,경상사고,남,52세,승용차,상해없음,여,76세,자전거,경상,차대차 - 측면직각충돌,직진우회전진행방해,맑음,0,1
2015,전라북도 남원시1,전라북도 남원시 왕정동(전라북도남원교육청 부근),2015-07-13,08시경,중상사고,남,57세,승용차,상해없음,여,59세,자전거,중상,차대차 - 기타,안전운전불이행,맑음,0,1
2015,전라북도 남원시1,전라북도 남원시 왕정동(전라북도남원교육청 부근),2015-03-28,16시경,경상사고,남,54세,자전거,경상,없음,불명,없음,없음,차량단독 - 기타,안전운전불이행,맑음,0,1
2015,전라남도 목포시2,전라남도 목포시 동명동((홈비디오) 부근),2015-02-01,16시경,경상사고,남,68세,승용차,상해없음,남,45세,자전거,경상,차대차 - 기타,안전운전불이행,맑음,0,1
2015,전라남도 목포시2,전라남도 목포시 동명동((홈비디오) 부근),2015-08-07,10시경,중상사고,남,43세,자전거,중상,남,36세,승용차,상해없음,차대차 - 기타,안전운전불이행,맑음,0,1
2015,전라남도 목포시2,전라남도 목포시 동명동((홈비디오) 부근),2015-11-20,13시경,경상사고,남,69세,자전거,경상,여,41세,승용차,상해없음,차대차 - 정면충돌,안전운전불이행,맑음,0,1
2015,전라남도 목포시2,전라남도 목포시 동명동((홈비디오) 부근),2015-02-13,09시경,중상사고,남,72세,자전거,중상,남,48세,승용차,상해없음,차대차 - 측면직각충돌,안전운전불이행,맑음,0,1
2015,전라남도 목포시1,전라남도 목포시 상동((비파로옥암금호길) 부근),2015-05-12,15시경,부상신고사고,남,58세,승용차,기타불명,남,45세,자전거,부상신고,차대차 - 기타,안전운전불이행,맑음,0,1
2015,전라남도 목포시1,전라남도 목포시 상동((비파로옥암금호길) 부근),2015-10-20,22시경,경상사고,남,65세,승용차,상해없음,남,19세,자전거,경상,차대차 - 기타,안전운전불이행,맑음,0,1
2015,전라남도 목포시1,전라남도 목포시 상동((비파로옥암금호길) 부근),2015-12-10,08시경,경상사고,여,43세,승용차,상해없음,남,44세,자전거,경상,차대차 - 측면직각충돌,안전운전불이행,비,0,1