사고년도,다발시군구,지점명,사고일시,사고시간대,사고등급,가해자성별,가해자연령,가해차종,가해자신체상해정도,피해자성별,피해자연령,피해차종,피해자신체상해정도,사고유형,가해자법규위반,기상상태,사망자수,부상자수
2015,경상북도 상주시3,경상북도 상주시 냉림동(몽돌회초밥 부근),2015-07-25,19시경,중상사고,여,54세,승용차,상해없음,남,72세,자전거,중상,차대차 - 측면직각충돌,안전운전불이행,맑음,0,1
2015,경상북도 상주시3,경상북도 상주시 냉림동(몽돌회초밥 부근),2015-07-14,07시경,경상사고,여,55세,승용차,상해없음,남,76세,자전거,경상,차대차 - 기타,안전운전불이행,맑음,0,1
2015,경상북도 상주시3,경상북도 상주시 냉림동(몽돌회초밥 부근),2015-02-04,14시경,부상신고사고,남,13세,자전거,부상신고,남,38세,승용차,상해없음,차대차 - 측면직각충돌,안전운전불이행,맑음,0,1
2015,경상북도 상주시3,경상북도 상주시 냉림동(몽돌회초밥 부근),2015-05-07,17시경,부상신고사고,남,14세,자전거,부상신고,여,51세,승용차,상해없음,차대차 - 추돌 - 주정차중,안전운전불이행,맑음,0,1
2015,경상북도 상주시2,경상북도 상주시 남성동(중앙 사거리 부근),2015-04-14,00시경,중상사고,남,45세,승용차,상해없음,여,54세,자전거,중상,차대차 - 측면직각충돌,안전운전불이행,비,0,1
2015,경상북도 상주시2,경상북도 상주시 남성동(중앙 사거리 부근),2015-04-02,15시경,경상사고,남,60세,승용차,상해없음,여,46세,자전거,경상,차대차 - 기타,안전운전불이행,흐림,0,1
2015,경상북도 상주시2,경상북도 상주시 남성동(중앙 사거리 부근),2015-01-22,11시경,중상사고,여,54세,승용차,상해없음,여,22세,자전거,중상,차대차 - 측면직각충돌,안전운전불이행,비,0,1
2015,경상북도 상주시2,경상북도 상주시 남성동(중앙 사거리 부근),2015-07-28,20시경,경상사고,여,57세,승합차,상해없음,남,13세,자전거,경상,차대차 - 측면직각충돌,안전운전불이행,맑음,0,1
2015,경상북도 상주시2,경상북도 상주시 남성동(중앙 사거리 부근),2015-12-24,18시경,중상사고,남,30세,이륜차,상해없음,남,73세,자전거,중상,차대차 - 기타,안전운전불이행,맑음,0,1
2015,경상북도 상주시5,경상북도 상주시 남성동(서울식당 부근),2015-11-13,08시경,중상사고,남,56세,승용차,상해없음,남,13세,자전거,중상,차대차 - 추돌 - 진행중,중앙선침범,비,0,1
2015,경상북도 상주시5,경상북도 상주시 남성동(서울식당 부근),2015-07-01,11시경,중상사고,남,62세,승용차,상해없음,여,32세,자전거,중상,차대차 - 기타,안전운전불이행,맑음,0,1
2015,경상북도 상주시5,경상북도 상주시 남성동(서울식당 부근),2015-03-08,17시경,경상사고,여,38세,승용차,상해없음,남,72세,자전거,경상,차대차 - 추돌 - 진행중,안전운전불이행,맑음,0,1
2015,경상북도 상주시5,경상북도 상주시 남성동(서울식당 부근),2015-06-12,19시경,중상사고,남,13세,자전거,상해없음,여,51세,보행자,중상,차대사람 - 횡단중,안전운전불이행,맑음,0,1
2015,경상북도 상주시1,경상북도 상주시 무양동(아침 이슬 부근),2015-10-05,20시경,경상사고,남,27세,승용차,상해없음,남,62세,자전거,경상,차대차 - 측면직각충돌,안전운전불이행,맑음,0,1
2015,경상북도 상주시1,경상북도 상주시 무양동(아침 이슬 부근),2015-09-24,05시경,경상사고,남,34세,승용차,상해없음,여,73세,자전거,경상,차대차 - 정면충돌,안전운전불이행,흐림,0,1
2015,경상북도 상주시1,경상북도 상주시 무양동(아침 이슬 부근),2015-03-24,12시경,중상사고,남,56세,승용차,상해없음,남,66세,자전거,상해없음,차대차 - 기타,안전운전불이행,맑음,0,1
2015,경상북도 상주시1,경상북도 상주시 무양동(아침 이슬 부근),2015-06-23,22시경,경상사고,남,58세,승용차,상해없음,여,18세,자전거,경상,차대차 - 측면직각충돌,안전운전불이행,맑음,0,1
2015,경상북도 상주시1,경상북도 상주시 무양동(아침 이슬 부근),2015-08-22,12시경,경상사고,여,36세,승용차,상해없음,남,17세,자전거,경상,차대차 - 기타,안전운전불이행,맑음,0,1
2015,경상북도 상주시1,경상북도 상주시 무양동(아침 이슬 부근),2015-12-11,08시경,경상사고,여,59세,승용차,상해없음,남,17세,자전거,경상,차대차 - 측면직각충돌,교차로운행방법위반,비,0,1
2015,경상북도 상주시4,경상북도 상주시 낙양동(낙양사거리 부근),2015-10-06,13시경,경상사고,여,47세,승용차,상해없음,남,13세,자전거,경상,차대차 - 측면직각충돌,안전운전불이행,맑음,0,1
2015,경상북도 상주시4,경상북도 상주시 낙양동(낙양사거리 부근),2015-12-15,20시경,경상사고,남,66세,자전거,경상,남,53세,원동기장치자전거,상해없음,차대차 - 측면직각충돌,안전운전불이행,맑음,0,1
2015,경상북도 상주시4,경상북도 상주시 낙양동(낙양사거리 부근),2015-05-18,12시경,경상사고,남,77세,자전거,경상,남,53세,승합차,상해없음,차대차 - 측면직각충돌,안전운전불이행,맑음,0,1
2015,경상북도 상주시4,경상북도 상주시 낙양동(낙양사거리 부근),2015-08-07,11시경,경상사고,남,89세,자전거,경상,여,62세,승용차,상해없음,차대차 - 측면직각충돌,안전운전불이행,맑음,0,1
2015,경상북도 상주시4,경상북도 상주시 낙양동(낙양사거리 부근),2015-11-16,13시경,중상사고,여,84세,자전거,중상,남,65세,화물차,상해없음,차대차 - 측면직각충돌,안전운전불이행,흐림,0,1
2015,경상북도 경산시1,경상북도 경산시 삼북동(아울렛파크 부근),2015-04-20,09시경,중상사고,남,67세,승용차,상해없음,남,50세,자전거,중상,차대차 - 기타,직진우회전진행방해,비,0,1
2015,경상북도 경산시1,경상북도 경산시 삼북동(아울렛파크 부근),2015-04-06,05시경,경상사고,남,71세,승용차,상해없음,남,70세,자전거,경상,차대차 - 기타,안전운전불이행,맑음,0,1
2015,경상북도 경산시1,경상북도 경산시 삼북동(아울렛파크 부근),2015-11-26,15시경,경상사고,여,58세,승용차,상해없음,여,11세,자전거,경상,차대차 - 정면충돌,안전운전불이행,맑음,0,1
2015,경상북도 경산시1,경상북도 경산시 삼북동(아울렛파크 부근),2015-11-18,15시경,경상사고,남,12세,자전거,경상,남,21세,승용차,상해없음,차대차 - 측면직각충돌,불법유턴,흐림,0,1
2015,경상북도 경산시1,경상북도 경산시 삼북동(아울렛파크 부근),2015-06-03,19시경,경상사고,남,76세,자전거,경상,여,28세,승용차,상해없음,차대차 - 기타,안전운전불이행,맑음,0,1
2015,경상북도 경산시1,경상북도 경산시 삼북동(아울렛파크 부근),2015-10-16,12시경,중상사고,남,77세,자전거,중상,남,39세,승용차,상해없음,차대차 - 측면직각충돌,안전운전불이행,맑음,0,1
2015,경상북도 경산시1,경상북도 경산시 삼북동(아울렛파크 부근),2015-09-05,15시경,경상사고,남,80세,자전거,경상,남,79세,승용차,상해없음,차대차 - 기타,안전운전불이행,맑음,0,1
2015,경상북도 경산시1,경상북도 경산시 삼북동(아울렛파크 부근),2015-05-18,22시경,경상사고,여,54세,자전거,경상,남,49세,승용차,상해없음,차대차 - 기타,안전운전불이행,맑음,0,1
2015,경상북도 경산시1,경상북도 경산시 옥산동(농협협동조합중앙회중방동지점 부근),2015-04-20,09시경,중상사고,남,67세,승용차,상해없음,남,50세,자전거,중상,차대차 - 기타,직진우회전진행방해,비,0,1
2015,경상북도 경산시1,경상북도 경산시 옥산동(농협협동조합중앙회중방동지점 부근),2015-04-06,05시경,경상사고,남,71세,승용차,상해없음,남,70세,자전거,경상,차대차 - 기타,안전운전불이행,맑음,0,1
2015,경상북도 경산시1,경상북도 경산시 옥산동(농협협동조합중앙회중방동지점 부근),2015-11-26,15시경,경상사고,여,58세,승용차,상해없음,여,11세,자전거,경상,차대차 - 정면충돌,안전운전불이행,맑음,0,1
2015,경상북도 경산시1,경상북도 경산시 옥산동(농협협동조합중앙회중방동지점 부근),2015-11-18,15시경,경상사고,남,12세,자전거,경상,남,21세,승용차,상해없음,차대차 - 측면직각충돌,불법유턴,흐림,0,1
2015,경상북도 경산시1,경상북도 경산시 옥산동(농협협동조합중앙회중방동지점 부근),2015-06-03,19시경,경상사고,남,76세,자전거,경상,여,28세,승용차,상해없음,차대차 - 기타,안전운전불이행,맑음,0,1
2015,경상북도 경산시1,경상북도 경산시 옥산동(농협협동조합중앙회중방동지점 부근),2015-10-16,12시경,중상사고,남,77세,자전거,중상,남,39세,승용차,상해없음,차대차 - 측면직각충돌,안전운전불이행,맑음,0,1
2015,경상북도 경산시1,경상북도 경산시 옥산동(농협협동조합중앙회중방동지점 부근),2015-09-05,15시경,경상사고,남,80세,자전거,경상,남,79세,승용차,상해없음,차대차 - 기타,안전운전불이행,맑음,0,1
2015,경상북도 경산시1,경상북도 경산시 옥산동(농협협동조합중앙회중방동지점 부근),2015-05-18,22시경,경상사고,여,54세,자전거,경상,남,49세,승용차,상해없음,차대차 - 기타,안전운전불이행,맑음,0,1
2015,경상북도 경산시3,경상북도 경산시 중방동(진지건설(주) 부근),2015-09-08,18시경,중상사고,기타불명,불명,승용차,기타불명,여,26세,자전거,중상,차대차 - 기타,안전운전불이행,맑음,0,1
2015,경상북도 경산시3,경상북도 경산시 중방동(진지건설(주) 부근),2015-04-28,19시경,중상사고,남,34세,승용차,상해없음,남,55세,자전거,중상,차대차 - 측면직각충돌,안전운전불이행,흐림,0,1
2015,경상북도 경산시3,경상북도 경산시 중방동(진지건설(주) 부근),2015-09-09,17시경,경상사고,남,39세,승용차,상해없음,남,11세,자전거,경상,차대차 - 기타,직진우회전진행방해,맑음,0,1
2015,경상북도 경산시3,경상북도 경산시 중방동(진지건설(주) 부근),2015-12-08,12시경,경상사고,남,55세,승용차,상해없음,남,49세,자전거,경상,차대차 - 정면충돌,안전운전불이행,맑음,0,1
2015,경상북도 칠곡군1,경상북도 칠곡군 왜관읍(평장교 부근),2015-11-02,12시경,경상사고,남,38세,승용차,상해없음,남,89세,자전거,경상,차대차 - 측면직각충돌,안전운전불이행,맑음,0,1
2015,경상북도 칠곡군1,경상북도 칠곡군 왜관읍(평장교 부근),2015-05-11,07시경,중상사고,남,64세,승용차,상해없음,여,58세,자전거,중상,차대차 - 측면직각충돌,안전운전불이행,맑음,0,1
2015,경상북도 칠곡군1,경상북도 칠곡군 왜관읍(평장교 부근),2015-02-04,11시경,중상사고,남,27세,승합차,상해없음,여,59세,자전거,중상,차대차 - 측면직각충돌,안전운전불이행,맑음,0,1
2015,경상북도 칠곡군1,경상북도 칠곡군 왜관읍(평장교 부근),2015-08-24,09시경,경상사고,여,52세,자전거,상해없음,여,72세,보행자,경상,차대사람 - 기타,기타,흐림,0,1
2015,경상남도 창원시 의창구2,경상남도 창원시 의창구 명서동(- 인근),2015-06-04,10시경,중상사고,남,47세,승용차,상해없음,여,72세,자전거,중상,차대차 - 측면직각충돌,신호위반,맑음,0,1
2015,경상남도 창원시 의창구2,경상남도 창원시 의창구 명서동(- 인근),2015-02-18,11시경,부상신고사고,남,57세,승용차,상해없음,여,66세,자전거,부상신고,차대차 - 측면직각충돌,안전운전불이행,맑음,0,1
2015,경상남도 창원시 의창구2,경상남도 창원시 의창구 명서동(- 인근),2015-09-15,21시경,중상사고,여,44세,승용차,상해없음,여,27세,자전거,중상,차대차 - 측면직각충돌,신호위반,맑음,0,1
2015,경상남도 창원시 의창구2,경상남도 창원시 의창구 명서동(- 인근),2015-01-15,18시경,중상사고,남,44세,승합차,상해없음,여,61세,자전거,중상,차대차 - 기타,신호위반,맑음,0,1
2015,경상남도 창원시 의창구2,경상남도 창원시 의창구 명서동(- 인근),2015-07-18,17시경,중상사고,여,24세,자전거,중상,남,59세,화물차,상해없음,차대차 - 측면직각충돌,중앙선침범,맑음,0,1
2015,경상남도 창원시 의창구1,경상남도 창원시 의창구 신월동(창원광장 부근),2015-02-13,07시경,경상사고,남,26세,승용차,상해없음,남,50세,자전거,경상,차대차 - 측면직각충돌,신호위반,맑음,0,1
2015,경상남도 창원시 의창구1,경상남도 창원시 의창구 신월동(창원광장 부근),2015-08-28,20시경,중상사고,남,34세,승용차,상해없음,여,43세,자전거,중상,차대차 - 측면직각충돌,안전운전불이행,맑음,0,1
2015,경상남도 창원시 의창구1,경상남도 창원시 의창구 신월동(창원광장 부근),2015-04-11,22시경,중상사고,남,55세,승용차,상해없음,남,21세,자전거,중상,차대차 - 추돌 - 진행중,신호위반,맑음,0,1
2015,경상남도 창원시 의창구1,경상남도 창원시 의창구 신월동(창원광장 부근),2015-10-10,15시경,경상사고,남,60세,승용차,상해없음,남,16세,자전거,경상,차대차 - 측면직각충돌,신호위반,맑음,0,1
2015,경상남도 창원시 의창구1,경상남도 창원시 의창구 신월동(창원광장 부근),2015-02-11,08시경,중상사고,여,36세,승용차,상해없음,여,61세,자전거,중상,차대차 - 기타,안전운전불이행,맑음,0,1
2015,경상남도 창원시 의창구1,경상남도 창원시 의창구 신월동(창원광장 부근),2015-05-09,21시경,중상사고,여,59세,승용차,상해없음,여,46세,자전거,중상,차대차 - 측면직각충돌,신호위반,맑음,0,1
2015,경상남도 창원시 의창구1,경상남도 창원시 의창구 신월동(창원광장 부근),2015-08-14,10시경,중상사고,남,48세,화물차,상해없음,남,79세,자전거,중상,차대차 - 기타,안전운전불이행,맑음,0,1
2015,경상남도 창원시 의창구1,경상남도 창원시 의창구 신월동(창원광장 부근),2015-09-02,07시경,경상사고,남,54세,화물차,상해없음,남,24세,자전거,경상,차대차 - 측면직각충돌,신호위반,맑음,0,1
2015,경상남도 창원시 성산구1,경상남도 창원시 성산구 남양동(- 인근),2015-06-27,07시경,경상사고,남,26세,승용차,상해없음,남,52세,자전거,경상,차대차 - 측면직각충돌,안전운전불이행,맑음,0,1
2015,경상남도 창원시 성산구1,경상남도 창원시 성산구 남양동(- 인근),2015-09-25,16시경,경상사고,남,61세,승용차,상해없음,남,46세,자전거,경상,차대차 - 측면직각충돌,직진우회전진행방해,맑음,0,1
2015,경상남도 창원시 성산구1,경상남도 창원시 성산구 남양동(- 인근),2015-04-03,11시경,경상사고,여,34세,승용차,상해없음,남,69세,자전거,경상,차대차 - 측면직각충돌,신호위반,맑음,0,1
2015,경상남도 창원시 성산구1,경상남도 창원시 성산구 남양동(- 인근),2015-12-13,07시경,중상사고,여,69세,승용차,상해없음,남,75세,자전거,중상,차대차 - 기타,안전운전불이행,맑음,0,1
2015,경상남도 창원시 마산합포구1,경상남도 창원시 마산합포구 신포동1가((신포주유소앞교차로) 부근),2015-07-31,22시경,중상사고,남,46세,승용차,상해없음,남,23세,자전거,중상,차대차 - 기타,안전운전불이행,맑음,0,1
2015,경상남도 창원시 마산합포구1,경상남도 창원시 마산합포구 신포동1가((신포주유소앞교차로) 부근),2015-05-22,21시경,중상사고,남,59세,승용차,상해없음,여,50세,자전거,중상,차대차 - 측면직각충돌,안전운전불이행,맑음,0,1
2015,경상남도 창원시 마산합포구1,경상남도 창원시 마산합포구 신포동1가((신포주유소앞교차로) 부근),2015-04-11,14시경,경상사고,남,62세,승용차,상해없음,남,66세,자전거,경상,차대차 - 기타,안전운전불이행,맑음,0,1
2015,경상남도 창원시 마산합포구1,경상남도 창원시 마산합포구 신포동1가((신포주유소앞교차로) 부근),2015-04-23,15시경,경상사고,여,39세,승용차,상해없음,남,75세,자전거,경상,차대차 - 측면직각충돌,안전운전불이행,맑음,0,1
2015,경상남도 창원시 마산합포구1,경상남도 창원시 마산합포구 신포동1가((신포주유소앞교차로) 부근),2015-08-28,16시경,경상사고,여,62세,승용차,상해없음,남,29세,자전거,경상,차대차 - 측면직각충돌,안전운전불이행,맑음,0,1
2015,경상남도 진주시1,경상남도 진주시 동성동(진주성지사거리 부근),2015-09-22,19시경,경상사고,남,44세,승용차,상해없음,남,43세,자전거,경상,차대차 - 측면직각충돌,신호위반,맑음,0,1
2015,경상남도 진주시1,경상남도 진주시 동성동(진주성지사거리 부근),2015-04-22,14시경,경상사고,남,55세,승용차,상해없음,남,64세,자전거,경상,차대차 - 측면직각충돌,신호위반,맑음,0,1
2015,경상남도 진주시1,경상남도 진주시 동성동(진주성지사거리 부근),2015-07-21,09시경,중상사고,남,69세,승용차,상해없음,남,43세,자전거,중상,차대차 - 기타,신호위반,맑음,0,1
2015,경상남도 진주시1,경상남도 진주시 동성동(진주성지사거리 부근),2015-02-12,10시경,중상사고,남,39세,자전거,상해없음,여,27세,보행자,중상,차대사람 - 기타,안전운전불이행,맑음,0,1
2015,경상남도 통영시1,경상남도 통영시 서호동(영생상가아파트 부근),2015-07-01,13시경,경상사고,남,52세,승용차,상해없음,남,44세,자전거,경상,차대차 - 측면직각충돌,안전운전불이행,맑음,0,1
2015,경상남도 통영시1,경상남도 통영시 서호동(영생상가아파트 부근),2015-03-14,20시경,경상사고,남,62세,승용차,상해없음,남,56세,자전거,경상,차대차 - 측면직각충돌,안전운전불이행,맑음,0,1
2015,경상남도 통영시1,경상남도 통영시 서호동(영생상가아파트 부근),2015-03-16,22시경,경상사고,남,15세,자전거,상해없음,여,50세,보행자,경상,차대사람 - 횡단중,보행자보호의무위반,맑음,0,1
2015,경상남도 통영시1,경상남도 통영시 서호동(영생상가아파트 부근),2015-04-10,23시경,중상사고,남,15세,자전거,중상,남,54세,승용차,상해없음,차대차 - 측면직각충돌,안전운전불이행,맑음,0,1
2015,경상남도 통영시1,경상남도 통영시 서호동(영생상가아파트 부근),2015-02-27,19시경,부상신고사고,남,32세,자전거,부상신고,남,37세,승용차,상해없음,차대차 - 측면직각충돌,안전운전불이행,맑음,0,1
2015,경상남도 통영시1,경상남도 통영시 서호동(영생상가아파트 부근),2015-10-06,10시경,부상신고사고,남,54세,자전거,부상신고,남,46세,승합차,상해없음,차대차 - 측면직각충돌,안전운전불이행,맑음,0,1
2015,경상남도 사천시1,경상남도 사천시 선구동(동중교 부근),2015-01-10,05시경,경상사고,남,44세,승용차,상해없음,여,66세,자전거,경상,차대차 - 측면직각충돌,교차로운행방법위반,맑음,0,1
2015,경상남도 사천시1,경상남도 사천시 선구동(동중교 부근),2015-06-03,11시경,경상사고,남,57세,승용차,상해없음,여,63세,자전거,경상,차대차 - 측면직각충돌,직진우회전진행방해,맑음,0,1
2015,경상남도 사천시1,경상남도 사천시 선구동(동중교 부근),2015-09-13,07시경,경상사고,남,58세,승용차,상해없음,여,60세,자전거,경상,차대차 - 측면직각충돌,직진우회전진행방해,맑음,0,1
2015,경상남도 사천시1,경상남도 사천시 선구동(동중교 부근),2015-07-04,09시경,경상사고,남,65세,화물차,상해없음,여,62세,자전거,경상,차대차 - 측면직각충돌,안전운전불이행,맑음,0,1
2015,경상남도 거제시2,경상남도 거제시 장승포동(한일비치 부근),2015-02-07,07시경,경상사고,남,49세,승용차,상해없음,남,34세,자전거,경상,차대차 - 측면직각충돌,교차로운행방법위반,맑음,0,1
2015,경상남도 거제시2,경상남도 거제시 장승포동(한일비치 부근),2015-05-06,22시경,중상사고,남,50세,승용차,상해없음,남,43세,자전거,중상,차대차 - 기타,중앙선침범,맑음,0,1
2015,경상남도 거제시2,경상남도 거제시 장승포동(한일비치 부근),2015-08-03,00시경,경상사고,여,52세,승용차,상해없음,남,45세,자전거,경상,차대차 - 기타,교차로운행방법위반,맑음,0,1
2015,경상남도 거제시2,경상남도 거제시 장승포동(한일비치 부근),2015-07-08,22시경,경상사고,남,19세,이륜차,상해없음,남,32세,자전거,경상,차대차 - 측면직각충돌,안전운전불이행,맑음,0,1
2015,경상남도 거제시2,경상남도 거제시 장승포동(한일비치 부근),2015-12-07,18시경,경상사고,남,21세,자전거,상해없음,여,68세,보행자,경상,차대사람 - 횡단중,신호위반,맑음,0,1
2015,경상남도 거제시4,경상남도 거제시 아주동(천도(주) 부근),2015-07-07,22시경,중상사고,남,37세,승용차,상해없음,남,33세,자전거,중상,차대차 - 추돌 - 진행중,안전운전불이행,비,0,1
2015,경상남도 거제시4,경상남도 거제시 아주동(천도(주) 부근),2015-11-29,11시경,경상사고,남,61세,승용차,상해없음,남,48세,자전거,경상,차대차 - 정면충돌,안전운전불이행,맑음,0,1
2015,경상남도 거제시4,경상남도 거제시 아주동(천도(주) 부근),2015-12-17,20시경,중상사고,여,51세,승용차,상해없음,남,41세,자전거,중상,차대차 - 정면충돌,안전거리미확보,맑음,0,1
2015,경상남도 거제시4,경상남도 거제시 아주동(천도(주) 부근),2015-05-18,06시경,경상사고,남,26세,자전거,기타불명,남,58세,보행자,경상,차대사람 - 기타,안전운전불이행,맑음,0,1
2015,경상남도 거제시1,경상남도 거제시 장평동(불사조노래연습장 부근),2015-01-20,06시경,경상사고,남,39세,승용차,상해없음,남,41세,자전거,경상,차대차 - 기타,안전운전불이행,맑음,0,1
2015,경상남도 거제시1,경상남도 거제시 장평동(불사조노래연습장 부근),2015-04-06,06시경,중상사고,남,53세,승용차,상해없음,남,56세,자전거,중상,차대차 - 기타,안전운전불이행,맑음,0,1
2015,경상남도 거제시1,경상남도 거제시 장평동(불사조노래연습장 부근),2015-02-07,07시경,중상사고,남,65세,승용차,상해없음,남,50세,자전거,중상,차대차 - 측면직각충돌,교차로운행방법위반,맑음,0,1
2015,경상남도 거제시1,경상남도 거제시 장평동(불사조노래연습장 부근),2015-10-16,19시경,경상사고,남,46세,승합차,상해없음,남,32세,자전거,경상,차대차 - 기타,교차로운행방법위반,맑음,0,1
2015,경상남도 거제시1,경상남도 거제시 장평동(불사조노래연습장 부근),2015-04-20,22시경,중상사고,남,46세,승합차,상해없음,남,33세,자전거,중상,차대차 - 기타,교차로운행방법위반,맑음,0,1
2015,경상남도 거제시3,경상남도 거제시 양정동(세웅서적 부근),2015-02-27,22시경,경상사고,남,29세,승용차,상해없음,남,14세,자전거,경상,차대차 - 측면직각충돌,교차로운행방법위반,맑음,0,1
2015,경상남도 거제시3,경상남도 거제시 양정동(세웅서적 부근),2015-05-29,22시경,중상사고,남,44세,승용차,상해없음,남,14세,자전거,중상,차대차 - 추돌 - 진행중,안전운전불이행,맑음,0,1
2015,경상남도 거제시3,경상남도 거제시 양정동(세웅서적 부근),2015-04-04,10시경,중상사고,남,57세,승합차,상해없음,남,13세,자전거,중상,차대차 - 기타,안전운전불이행,맑음,0,1
2015,경상남도 거제시3,경상남도 거제시 양정동(세웅서적 부근),2015-10-12,20시경,중상사고,남,42세,자전거,상해없음,여,67세,보행자,중상,차대사람 - 횡단중,보행자보호의무위반,맑음,0,1
2015,경상남도 양산시1,경상남도 양산시 북부동(경남은행앞 사거리 부근),2015-08-28,07시경,경상사고,남,21세,승용차,상해없음,남,39세,자전거,경상,차대차 - 측면직각충돌,안전운전불이행,맑음,0,1
2015,경상남도 양산시1,경상남도 양산시 북부동(경남은행앞 사거리 부근),2015-01-16,15시경,경상사고,남,74세,승용차,상해없음,남,16세,자전거,경상,차대차 - 기타,직진우회전진행방해,맑음,0,1
2015,경상남도 양산시1,경상남도 양산시 북부동(경남은행앞 사거리 부근),2015-03-29,19시경,중상사고,여,47세,승용차,상해없음,여,59세,자전거,중상,차대차 - 기타,직진우회전진행방해,맑음,0,1
2015,경상남도 양산시1,경상남도 양산시 북부동(경남은행앞 사거리 부근),2015-08-17,09시경,경상사고,여,56세,자전거,경상,남,46세,승용차,상해없음,차대차 - 기타,안전운전불이행,맑음,0,1
2015,경상남도 거창군1,경상남도 거창군 거창읍(한양아카데미 부근),2015-10-24,19시경,경상사고,남,32세,승용차,상해없음,여,54세,자전거,경상,차대차 - 측면직각충돌,직진우회전진행방해,기타,0,1
2015,경상남도 거창군1,경상남도 거창군 거창읍(한양아카데미 부근),2015-06-25,00시경,경상사고,남,21세,이륜차,상해없음,남,18세,자전거,경상,차대차 - 추돌 - 진행중,안전운전불이행,맑음,0,1
2015,경상남도 거창군1,경상남도 거창군 거창읍(한양아카데미 부근),2015-07-16,16시경,경상사고,남,14세,자전거,경상,남,34세,승용차,상해없음,차대차 - 측면직각충돌,안전운전불이행,맑음,0,1
2015,경상남도 거창군1,경상남도 거창군 거창읍(한양아카데미 부근),2015-06-26,15시경,부상신고사고,남,34세,자전거,부상신고,남,52세,화물차,상해없음,차대차 - 정면충돌,안전운전불이행,맑음,0,1
2015,경상남도 거창군1,경상남도 거창군 거창읍(한양아카데미 부근),2015-07-22,19시경,중상사고,남,55세,자전거,중상,남,14세,자전거,경상,차대차 - 측면직각충돌,안전운전불이행,맑음,0,2
2015,경상남도 거창군1,경상남도 거창군 거창읍(한양아카데미 부근),2015-06-03,14시경,중상사고,여,63세,자전거,중상,남,42세,승용차,상해없음,차대차 - 측면직각충돌,직진우회전진행방해,맑음,0,1
2015,경상남도 거창군2,경상남도 거창군 거창읍(예가람상호저축은행거창지점 부근),2015-07-16,07시경,경상사고,여,44세,승용차,상해없음,남,74세,자전거,경상,차대차 - 측면직각충돌,안전운전불이행,맑음,0,1
2015,경상남도 거창군2,경상남도 거창군 거창읍(예가람상호저축은행거창지점 부근),2015-05-13,19시경,중상사고,남,13세,자전거,중상,남,39세,승용차,상해없음,차대차 - 측면직각충돌,중앙선침범,맑음,0,1
2015,경상남도 거창군2,경상남도 거창군 거창읍(예가람상호저축은행거창지점 부근),2015-09-03,19시경,부상신고사고,남,45세,자전거,부상신고,남,55세,승용차,상해없음,차대차 - 측면직각충돌,안전운전불이행,맑음,0,1
2015,경상남도 거창군2,경상남도 거창군 거창읍(예가람상호저축은행거창지점 부근),2015-02-05,20시경,부상신고사고,남,49세,자전거,부상신고,여,21세,승용차,상해없음,차대차 - 측면직각충돌,안전운전불이행,맑음,0,1
2015,경상남도 거창군2,경상남도 거창군 거창읍(예가람상호저축은행거창지점 부근),2015-08-06,17시경,부상신고사고,남,50세,자전거,부상신고,남,16세,원동기장치자전거,상해없음,차대차 - 측면직각충돌,안전운전불이행,맑음,0,1
2015,경상남도 거창군2,경상남도 거창군 거창읍(예가람상호저축은행거창지점 부근),2015-10-15,09시경,경상사고,남,74세,자전거,경상,남,38세,승용차,상해없음,차대차 - 기타,신호위반,맑음,0,1
2015,제주특별자치도 제주시1,제주특별자치도 제주시 이도이동(영산홍주택관리사무소 부근),2015-05-07,10시경,중상사고,남,35세,승용차,상해없음,남,12세,자전거,중상,차대차 - 추돌 - 진행중,안전운전불이행,맑음,0,1
2015,제주특별자치도 제주시1,제주특별자치도 제주시 이도이동(영산홍주택관리사무소 부근),2015-07-21,08시경,중상사고,남,44세,승용차,상해없음,남,13세,자전거,중상,차대차 - 추돌 - 진행중,안전운전불이행,맑음,0,1
2015,제주특별자치도 제주시1,제주특별자치도 제주시 이도이동(영산홍주택관리사무소 부근),2015-04-23,16시경,경상사고,남,45세,승용차,상해없음,남,14세,자전거,경상,차대차 - 기타,안전운전불이행,맑음,0,1
2015,제주특별자치도 제주시1,제주특별자치도 제주시 이도이동(영산홍주택관리사무소 부근),2015-09-25,13시경,경상사고,여,36세,승용차,상해없음,남,72세,자전거,경상,차대차 - 기타,안전운전불이행,맑음,0,1
2015,제주특별자치도 제주시1,제주특별자치도 제주시 이도이동(영산홍주택관리사무소 부근),2015-06-18,17시경,중상사고,여,52세,승용차,상해없음,남,12세,자전거,중상,차대차 - 기타,직진우회전진행방해,맑음,0,1
2015,제주특별자치도 제주시3,제주특별자치도 제주시 이도이동(오타쿠미용실 부근),2015-08-29,18시경,경상사고,기타불명,불명,불명,기타불명,남,30세,자전거,경상,차대차 - 추돌 - 진행중,안전운전불이행,맑음,0,1
2015,제주특별자치도 제주시3,제주특별자치도 제주시 이도이동(오타쿠미용실 부근),2015-03-27,16시경,경상사고,남,47세,승용차,상해없음,남,21세,자전거,경상,차대차 - 기타,안전운전불이행,맑음,0,1
2015,제주특별자치도 제주시3,제주특별자치도 제주시 이도이동(오타쿠미용실 부근),2015-05-13,18시경,경상사고,남,63세,승합차,상해없음,여,59세,자전거,경상,차대차 - 기타,안전운전불이행,맑음,0,1