사고년도,다발시군구,지점명,사고일시,사고시간대,사고등급,가해자성별,가해자연령,가해차종,가해자신체상해정도,피해자성별,피해자연령,피해차종,피해자신체상해정도,사고유형,가해자법규위반,기상상태,사망자수,부상자수
2015,제주특별자치도 제주시3,제주특별자치도 제주시 이도이동(오타쿠미용실 부근),2015-05-16,19시경,경상사고,남,25세,자전거,상해없음,여,20세,보행자,경상,차대사람 - 기타,안전운전불이행,맑음,0,1
2015,제주특별자치도 제주시2,제주특별자치도 제주시 노형동(노형파출소 부근),2015-08-09,00시경,중상사고,기타불명,불명,불명,기타불명,남,46세,자전거,중상,차대차 - 측면직각충돌,안전운전불이행,맑음,0,1
2015,제주특별자치도 제주시2,제주특별자치도 제주시 노형동(노형파출소 부근),2015-06-02,19시경,경상사고,남,39세,승용차,상해없음,남,15세,자전거,경상,차대차 - 기타,안전운전불이행,맑음,0,1
2015,제주특별자치도 제주시2,제주특별자치도 제주시 노형동(노형파출소 부근),2015-07-17,18시경,경상사고,남,55세,승용차,상해없음,남,26세,자전거,경상,차대차 - 추돌 - 주정차중,안전운전불이행,맑음,0,1
2015,제주특별자치도 제주시2,제주특별자치도 제주시 노형동(노형파출소 부근),2015-06-09,17시경,중상사고,남,55세,승합차,상해없음,여,21세,자전거,중상,차대차 - 기타,교차로운행방법위반,맑음,0,1
2015,제주특별자치도 제주시2,제주특별자치도 제주시 노형동(노형파출소 부근),2015-02-14,16시경,경상사고,남,17세,자전거,경상,남,27세,승용차,상해없음,차대차 - 측면직각충돌,안전운전불이행,맑음,0,1
2016,서울특별시 종로구1,서울특별시 종로구 종로5가(종로5가 부근),2016-03-01,13시경,부상신고사고,남,52세,승용차,상해없음,남,49세,자전거,부상신고,차대차 - 추돌 - 진행중,안전거리미확보,맑음,0,1
2016,서울특별시 종로구1,서울특별시 종로구 종로5가(종로5가 부근),2016-12-31,20시경,중상사고,남,65세,승용차,상해없음,남,56세,자전거,중상,차대차 - 측면직각충돌,교차로운행방법위반,맑음,0,1
2016,서울특별시 종로구1,서울특별시 종로구 종로5가(종로5가 부근),2016-04-05,08시경,경상사고,여,28세,승용차,상해없음,남,33세,자전거,경상,차대차 - 측면직각충돌,신호위반,맑음,0,1
2016,서울특별시 종로구1,서울특별시 종로구 종로5가(종로5가 부근),2016-09-21,13시경,경상사고,남,40세,승합차,상해없음,남,70세,자전거,경상,차대차 - 측면직각충돌,안전운전불이행,맑음,0,1
2016,서울특별시 용산구1,서울특별시 용산구 이촌동(거북선 나루터 부근),2016-10-27,17시경,경상사고,여,54세,승용차,상해없음,남,36세,자전거,경상,차대차 - 추돌 - 진행중,안전운전불이행,맑음,0,1
2016,서울특별시 용산구1,서울특별시 용산구 이촌동(거북선 나루터 부근),2016-09-04,13시경,중상사고,남,11세,자전거,상해없음,남,59세,자전거,중상,차대차 - 정면충돌,안전운전불이행,맑음,0,1
2016,서울특별시 용산구1,서울특별시 용산구 이촌동(거북선 나루터 부근),2016-06-08,19시경,경상사고,남,25세,자전거,상해없음,여,58세,보행자,경상,차대사람 - 기타,안전운전불이행,맑음,0,1
2016,서울특별시 용산구1,서울특별시 용산구 이촌동(거북선 나루터 부근),2016-09-04,15시경,중상사고,남,26세,자전거,중상,남,7세,자전거,경상,차대차 - 정면충돌,안전운전불이행,맑음,0,2
2016,서울특별시 용산구1,서울특별시 용산구 이촌동(거북선 나루터 부근),2016-11-21,08시경,부상신고사고,남,41세,자전거,상해없음,여,48세,보행자,부상신고,차대사람 - 기타,안전운전불이행,맑음,0,1
2016,서울특별시 용산구1,서울특별시 용산구 이촌동(거북선 나루터 부근),2016-10-05,07시경,경상사고,남,49세,자전거,상해없음,남,61세,보행자,경상,차대사람 - 기타,안전운전불이행,맑음,0,1
2016,서울특별시 용산구1,서울특별시 용산구 이촌동(거북선 나루터 부근),2016-05-20,12시경,경상사고,여,13세,자전거,상해없음,남,80세,자전거,경상,차대차 - 정면충돌,중앙선침범,맑음,0,1
2016,서울특별시 용산구1,서울특별시 용산구 이촌동(거북선 나루터 부근),2016-09-26,18시경,경상사고,여,27세,자전거,상해없음,남,56세,자전거,경상,차대차 - 측면직각충돌,안전운전불이행,맑음,0,1
2016,서울특별시 용산구1,서울특별시 용산구 이촌동(거북선 나루터 부근),2016-06-26,12시경,중상사고,여,27세,자전거,중상,남,43세,자전거,상해없음,차대차 - 기타,안전운전불이행,맑음,0,1
2016,서울특별시 용산구2,서울특별시 용산구 이촌동(강변북로-동작대로램프(6) 부근),2016-02-21,14시경,경상사고,남,13세,자전거,상해없음,남,50세,자전거,경상,차대차 - 측면직각충돌,안전운전불이행,맑음,0,1
2016,서울특별시 용산구2,서울특별시 용산구 이촌동(강변북로-동작대로램프(6) 부근),2016-07-25,22시경,경상사고,남,26세,자전거,상해없음,여,24세,자전거,경상,차대차 - 정면충돌,안전운전불이행,맑음,0,1
2016,서울특별시 용산구2,서울특별시 용산구 이촌동(강변북로-동작대로램프(6) 부근),2016-10-15,15시경,중상사고,남,53세,자전거,상해없음,남,51세,자전거,중상,차대차 - 정면충돌,안전운전불이행,맑음,0,1
2016,서울특별시 용산구2,서울특별시 용산구 이촌동(강변북로-동작대로램프(6) 부근),2016-05-05,17시경,경상사고,남,56세,자전거,상해없음,남,43세,보행자,경상,차대사람 - 기타,안전운전불이행,맑음,0,1
2016,서울특별시 성동구5,서울특별시 성동구 홍익동(청계벽산 상가 부근),2016-07-23,19시경,중상사고,남,50세,승용차,상해없음,남,46세,자전거,중상,차대차 - 기타,안전운전불이행,비,0,1
2016,서울특별시 성동구5,서울특별시 성동구 홍익동(청계벽산 상가 부근),2016-11-01,07시경,중상사고,남,66세,승용차,상해없음,남,29세,자전거,중상,차대차 - 측면직각충돌,신호위반,맑음,0,1
2016,서울특별시 성동구5,서울특별시 성동구 홍익동(청계벽산 상가 부근),2016-06-28,09시경,경상사고,남,68세,승용차,상해없음,남,29세,자전거,경상,차대차 - 정면충돌,안전운전불이행,맑음,0,1
2016,서울특별시 성동구5,서울특별시 성동구 홍익동(청계벽산 상가 부근),2016-09-29,13시경,경상사고,여,59세,승용차,상해없음,남,54세,자전거,경상,차대차 - 정면충돌,안전운전불이행,맑음,0,1
2016,서울특별시 성동구5,서울특별시 성동구 홍익동(청계벽산 상가 부근),2016-08-20,16시경,중상사고,남,57세,자전거,중상,남,68세,화물차,상해없음,차대차 - 측면직각충돌,안전거리미확보,맑음,0,1
2016,서울특별시 성동구1,서울특별시 성동구 마장동(마장동사거리 부근),2016-10-21,21시경,부상신고사고,기타불명,불명,불명,기타불명,남,49세,자전거,부상신고,차대차 - 측면직각충돌,안전운전불이행,맑음,0,1
2016,서울특별시 성동구1,서울특별시 성동구 마장동(마장동사거리 부근),2016-06-14,19시경,경상사고,남,75세,승용차,상해없음,여,51세,자전거,경상,차대차 - 측면직각충돌,안전운전불이행,맑음,0,1
2016,서울특별시 성동구1,서울특별시 성동구 마장동(마장동사거리 부근),2016-11-13,13시경,부상신고사고,남,36세,자전거,부상신고,여,68세,승용차,상해없음,차대차 - 측면직각충돌,안전운전불이행,흐림,0,1
2016,서울특별시 성동구1,서울특별시 성동구 마장동(마장동사거리 부근),2016-06-11,00시경,부상신고사고,남,59세,자전거,부상신고,남,52세,승용차,상해없음,차대차 - 측면직각충돌,안전운전불이행,맑음,0,1
2016,서울특별시 성동구1,서울특별시 성동구 마장동(마장동사거리 부근),2016-10-23,09시경,경상사고,남,62세,자전거,경상,남,64세,승용차,상해없음,차대차 - 정면충돌,안전운전불이행,맑음,0,1
2016,서울특별시 성동구1,서울특별시 성동구 마장동(마장동사거리 부근),2016-11-21,10시경,부상신고사고,남,63세,자전거,부상신고,남,37세,이륜차,상해없음,차대차 - 측면직각충돌,안전운전불이행,맑음,0,1
2016,서울특별시 성동구1,서울특별시 성동구 마장동(마장동사거리 부근),2016-02-17,06시경,부상신고사고,남,66세,자전거,부상신고,남,36세,승용차,상해없음,차대차 - 기타,안전운전불이행,맑음,0,1
2016,서울특별시 성동구1,서울특별시 성동구 마장동(마장동사거리 부근),2016-05-23,17시경,경상사고,남,68세,자전거,경상,여,40세,승용차,상해없음,차대차 - 기타,안전거리미확보,맑음,0,1
2016,서울특별시 성동구1,서울특별시 성동구 마장동(마장동사거리 부근),2016-07-01,10시경,부상신고사고,남,68세,자전거,부상신고,없음,불명,없음,없음,차량단독 - 기타,안전운전불이행,비,0,1
2016,서울특별시 성동구8,서울특별시 성동구 행당동(왕십리역_왕십리역길_진출_1 부근),2016-04-29,17시경,경상사고,남,27세,승용차,상해없음,남,47세,자전거,경상,차대차 - 측면직각충돌,기타,맑음,0,1
2016,서울특별시 성동구8,서울특별시 성동구 행당동(왕십리역_왕십리역길_진출_1 부근),2016-05-25,16시경,중상사고,남,17세,자전거,중상,남,54세,승합차,상해없음,차대차 - 기타,안전운전불이행,맑음,0,1
2016,서울특별시 성동구8,서울특별시 성동구 행당동(왕십리역_왕십리역길_진출_1 부근),2016-05-20,07시경,부상신고사고,남,18세,자전거,부상신고,남,43세,승용차,상해없음,차대차 - 추돌 - 진행중,안전거리미확보,맑음,0,1
2016,서울특별시 성동구8,서울특별시 성동구 행당동(왕십리역_왕십리역길_진출_1 부근),2016-05-09,20시경,경상사고,남,37세,자전거,상해없음,남,43세,보행자,경상,차대사람 - 보도통행중,보행자보호의무위반,맑음,0,1
2016,서울특별시 성동구8,서울특별시 성동구 행당동(왕십리역_왕십리역길_진출_1 부근),2016-04-05,22시경,경상사고,여,53세,자전거,경상,남,52세,승용차,상해없음,차대차 - 측면직각충돌,불법유턴,맑음,0,1
2016,서울특별시 성동구6,서울특별시 성동구 성수동1가(성수여중 부근),2016-02-12,22시경,경상사고,남,20세,승용차,상해없음,남,51세,자전거,경상,차대차 - 측면직각충돌,안전운전불이행,맑음,0,1
2016,서울특별시 성동구6,서울특별시 성동구 성수동1가(성수여중 부근),2016-03-21,11시경,중상사고,남,70세,승용차,상해없음,여,51세,자전거,중상,차대차 - 측면직각충돌,기타,맑음,0,1
2016,서울특별시 성동구6,서울특별시 성동구 성수동1가(성수여중 부근),2016-08-12,21시경,부상신고사고,남,33세,자전거,부상신고,남,19세,이륜차,상해없음,차대차 - 측면직각충돌,안전운전불이행,맑음,0,1
2016,서울특별시 성동구6,서울특별시 성동구 성수동1가(성수여중 부근),2016-12-19,17시경,중상사고,남,57세,자전거,중상,여,36세,승용차,상해없음,차대차 - 측면직각충돌,신호위반,맑음,0,1
2016,서울특별시 성동구6,서울특별시 성동구 성수동1가(성수여중 부근),2016-03-23,14시경,중상사고,남,41세,화물차,상해없음,남,63세,자전거,중상,차대차 - 측면직각충돌,교차로운행방법위반,맑음,0,1
2016,서울특별시 성동구2,서울특별시 성동구 성수동2가(윤진약국 부근),2016-09-10,20시경,중상사고,남,42세,승용차,상해없음,여,51세,자전거,중상,차대차 - 기타,안전운전불이행,맑음,0,1
2016,서울특별시 성동구2,서울특별시 성동구 성수동2가(윤진약국 부근),2016-10-09,14시경,중상사고,남,56세,승용차,상해없음,남,86세,자전거,중상,차대차 - 측면직각충돌,직진우회전진행방해,맑음,0,1
2016,서울특별시 성동구2,서울특별시 성동구 성수동2가(윤진약국 부근),2016-12-14,04시경,중상사고,남,76세,승용차,상해없음,여,59세,자전거,중상,차대차 - 측면직각충돌,안전운전불이행,맑음,0,1
2016,서울특별시 성동구2,서울특별시 성동구 성수동2가(윤진약국 부근),2016-11-18,11시경,경상사고,남,67세,원동기장치자전거,상해없음,남,65세,자전거,경상,차대차 - 추돌 - 진행중,안전거리미확보,맑음,0,1
2016,서울특별시 성동구2,서울특별시 성동구 성수동2가(윤진약국 부근),2016-11-04,22시경,경상사고,남,37세,이륜차,상해없음,남,26세,자전거,경상,차대차 - 측면직각충돌,안전운전불이행,맑음,0,1
2016,서울특별시 성동구2,서울특별시 성동구 성수동2가(윤진약국 부근),2016-01-03,19시경,부상신고사고,남,16세,자전거,상해없음,남,58세,보행자,부상신고,차대사람 - 길가장자리구역통행중,안전운전불이행,맑음,0,1
2016,서울특별시 성동구2,서울특별시 성동구 성수동2가(윤진약국 부근),2016-07-12,08시경,중상사고,남,64세,자전거,상해없음,여,58세,자전거,중상,차대차 - 측면직각충돌,안전운전불이행,맑음,0,1
2016,서울특별시 성동구3,서울특별시 성동구 성수동2가(경동초교입구사거리 부근),2016-10-10,15시경,중상사고,남,47세,승용차,상해없음,남,28세,자전거,중상,차대차 - 측면직각충돌,안전운전불이행,맑음,0,1
2016,서울특별시 성동구3,서울특별시 성동구 성수동2가(경동초교입구사거리 부근),2016-09-01,17시경,부상신고사고,남,50세,승용차,상해없음,남,16세,자전거,부상신고,차대차 - 기타,안전운전불이행,맑음,0,1
2016,서울특별시 성동구3,서울특별시 성동구 성수동2가(경동초교입구사거리 부근),2016-07-16,21시경,중상사고,남,56세,승용차,상해없음,여,40세,자전거,중상,차대차 - 측면직각충돌,안전운전불이행,비,0,1
2016,서울특별시 성동구3,서울특별시 성동구 성수동2가(경동초교입구사거리 부근),2016-12-02,17시경,중상사고,남,61세,승용차,상해없음,여,51세,자전거,중상,차대차 - 측면직각충돌,안전운전불이행,맑음,0,1
2016,서울특별시 성동구3,서울특별시 성동구 성수동2가(경동초교입구사거리 부근),2016-01-11,17시경,중상사고,남,15세,자전거,부상신고,남,37세,보행자,중상,차대사람 - 기타,안전운전불이행,맑음,0,2
2016,서울특별시 성동구3,서울특별시 성동구 성수동2가(경동초교입구사거리 부근),2016-07-02,14시경,부상신고사고,남,16세,자전거,부상신고,남,36세,승용차,상해없음,차대차 - 측면직각충돌,기타,맑음,0,1
2016,서울특별시 성동구3,서울특별시 성동구 성수동2가(경동초교입구사거리 부근),2016-03-09,22시경,부상신고사고,남,49세,자전거,부상신고,남,57세,승용차,상해없음,차대차 - 기타,신호위반,맑음,0,1
2016,서울특별시 성동구4,서울특별시 성동구 용답동(용답동 부근),2016-08-16,15시경,경상사고,남,33세,승용차,상해없음,남,9세,자전거,경상,차대차 - 기타,안전운전불이행,맑음,0,1
2016,서울특별시 성동구4,서울특별시 성동구 용답동(용답동 부근),2016-04-26,14시경,중상사고,남,64세,승용차,상해없음,남,38세,자전거,중상,차대차 - 측면직각충돌,안전운전불이행,맑음,0,1
2016,서울특별시 성동구4,서울특별시 성동구 용답동(용답동 부근),2016-11-16,17시경,경상사고,여,47세,승용차,상해없음,남,71세,자전거,경상,차대차 - 정면충돌,안전거리미확보,맑음,0,1
2016,서울특별시 성동구4,서울특별시 성동구 용답동(용답동 부근),2016-09-17,17시경,부상신고사고,기타불명,불명,자전거,기타불명,여,26세,보행자,부상신고,차대사람 - 차도통행중,안전운전불이행,맑음,0,1
2016,서울특별시 성동구4,서울특별시 성동구 용답동(용답동 부근),2016-07-12,20시경,부상신고사고,남,23세,자전거,부상신고,남,38세,승용차,상해없음,차대차 - 기타,안전운전불이행,맑음,0,1
2016,서울특별시 성동구4,서울특별시 성동구 용답동(용답동 부근),2016-11-16,17시경,부상신고사고,남,59세,자전거,부상신고,남,55세,화물차,상해없음,차대차 - 측면직각충돌,안전운전불이행,맑음,0,1
2016,서울특별시 성동구4,서울특별시 성동구 용답동(용답동 부근),2016-06-10,19시경,부상신고사고,여,54세,자전거,부상신고,남,58세,승용차,상해없음,차대차 - 측면직각충돌,신호위반,맑음,0,1
2016,서울특별시 성동구7,서울특별시 성동구 용답동(답십리역 부근),2016-06-08,22시경,경상사고,남,63세,승용차,상해없음,남,55세,자전거,경상,차대차 - 기타,직진우회전진행방해,맑음,0,1
2016,서울특별시 성동구7,서울특별시 성동구 용답동(답십리역 부근),2016-10-01,18시경,중상사고,남,69세,승용차,상해없음,남,65세,자전거,중상,차대차 - 기타,안전거리미확보,맑음,0,1
2016,서울특별시 성동구7,서울특별시 성동구 용답동(답십리역 부근),2016-10-30,13시경,중상사고,남,55세,승합차,상해없음,남,58세,자전거,중상,차대차 - 기타,안전운전불이행,맑음,0,1
2016,서울특별시 성동구7,서울특별시 성동구 용답동(답십리역 부근),2016-05-05,18시경,부상신고사고,남,24세,자전거,부상신고,남,35세,승용차,상해없음,차대차 - 기타,안전운전불이행,맑음,0,1
2016,서울특별시 성동구7,서울특별시 성동구 용답동(답십리역 부근),2016-09-22,15시경,경상사고,남,55세,자전거,경상,남,73세,승용차,상해없음,차대차 - 측면직각충돌,안전운전불이행,맑음,0,1
2016,서울특별시 광진구2,서울특별시 광진구 중곡동(진현빌딩 부근),2016-07-03,01시경,부상신고사고,남,39세,승용차,상해없음,남,24세,자전거,부상신고,차대차 - 정면충돌,안전운전불이행,맑음,0,1
2016,서울특별시 광진구2,서울특별시 광진구 중곡동(진현빌딩 부근),2016-01-09,01시경,경상사고,남,52세,승용차,상해없음,남,39세,자전거,경상,차대차 - 측면직각충돌,신호위반,흐림,0,1
2016,서울특별시 광진구2,서울특별시 광진구 중곡동(진현빌딩 부근),2016-01-27,23시경,중상사고,남,27세,자전거,중상,여,33세,승용차,상해없음,차대차 - 기타,신호위반,맑음,0,1
2016,서울특별시 광진구2,서울특별시 광진구 중곡동(진현빌딩 부근),2016-10-09,13시경,중상사고,남,47세,자전거,상해없음,여,56세,보행자,경상,차대사람 - 횡단중,신호위반,맑음,0,2
2016,서울특별시 광진구2,서울특별시 광진구 중곡동(진현빌딩 부근),2016-02-19,06시경,경상사고,여,57세,자전거,경상,남,41세,승용차,상해없음,차대차 - 추돌 - 진행중,안전운전불이행,맑음,0,1
2016,서울특별시 광진구4,서울특별시 광진구 구의동(올림픽대교북단사거리 부근),2016-10-19,21시경,경상사고,남,26세,승용차,경상,여,17세,자전거,상해없음,차대차 - 측면직각충돌,안전운전불이행,맑음,0,1
2016,서울특별시 광진구4,서울특별시 광진구 구의동(올림픽대교북단사거리 부근),2016-05-22,12시경,경상사고,남,45세,승용차,상해없음,남,12세,자전거,경상,차대차 - 측면직각충돌,안전운전불이행,맑음,0,1
2016,서울특별시 광진구4,서울특별시 광진구 구의동(올림픽대교북단사거리 부근),2016-11-04,09시경,경상사고,남,55세,승용차,상해없음,여,67세,자전거,경상,차대차 - 기타,신호위반,맑음,0,1
2016,서울특별시 광진구4,서울특별시 광진구 구의동(올림픽대교북단사거리 부근),2016-03-28,18시경,경상사고,남,33세,원동기장치자전거,상해없음,남,11세,자전거,경상,차대차 - 측면직각충돌,안전운전불이행,맑음,0,1
2016,서울특별시 광진구4,서울특별시 광진구 구의동(올림픽대교북단사거리 부근),2016-04-07,16시경,중상사고,남,48세,화물차,상해없음,남,8세,자전거,중상,차대차 - 측면직각충돌,안전운전불이행,맑음,0,1
2016,서울특별시 광진구6,서울특별시 광진구 구의동(자양사거리_일반국도3호선_진입_ 부근),2016-01-28,20시경,중상사고,남,52세,승용차,상해없음,남,76세,자전거,중상,차대차 - 추돌 - 진행중,안전운전불이행,맑음,0,1
2016,서울특별시 광진구6,서울특별시 광진구 구의동(자양사거리_일반국도3호선_진입_ 부근),2016-07-27,23시경,경상사고,남,60세,승용차,상해없음,남,49세,자전거,경상,차대차 - 기타,기타,맑음,0,1
2016,서울특별시 광진구6,서울특별시 광진구 구의동(자양사거리_일반국도3호선_진입_ 부근),2016-11-14,14시경,경상사고,여,32세,승용차,상해없음,남,22세,자전거,경상,차대차 - 기타,안전운전불이행,기타,0,1
2016,서울특별시 광진구6,서울특별시 광진구 구의동(자양사거리_일반국도3호선_진입_ 부근),2016-09-22,23시경,경상사고,남,46세,자전거,경상,남,30세,승용차,상해없음,차대차 - 측면직각충돌,안전운전불이행,맑음,0,1
2016,서울특별시 광진구7,서울특별시 광진구 자양동(한강현대아파트 부근),2016-09-18,20시경,경상사고,남,23세,승용차,상해없음,여,32세,자전거,경상,차대차 - 기타,신호위반,맑음,0,1
2016,서울특별시 광진구7,서울특별시 광진구 자양동(한강현대아파트 부근),2016-03-28,07시경,중상사고,남,58세,승용차,상해없음,남,53세,자전거,중상,차대차 - 측면직각충돌,신호위반,맑음,0,1
2016,서울특별시 광진구7,서울특별시 광진구 자양동(한강현대아파트 부근),2016-05-07,09시경,부상신고사고,남,68세,자전거,부상신고,남,67세,승용차,상해없음,차대차 - 측면직각충돌,안전운전불이행,맑음,0,1
2016,서울특별시 광진구7,서울특별시 광진구 자양동(한강현대아파트 부근),2016-10-15,15시경,경상사고,여,58세,자전거,경상,여,27세,자전거,상해없음,차대차 - 측면직각충돌,안전운전불이행,맑음,0,1
2016,서울특별시 광진구1,서울특별시 광진구 군자동(화양사거리 부근),2016-02-03,09시경,중상사고,남,31세,승용차,상해없음,여,53세,자전거,중상,차대차 - 추돌 - 진행중,신호위반,맑음,0,1
2016,서울특별시 광진구1,서울특별시 광진구 군자동(화양사거리 부근),2016-03-22,04시경,중상사고,여,45세,승용차,상해없음,여,58세,자전거,중상,차대차 - 측면직각충돌,신호위반,맑음,0,1
2016,서울특별시 광진구1,서울특별시 광진구 군자동(화양사거리 부근),2016-07-14,10시경,중상사고,여,46세,승용차,상해없음,남,63세,자전거,중상,차대차 - 측면직각충돌,신호위반,맑음,0,1
2016,서울특별시 광진구1,서울특별시 광진구 군자동(화양사거리 부근),2016-10-18,20시경,중상사고,남,39세,이륜차,상해없음,남,40세,자전거,중상,차대차 - 측면직각충돌,안전운전불이행,맑음,0,1
2016,서울특별시 광진구1,서울특별시 광진구 군자동(화양사거리 부근),2016-08-04,18시경,부상신고사고,기타불명,불명,자전거,기타불명,남,7세,보행자,부상신고,차대사람 - 기타,안전운전불이행,맑음,0,1
2016,서울특별시 광진구3,서울특별시 광진구 군자동(삼원빌딩 부근),2016-10-24,08시경,경상사고,여,43세,승용차,상해없음,남,27세,자전거,경상,차대차 - 측면직각충돌,직진우회전진행방해,맑음,0,1
2016,서울특별시 광진구3,서울특별시 광진구 군자동(삼원빌딩 부근),2016-05-13,06시경,중상사고,남,28세,승합차,상해없음,남,25세,자전거,중상,차대차 - 측면직각충돌,신호위반,맑음,0,1
2016,서울특별시 광진구3,서울특별시 광진구 군자동(삼원빌딩 부근),2016-04-10,00시경,경상사고,남,25세,자전거,경상,남,43세,승용차,상해없음,차대차 - 측면직각충돌,안전운전불이행,맑음,0,1
2016,서울특별시 광진구3,서울특별시 광진구 군자동(삼원빌딩 부근),2016-03-29,18시경,경상사고,남,31세,자전거,상해없음,여,47세,보행자,경상,차대사람 - 횡단중,신호위반,맑음,0,1
2016,서울특별시 광진구3,서울특별시 광진구 군자동(삼원빌딩 부근),2016-03-13,05시경,중상사고,남,60세,자전거,중상,남,50세,승합차,상해없음,차대차 - 기타,안전운전불이행,맑음,0,1
2016,서울특별시 광진구5,서울특별시 광진구 군자동(일반국도3호선-일반국도3호선진 부근),2016-07-05,20시경,중상사고,남,34세,승용차,상해없음,남,48세,자전거,중상,차대차 - 추돌 - 진행중,기타,비,0,1
2016,서울특별시 광진구5,서울특별시 광진구 군자동(일반국도3호선-일반국도3호선진 부근),2016-06-10,18시경,중상사고,남,65세,승용차,상해없음,남,45세,자전거,중상,차대차 - 기타,안전거리미확보,맑음,0,1
2016,서울특별시 광진구5,서울특별시 광진구 군자동(일반국도3호선-일반국도3호선진 부근),2016-10-06,14시경,경상사고,남,77세,자전거,경상,남,28세,화물차,상해없음,차대차 - 기타,안전운전불이행,맑음,0,1
2016,서울특별시 광진구5,서울특별시 광진구 군자동(일반국도3호선-일반국도3호선진 부근),2016-03-23,23시경,경상사고,여,29세,자전거,경상,남,30세,승용차,상해없음,차대차 - 측면직각충돌,안전운전불이행,맑음,0,1
2016,서울특별시 동대문구6,서울특별시 동대문구 용두동(경동시장_고산자로_진입_1 부근),2016-05-04,08시경,경상사고,남,55세,승용차,상해없음,남,37세,자전거,경상,차대차 - 기타,안전운전불이행,맑음,0,1
2016,서울특별시 동대문구6,서울특별시 동대문구 용두동(경동시장_고산자로_진입_1 부근),2016-08-10,08시경,중상사고,남,69세,승용차,상해없음,남,28세,자전거,중상,차대차 - 기타,기타,맑음,0,1
2016,서울특별시 동대문구6,서울특별시 동대문구 용두동(경동시장_고산자로_진입_1 부근),2016-04-19,17시경,경상사고,남,59세,자전거,경상,남,33세,승용차,기타불명,차대차 - 측면직각충돌,안전거리미확보,맑음,0,1
2016,서울특별시 동대문구6,서울특별시 동대문구 용두동(경동시장_고산자로_진입_1 부근),2016-10-08,18시경,부상신고사고,여,50세,자전거,부상신고,남,54세,자전거,상해없음,차대차 - 정면충돌,안전운전불이행,맑음,0,1
2016,서울특별시 동대문구6,서울특별시 동대문구 용두동(경동시장_고산자로_진입_1 부근),2016-02-26,13시경,경상사고,남,32세,화물차,상해없음,남,64세,자전거,경상,차대차 - 측면직각충돌,안전운전불이행,맑음,0,1
2016,서울특별시 동대문구6,서울특별시 동대문구 용두동(경동시장_고산자로_진입_1 부근),2016-02-26,13시경,중상사고,남,36세,화물차,상해없음,남,81세,자전거,중상,차대차 - 측면직각충돌,안전운전불이행,맑음,0,1
2016,서울특별시 동대문구9,서울특별시 동대문구 용두동(시립동부병원앞교차로_하정로_진 부근),2016-05-02,08시경,중상사고,남,63세,승용차,상해없음,여,60세,자전거,중상,차대차 - 기타,기타,맑음,0,1
2016,서울특별시 동대문구9,서울특별시 동대문구 용두동(시립동부병원앞교차로_하정로_진 부근),2016-09-28,06시경,경상사고,남,64세,승용차,상해없음,남,78세,자전거,경상,차대차 - 측면직각충돌,안전운전불이행,맑음,0,1
2016,서울특별시 동대문구9,서울특별시 동대문구 용두동(시립동부병원앞교차로_하정로_진 부근),2016-09-19,20시경,부상신고사고,남,13세,자전거,부상신고,남,57세,승용차,상해없음,차대차 - 기타,안전운전불이행,맑음,0,1
2016,서울특별시 동대문구9,서울특별시 동대문구 용두동(시립동부병원앞교차로_하정로_진 부근),2016-04-13,18시경,중상사고,남,54세,자전거,중상,남,43세,승합차,상해없음,차대차 - 기타,안전운전불이행,맑음,0,1
2016,서울특별시 동대문구9,서울특별시 동대문구 용두동(시립동부병원앞교차로_하정로_진 부근),2016-11-25,22시경,부상신고사고,여,34세,자전거,부상신고,남,53세,이륜차,상해없음,차대차 - 정면충돌,안전운전불이행,맑음,0,1
2016,서울특별시 동대문구12,서울특별시 동대문구 용두동(안암오거리_무학로_진입_1 부근),2016-02-26,10시경,중상사고,남,27세,승용차,상해없음,남,72세,자전거,중상,차대차 - 측면직각충돌,안전운전불이행,맑음,0,1
2016,서울특별시 동대문구12,서울특별시 동대문구 용두동(안암오거리_무학로_진입_1 부근),2016-06-03,18시경,중상사고,남,69세,승용차,상해없음,남,68세,자전거,중상,차대차 - 측면직각충돌,안전거리미확보,맑음,0,1
2016,서울특별시 동대문구12,서울특별시 동대문구 용두동(안암오거리_무학로_진입_1 부근),2016-09-01,09시경,경상사고,남,85세,자전거,경상,남,23세,화물차,상해없음,차대차 - 정면충돌,중앙선침범,맑음,0,1
2016,서울특별시 동대문구12,서울특별시 동대문구 용두동(안암오거리_무학로_진입_1 부근),2016-11-28,11시경,부상신고사고,여,52세,자전거,부상신고,남,53세,화물차,상해없음,차대차 - 측면직각충돌,안전운전불이행,맑음,0,1
2016,서울특별시 동대문구1,서울특별시 동대문구 제기동(성바오로병원앞 부근),2016-04-19,11시경,중상사고,남,62세,승용차,상해없음,남,55세,자전거,중상,차대차 - 측면직각충돌,기타,맑음,0,1
2016,서울특별시 동대문구1,서울특별시 동대문구 제기동(성바오로병원앞 부근),2016-09-26,12시경,경상사고,남,74세,승용차,상해없음,남,76세,자전거,경상,차대차 - 측면직각충돌,안전운전불이행,맑음,0,1
2016,서울특별시 동대문구1,서울특별시 동대문구 제기동(성바오로병원앞 부근),2016-01-04,09시경,경상사고,여,75세,승용차,상해없음,남,71세,자전거,경상,차대차 - 측면직각충돌,직진우회전진행방해,맑음,0,1