사고년도,다발시군구,지점명,사고일시,사고시간대,사고등급,가해자성별,가해자연령,가해차종,가해자신체상해정도,피해자성별,피해자연령,피해차종,피해자신체상해정도,사고유형,가해자법규위반,기상상태,사망자수,부상자수
2016,서울특별시 동대문구1,서울특별시 동대문구 제기동(성바오로병원앞 부근),2016-04-20,16시경,중상사고,기타불명,불명,자전거,기타불명,남,72세,보행자,중상,차대사람 - 차도통행중,안전운전불이행,기타,0,1
2016,서울특별시 동대문구1,서울특별시 동대문구 제기동(성바오로병원앞 부근),2016-09-13,15시경,경상사고,남,52세,자전거,상해없음,여,61세,보행자,부상신고,차대사람 - 기타,안전운전불이행,맑음,0,2
2016,서울특별시 동대문구1,서울특별시 동대문구 제기동(성바오로병원앞 부근),2016-08-27,17시경,경상사고,남,55세,자전거,상해없음,여,36세,보행자,경상,차대사람 - 차도통행중,안전운전불이행,맑음,0,1
2016,서울특별시 동대문구1,서울특별시 동대문구 제기동(성바오로병원앞 부근),2016-10-14,18시경,중상사고,남,71세,자전거,중상,남,38세,승용차,상해없음,차대차 - 측면직각충돌,신호위반,맑음,0,1
2016,서울특별시 동대문구1,서울특별시 동대문구 제기동(성바오로병원앞 부근),2016-09-05,09시경,중상사고,여,72세,자전거,중상,남,46세,승합차,상해없음,차대차 - 추돌 - 진행중,안전운전불이행,맑음,0,1
2016,서울특별시 동대문구1,서울특별시 동대문구 제기동(성바오로병원앞 부근),2016-08-20,05시경,경상사고,남,58세,화물차,상해없음,남,73세,자전거,경상,차대차 - 기타,안전운전불이행,맑음,0,1
2016,서울특별시 동대문구1,서울특별시 동대문구 제기동(성바오로병원앞 부근),2016-08-11,10시경,경상사고,남,59세,화물차,상해없음,남,67세,자전거,경상,차대차 - 측면직각충돌,안전운전불이행,맑음,0,1
2016,서울특별시 동대문구3,서울특별시 동대문구 제기동(용두동사거리_국도6호선_진입_2 부근),2016-11-14,07시경,경상사고,남,31세,승용차,상해없음,여,55세,자전거,경상,차대차 - 측면직각충돌,안전운전불이행,맑음,0,1
2016,서울특별시 동대문구3,서울특별시 동대문구 제기동(용두동사거리_국도6호선_진입_2 부근),2016-03-30,22시경,부상신고사고,남,55세,승용차,기타불명,남,49세,자전거,부상신고,차대차 - 측면직각충돌,안전운전불이행,맑음,0,1
2016,서울특별시 동대문구3,서울특별시 동대문구 제기동(용두동사거리_국도6호선_진입_2 부근),2016-03-29,18시경,부상신고사고,여,52세,승용차,상해없음,여,10세,자전거,부상신고,차대차 - 측면직각충돌,안전운전불이행,맑음,0,1
2016,서울특별시 동대문구3,서울특별시 동대문구 제기동(용두동사거리_국도6호선_진입_2 부근),2016-02-17,16시경,부상신고사고,여,33세,자전거,부상신고,남,43세,승용차,상해없음,차대차 - 측면직각충돌,안전운전불이행,맑음,0,1
2016,서울특별시 동대문구3,서울특별시 동대문구 제기동(용두동사거리_국도6호선_진입_2 부근),2016-12-15,11시경,경상사고,여,54세,자전거,경상,남,66세,승용차,상해없음,차대차 - 기타,안전운전불이행,맑음,0,1
2016,서울특별시 동대문구3,서울특별시 동대문구 제기동(용두동사거리_국도6호선_진입_2 부근),2016-04-30,11시경,부상신고사고,여,66세,자전거,부상신고,남,30세,승용차,상해없음,차대차 - 기타,안전운전불이행,맑음,0,1
2016,서울특별시 동대문구3,서울특별시 동대문구 제기동(용두동사거리_국도6호선_진입_2 부근),2016-12-27,10시경,중상사고,여,47세,화물차,상해없음,여,55세,자전거,중상,차대차 - 측면직각충돌,안전운전불이행,맑음,0,1
2016,서울특별시 동대문구8,서울특별시 동대문구 제기동(홍파초교 부근),2016-08-08,20시경,중상사고,기타불명,불명,승용차,기타불명,여,57세,자전거,중상,차대차 - 추돌 - 진행중,안전운전불이행,맑음,0,1
2016,서울특별시 동대문구8,서울특별시 동대문구 제기동(홍파초교 부근),2016-03-31,16시경,경상사고,남,54세,승용차,상해없음,남,12세,자전거,경상,차대차 - 기타,기타,맑음,0,1
2016,서울특별시 동대문구8,서울특별시 동대문구 제기동(홍파초교 부근),2016-04-30,16시경,경상사고,남,74세,승용차,상해없음,여,23세,자전거,경상,차대차 - 측면직각충돌,신호위반,흐림,0,1
2016,서울특별시 동대문구8,서울특별시 동대문구 제기동(홍파초교 부근),2016-03-21,12시경,부상신고사고,남,72세,자전거,부상신고,남,66세,승용차,상해없음,차대차 - 측면직각충돌,안전운전불이행,맑음,0,1
2016,서울특별시 동대문구8,서울특별시 동대문구 제기동(홍파초교 부근),2016-12-12,10시경,중상사고,남,56세,화물차,상해없음,여,70세,자전거,중상,차대차 - 기타,안전운전불이행,맑음,0,1
2016,서울특별시 동대문구11,서울특별시 동대문구 제기동(식당재료유통할인 부근),2016-06-19,12시경,경상사고,남,42세,승용차,상해없음,남,69세,자전거,경상,차대차 - 정면충돌,안전운전불이행,맑음,0,1
2016,서울특별시 동대문구11,서울특별시 동대문구 제기동(식당재료유통할인 부근),2016-08-12,09시경,경상사고,남,51세,승용차,상해없음,남,72세,자전거,경상,차대차 - 기타,안전운전불이행,맑음,0,1
2016,서울특별시 동대문구11,서울특별시 동대문구 제기동(식당재료유통할인 부근),2016-10-03,18시경,부상신고사고,남,78세,자전거,부상신고,없음,불명,없음,없음,차량단독 - 전도전복,기타,흐림,0,1
2016,서울특별시 동대문구11,서울특별시 동대문구 제기동(식당재료유통할인 부근),2016-10-10,08시경,경상사고,남,83세,자전거,상해없음,여,70세,보행자,경상,차대사람 - 기타,안전운전불이행,맑음,0,1
2016,서울특별시 동대문구11,서울특별시 동대문구 제기동(식당재료유통할인 부근),2016-09-05,10시경,부상신고사고,여,73세,자전거,부상신고,남,76세,승용차,상해없음,차대차 - 측면직각충돌,교차로운행방법위반,맑음,0,1
2016,서울특별시 동대문구7,서울특별시 동대문구 전농동(전농동사거리_사가정길_진출_1 부근),2016-04-23,19시경,중상사고,여,46세,승용차,상해없음,여,19세,자전거,중상,차대차 - 측면직각충돌,안전운전불이행,맑음,0,1
2016,서울특별시 동대문구7,서울특별시 동대문구 전농동(전농동사거리_사가정길_진출_1 부근),2016-07-14,18시경,경상사고,남,18세,이륜차,상해없음,남,11세,자전거,경상,차대차 - 측면직각충돌,신호위반,맑음,0,1
2016,서울특별시 동대문구7,서울특별시 동대문구 전농동(전농동사거리_사가정길_진출_1 부근),2016-07-26,21시경,부상신고사고,남,10세,자전거,부상신고,남,42세,승용차,상해없음,차대차 - 기타,중앙선침범,맑음,0,1
2016,서울특별시 동대문구7,서울특별시 동대문구 전농동(전농동사거리_사가정길_진출_1 부근),2016-05-29,04시경,경상사고,여,48세,자전거,경상,남,50세,승용차,상해없음,차대차 - 기타,안전운전불이행,맑음,0,1
2016,서울특별시 동대문구7,서울특별시 동대문구 전농동(전농동사거리_사가정길_진출_1 부근),2016-10-05,15시경,부상신고사고,여,9세,자전거,부상신고,남,50세,이륜차,상해없음,차대차 - 측면직각충돌,안전운전불이행,맑음,0,1
2016,서울특별시 동대문구7,서울특별시 동대문구 전농동(전농동사거리_사가정길_진출_1 부근),2016-06-02,16시경,중상사고,남,23세,화물차,상해없음,남,68세,자전거,중상,차대차 - 정면충돌,안전운전불이행,맑음,0,1
2016,서울특별시 동대문구16,서울특별시 동대문구 답십리동(답십리사거리 부근),2016-01-18,06시경,경상사고,남,47세,승용차,상해없음,남,67세,자전거,경상,차대차 - 측면직각충돌,신호위반,맑음,0,1
2016,서울특별시 동대문구16,서울특별시 동대문구 답십리동(답십리사거리 부근),2016-08-08,13시경,경상사고,남,71세,승용차,기타불명,남,73세,자전거,경상,차대차 - 측면직각충돌,교차로운행방법위반,맑음,0,1
2016,서울특별시 동대문구16,서울특별시 동대문구 답십리동(답십리사거리 부근),2016-06-26,22시경,경상사고,기타불명,불명,자전거,기타불명,여,22세,보행자,경상,차대사람 - 기타,신호위반,맑음,0,1
2016,서울특별시 동대문구16,서울특별시 동대문구 답십리동(답십리사거리 부근),2016-06-13,09시경,부상신고사고,남,23세,자전거,부상신고,남,71세,승용차,상해없음,차대차 - 측면직각충돌,안전운전불이행,맑음,0,1
2016,서울특별시 동대문구17,서울특별시 동대문구 답십리동(동대문여중 부근),2016-05-29,14시경,경상사고,여,43세,승용차,상해없음,남,67세,자전거,경상,차대차 - 정면충돌,안전운전불이행,맑음,0,1
2016,서울특별시 동대문구17,서울특별시 동대문구 답십리동(동대문여중 부근),2016-01-06,18시경,경상사고,남,40세,자전거,경상,남,61세,화물차,상해없음,차대차 - 측면직각충돌,안전운전불이행,맑음,0,1
2016,서울특별시 동대문구17,서울특별시 동대문구 답십리동(동대문여중 부근),2016-06-25,18시경,부상신고사고,남,71세,자전거,부상신고,남,16세,이륜차,상해없음,차대차 - 정면충돌,안전운전불이행,맑음,0,1
2016,서울특별시 동대문구17,서울특별시 동대문구 답십리동(동대문여중 부근),2016-09-08,12시경,부상신고사고,여,58세,자전거,부상신고,남,42세,화물차,상해없음,차대차 - 측면직각충돌,안전운전불이행,맑음,0,1
2016,서울특별시 동대문구2,서울특별시 동대문구 장안동(승용빌딩 부근),2016-06-29,15시경,중상사고,남,51세,승용차,상해없음,남,71세,자전거,중상,차대차 - 측면직각충돌,안전운전불이행,맑음,0,1
2016,서울특별시 동대문구2,서울특별시 동대문구 장안동(승용빌딩 부근),2016-02-11,23시경,경상사고,남,62세,승용차,상해없음,여,48세,자전거,경상,차대차 - 측면직각충돌,안전운전불이행,비,0,1
2016,서울특별시 동대문구2,서울특별시 동대문구 장안동(승용빌딩 부근),2016-12-21,19시경,경상사고,여,34세,승용차,상해없음,남,47세,자전거,경상,차대차 - 측면직각충돌,직진우회전진행방해,맑음,0,2
2016,서울특별시 동대문구2,서울특별시 동대문구 장안동(승용빌딩 부근),2016-04-18,12시경,경상사고,여,51세,승용차,기타불명,여,36세,자전거,경상,차대차 - 측면직각충돌,직진우회전진행방해,맑음,0,1
2016,서울특별시 동대문구2,서울특별시 동대문구 장안동(승용빌딩 부근),2016-01-29,22시경,부상신고사고,남,23세,자전거,부상신고,남,58세,승용차,상해없음,차대차 - 측면직각충돌,직진우회전진행방해,맑음,0,1
2016,서울특별시 동대문구2,서울특별시 동대문구 장안동(승용빌딩 부근),2016-07-29,20시경,중상사고,남,37세,자전거,상해없음,여,62세,보행자,중상,차대사람 - 횡단중,신호위반,흐림,0,1
2016,서울특별시 동대문구2,서울특별시 동대문구 장안동(승용빌딩 부근),2016-05-22,20시경,부상신고사고,남,52세,자전거,부상신고,기타불명,불명,불명,기타불명,차대차 - 기타,불법유턴,맑음,0,1
2016,서울특별시 동대문구4,서울특별시 동대문구 장안동(대일카공업사 부근),2016-12-01,07시경,중상사고,남,71세,승용차,상해없음,여,62세,자전거,중상,차대차 - 정면충돌,중앙선침범,맑음,0,1
2016,서울특별시 동대문구4,서울특별시 동대문구 장안동(대일카공업사 부근),2016-07-13,21시경,부상신고사고,남,13세,자전거,부상신고,남,25세,원동기장치자전거,상해없음,차대차 - 정면충돌,안전운전불이행,맑음,0,1
2016,서울특별시 동대문구4,서울특별시 동대문구 장안동(대일카공업사 부근),2016-10-01,20시경,부상신고사고,남,16세,자전거,부상신고,남,52세,승용차,상해없음,차대차 - 정면충돌,직진우회전진행방해,맑음,0,1
2016,서울특별시 동대문구4,서울특별시 동대문구 장안동(대일카공업사 부근),2016-07-10,12시경,부상신고사고,남,29세,자전거,부상신고,남,30세,승용차,상해없음,차대차 - 측면직각충돌,신호위반,맑음,0,1
2016,서울특별시 동대문구4,서울특별시 동대문구 장안동(대일카공업사 부근),2016-07-10,20시경,경상사고,남,62세,자전거,경상,남,55세,승합차,상해없음,차대차 - 정면충돌,안전운전불이행,맑음,0,1
2016,서울특별시 동대문구4,서울특별시 동대문구 장안동(대일카공업사 부근),2016-01-28,08시경,경상사고,여,47세,자전거,경상,기타불명,불명,불명,기타불명,차대차 - 기타,기타,맑음,0,1
2016,서울특별시 동대문구4,서울특별시 동대문구 장안동(대일카공업사 부근),2016-04-09,12시경,부상신고사고,여,60세,자전거,부상신고,남,45세,승용차,상해없음,차대차 - 측면직각충돌,안전운전불이행,맑음,0,1
2016,서울특별시 동대문구5,서울특별시 동대문구 장안동(천호대로-장안둑길진출로 부근),2016-11-11,08시경,중상사고,남,44세,승용차,상해없음,남,56세,자전거,중상,차대차 - 기타,안전운전불이행,맑음,0,1
2016,서울특별시 동대문구5,서울특별시 동대문구 장안동(천호대로-장안둑길진출로 부근),2016-06-01,15시경,경상사고,남,45세,승용차,기타불명,남,16세,자전거,경상,차대차 - 정면충돌,안전운전불이행,맑음,0,1
2016,서울특별시 동대문구5,서울특별시 동대문구 장안동(천호대로-장안둑길진출로 부근),2016-11-08,08시경,경상사고,남,72세,승용차,상해없음,남,45세,자전거,경상,차대차 - 측면직각충돌,안전운전불이행,맑음,0,1
2016,서울특별시 동대문구5,서울특별시 동대문구 장안동(천호대로-장안둑길진출로 부근),2016-10-02,06시경,중상사고,남,72세,승용차,상해없음,남,73세,자전거,중상,차대차 - 기타,신호위반,맑음,0,1
2016,서울특별시 동대문구5,서울특별시 동대문구 장안동(천호대로-장안둑길진출로 부근),2016-07-12,21시경,경상사고,남,17세,이륜차,상해없음,남,53세,자전거,경상,차대차 - 측면직각충돌,신호위반,맑음,0,1
2016,서울특별시 동대문구5,서울특별시 동대문구 장안동(천호대로-장안둑길진출로 부근),2016-02-23,11시경,경상사고,남,55세,자전거,상해없음,남,57세,승합차,상해없음,차대차 - 기타,중앙선침범,맑음,0,1
2016,서울특별시 동대문구10,서울특별시 동대문구 장안동(장안유도관 부근),2016-04-08,00시경,경상사고,남,18세,자전거,경상,남,52세,원동기장치자전거,경상,차대차 - 측면직각충돌,직진우회전진행방해,기타,0,2
2016,서울특별시 동대문구10,서울특별시 동대문구 장안동(장안유도관 부근),2016-06-30,06시경,경상사고,남,48세,자전거,상해없음,여,68세,자전거,경상,차대차 - 정면충돌,안전운전불이행,흐림,0,1
2016,서울특별시 동대문구10,서울특별시 동대문구 장안동(장안유도관 부근),2016-07-04,20시경,경상사고,남,72세,자전거,상해없음,여,55세,보행자,경상,차대사람 - 횡단중,안전운전불이행,비,0,1
2016,서울특별시 동대문구10,서울특별시 동대문구 장안동(장안유도관 부근),2016-03-17,19시경,경상사고,남,9세,자전거,상해없음,여,92세,보행자,경상,차대사람 - 기타,안전운전불이행,맑음,0,1
2016,서울특별시 동대문구10,서울특별시 동대문구 장안동(장안유도관 부근),2016-12-15,10시경,경상사고,여,51세,자전거,경상,남,57세,화물차,상해없음,차대차 - 측면직각충돌,안전운전불이행,맑음,0,1
2016,서울특별시 동대문구14,서울특별시 동대문구 장안동(촬영소사거리 부근),2016-10-17,10시경,경상사고,남,29세,승용차,상해없음,남,74세,자전거,경상,차대차 - 정면충돌,안전운전불이행,맑음,0,1
2016,서울특별시 동대문구14,서울특별시 동대문구 장안동(촬영소사거리 부근),2016-10-21,09시경,중상사고,남,70세,승용차,상해없음,남,77세,자전거,중상,차대차 - 기타,안전운전불이행,맑음,0,1
2016,서울특별시 동대문구14,서울특별시 동대문구 장안동(촬영소사거리 부근),2016-12-12,07시경,경상사고,여,44세,승용차,기타불명,여,39세,자전거,경상,차대차 - 기타,안전운전불이행,맑음,0,1
2016,서울특별시 동대문구14,서울특별시 동대문구 장안동(촬영소사거리 부근),2016-01-30,22시경,부상신고사고,여,52세,자전거,부상신고,남,58세,승용차,상해없음,차대차 - 기타,신호위반,맑음,0,1
2016,서울특별시 동대문구15,서울특별시 동대문구 청량리동(미주아파트앞 부근),2016-03-03,09시경,경상사고,남,23세,승용차,상해없음,남,76세,자전거,경상,차대차 - 측면직각충돌,안전운전불이행,맑음,0,1
2016,서울특별시 동대문구15,서울특별시 동대문구 청량리동(미주아파트앞 부근),2016-01-20,14시경,중상사고,남,66세,승용차,상해없음,남,70세,자전거,중상,차대차 - 기타,기타,맑음,0,1
2016,서울특별시 동대문구15,서울특별시 동대문구 청량리동(미주아파트앞 부근),2016-05-10,09시경,경상사고,여,42세,승용차,상해없음,남,67세,자전거,경상,차대차 - 기타,안전운전불이행,맑음,0,1
2016,서울특별시 동대문구15,서울특별시 동대문구 청량리동(미주아파트앞 부근),2016-05-26,21시경,부상신고사고,남,13세,자전거,부상신고,여,30세,승용차,상해없음,차대차 - 기타,불법유턴,맑음,0,1
2016,서울특별시 동대문구13,서울특별시 동대문구 휘경동(휘경여중고 부근),2016-11-05,04시경,중상사고,남,66세,승용차,상해없음,남,69세,자전거,중상,차대차 - 정면충돌,기타,맑음,0,1
2016,서울특별시 동대문구13,서울특별시 동대문구 휘경동(휘경여중고 부근),2016-04-26,14시경,경상사고,여,53세,승용차,상해없음,남,52세,자전거,경상,차대차 - 정면충돌,안전운전불이행,맑음,0,1
2016,서울특별시 동대문구13,서울특별시 동대문구 휘경동(휘경여중고 부근),2016-07-16,16시경,중상사고,남,72세,자전거,중상,남,56세,승용차,상해없음,차대차 - 측면직각충돌,불법유턴,비,0,1
2016,서울특별시 동대문구13,서울특별시 동대문구 휘경동(휘경여중고 부근),2016-11-19,17시경,부상신고사고,여,64세,자전거,부상신고,여,29세,승용차,상해없음,차대차 - 측면직각충돌,기타,맑음,0,1
2016,서울특별시 중랑구1,서울특별시 중랑구 면목동(장안교 부근),2016-04-13,16시경,경상사고,남,61세,승용차,상해없음,남,70세,자전거,경상,차대차 - 기타,교차로운행방법위반,맑음,0,1
2016,서울특별시 중랑구1,서울특별시 중랑구 면목동(장안교 부근),2016-08-20,12시경,부상신고사고,남,66세,승용차,상해없음,남,71세,자전거,부상신고,차대차 - 기타,안전운전불이행,맑음,0,1
2016,서울특별시 중랑구1,서울특별시 중랑구 면목동(장안교 부근),2016-10-22,09시경,부상신고사고,남,30세,자전거,부상신고,남,56세,승용차,상해없음,차대차 - 기타,기타,맑음,0,1
2016,서울특별시 중랑구1,서울특별시 중랑구 면목동(장안교 부근),2016-10-08,18시경,부상신고사고,남,33세,자전거,부상신고,남,65세,승용차,상해없음,차대차 - 측면직각충돌,안전운전불이행,맑음,0,1
2016,서울특별시 중랑구1,서울특별시 중랑구 면목동(장안교 부근),2016-05-08,20시경,경상사고,남,38세,자전거,부상신고,남,25세,자전거,경상,차대차 - 정면충돌,안전운전불이행,맑음,0,2
2016,서울특별시 중랑구1,서울특별시 중랑구 면목동(장안교 부근),2016-08-10,19시경,경상사고,남,56세,자전거,상해없음,여,28세,자전거,경상,차대차 - 정면충돌,안전운전불이행,맑음,0,1
2016,서울특별시 중랑구1,서울특별시 중랑구 면목동(장안교 부근),2016-09-21,12시경,중상사고,남,64세,자전거,중상,남,41세,승용차,상해없음,차대차 - 측면직각충돌,안전운전불이행,맑음,0,1
2016,서울특별시 중랑구1,서울특별시 중랑구 면목동(장안교 부근),2016-10-02,09시경,경상사고,남,67세,자전거,경상,여,55세,승용차,상해없음,차대차 - 측면직각충돌,신호위반,맑음,0,1
2016,서울특별시 중랑구1,서울특별시 중랑구 면목동(장안교 부근),2016-03-17,10시경,중상사고,남,70세,자전거,상해없음,여,81세,보행자,중상,차대사람 - 횡단중,안전운전불이행,맑음,0,1
2016,서울특별시 중랑구1,서울특별시 중랑구 면목동(장안교 부근),2016-06-19,10시경,경상사고,여,44세,자전거,경상,남,53세,자전거,상해없음,차대차 - 측면직각충돌,안전운전불이행,맑음,0,1
2016,서울특별시 중랑구2,서울특별시 중랑구 면목동(광진구-중랑구경계(1) 부근),2016-09-28,19시경,중상사고,남,53세,승용차,상해없음,남,15세,자전거,중상,차대차 - 측면직각충돌,신호위반,맑음,0,1
2016,서울특별시 중랑구2,서울특별시 중랑구 면목동(광진구-중랑구경계(1) 부근),2016-04-14,06시경,중상사고,남,55세,승용차,기타불명,여,54세,자전거,중상,차대차 - 기타,보행자보호의무위반,맑음,0,1
2016,서울특별시 중랑구2,서울특별시 중랑구 면목동(광진구-중랑구경계(1) 부근),2016-02-09,07시경,경상사고,남,82세,승용차,상해없음,남,83세,자전거,경상,차대차 - 추돌 - 진행중,안전운전불이행,맑음,0,1
2016,서울특별시 중랑구2,서울특별시 중랑구 면목동(광진구-중랑구경계(1) 부근),2016-05-29,20시경,경상사고,남,22세,자전거,상해없음,남,74세,보행자,경상,차대사람 - 기타,안전운전불이행,맑음,0,1
2016,서울특별시 중랑구2,서울특별시 중랑구 면목동(광진구-중랑구경계(1) 부근),2016-05-18,01시경,경상사고,남,23세,자전거,부상신고,남,27세,자전거,경상,차대차 - 정면충돌,안전운전불이행,맑음,0,2
2016,서울특별시 중랑구2,서울특별시 중랑구 면목동(광진구-중랑구경계(1) 부근),2016-04-22,16시경,중상사고,남,29세,자전거,상해없음,여,50세,보행자,중상,차대사람 - 기타,안전운전불이행,맑음,0,1
2016,서울특별시 중랑구2,서울특별시 중랑구 면목동(광진구-중랑구경계(1) 부근),2016-10-09,12시경,부상신고사고,남,64세,자전거,부상신고,여,54세,자전거,기타불명,차대차 - 기타,안전거리미확보,맑음,0,1
2016,서울특별시 중랑구9,서울특별시 중랑구 면목동(면목교 부근),2016-11-10,08시경,경상사고,남,37세,승용차,상해없음,남,64세,자전거,경상,차대차 - 추돌 - 진행중,안전운전불이행,맑음,0,1
2016,서울특별시 중랑구9,서울특별시 중랑구 면목동(면목교 부근),2016-02-25,09시경,중상사고,남,80세,승용차,상해없음,남,51세,자전거,중상,차대차 - 기타,신호위반,맑음,0,1
2016,서울특별시 중랑구9,서울특별시 중랑구 면목동(면목교 부근),2016-06-09,09시경,중상사고,남,51세,승합차,상해없음,남,77세,자전거,중상,차대차 - 추돌 - 진행중,안전운전불이행,맑음,0,1
2016,서울특별시 중랑구9,서울특별시 중랑구 면목동(면목교 부근),2016-04-24,20시경,경상사고,남,48세,이륜차,상해없음,남,62세,자전거,경상,차대차 - 측면직각충돌,교차로운행방법위반,맑음,0,1
2016,서울특별시 중랑구9,서울특별시 중랑구 면목동(면목교 부근),2016-09-29,18시경,경상사고,남,65세,자전거,부상신고,남,26세,이륜차,경상,차대차 - 정면충돌,중앙선침범,맑음,0,2
2016,서울특별시 중랑구11,서울특별시 중랑구 면목동(태영빌딩 부근),2016-04-12,09시경,중상사고,남,65세,승용차,상해없음,남,65세,자전거,중상,차대차 - 측면직각충돌,신호위반,맑음,0,1
2016,서울특별시 중랑구11,서울특별시 중랑구 면목동(태영빌딩 부근),2016-04-30,11시경,경상사고,남,46세,이륜차,기타불명,여,15세,자전거,경상,차대차 - 기타,신호위반,맑음,0,1
2016,서울특별시 중랑구11,서울특별시 중랑구 면목동(태영빌딩 부근),2016-06-17,07시경,경상사고,남,17세,자전거,경상,남,42세,승용차,상해없음,차대차 - 기타,직진우회전진행방해,맑음,0,1
2016,서울특별시 중랑구11,서울특별시 중랑구 면목동(태영빌딩 부근),2016-02-03,21시경,부상신고사고,남,65세,자전거,상해없음,여,42세,보행자,부상신고,차대사람 - 횡단중,신호위반,맑음,0,1
2016,서울특별시 중랑구11,서울특별시 중랑구 면목동(태영빌딩 부근),2016-08-06,21시경,경상사고,남,74세,자전거,상해없음,남,49세,보행자,경상,차대사람 - 기타,안전운전불이행,맑음,0,1
2016,서울특별시 중랑구15,서울특별시 중랑구 면목동(한사랑교회 부근),2016-04-04,22시경,경상사고,남,54세,승용차,상해없음,여,42세,자전거,경상,차대차 - 측면직각충돌,안전운전불이행,맑음,0,1
2016,서울특별시 중랑구15,서울특별시 중랑구 면목동(한사랑교회 부근),2016-03-04,04시경,경상사고,남,75세,승용차,상해없음,여,52세,자전거,경상,차대차 - 추돌 - 진행중,안전운전불이행,맑음,0,1
2016,서울특별시 중랑구15,서울특별시 중랑구 면목동(한사랑교회 부근),2016-10-03,20시경,부상신고사고,남,35세,자전거,부상신고,없음,불명,없음,없음,차량단독 - 전도전복,안전운전불이행,맑음,0,1
2016,서울특별시 중랑구15,서울특별시 중랑구 면목동(한사랑교회 부근),2016-10-08,05시경,경상사고,남,69세,자전거,부상신고,남,26세,이륜차,경상,차대차 - 측면직각충돌,안전운전불이행,비,0,2
2016,서울특별시 중랑구5,서울특별시 중랑구 상봉동(제일은행 부근),2016-11-03,17시경,경상사고,남,68세,승용차,상해없음,남,16세,자전거,경상,차대차 - 기타,안전운전불이행,맑음,0,1
2016,서울특별시 중랑구5,서울특별시 중랑구 상봉동(제일은행 부근),2016-06-05,06시경,경상사고,남,69세,승용차,상해없음,남,52세,자전거,경상,차대차 - 추돌 - 진행중,안전운전불이행,맑음,0,1
2016,서울특별시 중랑구5,서울특별시 중랑구 상봉동(제일은행 부근),2016-09-10,04시경,중상사고,남,17세,이륜차,상해없음,여,57세,자전거,중상,차대차 - 측면직각충돌,기타,맑음,0,1
2016,서울특별시 중랑구5,서울특별시 중랑구 상봉동(제일은행 부근),2016-08-14,05시경,경상사고,남,45세,자전거,경상,남,54세,승용차,기타불명,차대차 - 정면충돌,중앙선침범,맑음,0,1
2016,서울특별시 중랑구5,서울특별시 중랑구 상봉동(제일은행 부근),2016-11-29,07시경,부상신고사고,남,51세,자전거,부상신고,남,47세,승용차,상해없음,차대차 - 측면직각충돌,안전운전불이행,맑음,0,1
2016,서울특별시 중랑구5,서울특별시 중랑구 상봉동(제일은행 부근),2016-08-07,16시경,경상사고,남,60세,자전거,경상,남,57세,승용차,상해없음,차대차 - 기타,안전운전불이행,맑음,0,1
2016,서울특별시 중랑구5,서울특별시 중랑구 상봉동(제일은행 부근),2016-01-27,15시경,경상사고,남,80세,자전거,경상,남,57세,화물차,상해없음,차대차 - 측면직각충돌,중앙선침범,맑음,0,1
2016,서울특별시 중랑구8,서울특별시 중랑구 상봉동(상봉역 부근),2016-07-14,18시경,경상사고,남,22세,승용차,상해없음,남,66세,자전거,경상,차대차 - 측면직각충돌,기타,맑음,0,1
2016,서울특별시 중랑구8,서울특별시 중랑구 상봉동(상봉역 부근),2016-04-08,19시경,부상신고사고,남,53세,승용차,상해없음,남,13세,자전거,부상신고,차대차 - 측면직각충돌,기타,맑음,0,1
2016,서울특별시 중랑구8,서울특별시 중랑구 상봉동(상봉역 부근),2016-10-23,07시경,경상사고,남,70세,승용차,상해없음,남,30세,자전거,경상,차대차 - 기타,안전운전불이행,맑음,0,1
2016,서울특별시 중랑구8,서울특별시 중랑구 상봉동(상봉역 부근),2016-02-18,19시경,경상사고,남,15세,자전거,상해없음,여,19세,보행자,경상,차대사람 - 횡단중,중앙선침범,맑음,0,1
2016,서울특별시 중랑구8,서울특별시 중랑구 상봉동(상봉역 부근),2016-02-10,15시경,경상사고,남,26세,자전거,경상,남,58세,승용차,상해없음,차대차 - 추돌 - 진행중,신호위반,맑음,0,1
2016,서울특별시 중랑구8,서울특별시 중랑구 상봉동(상봉역 부근),2016-09-09,07시경,부상신고사고,남,62세,자전거,부상신고,남,75세,승용차,상해없음,차대차 - 기타,안전운전불이행,맑음,0,1
2016,서울특별시 중랑구10,서울특별시 중랑구 상봉동(상봉시장앞_면목천길_진출_2 부근),2016-07-25,01시경,경상사고,남,68세,승용차,상해없음,남,62세,자전거,경상,차대차 - 기타,중앙선침범,맑음,0,1
2016,서울특별시 중랑구10,서울특별시 중랑구 상봉동(상봉시장앞_면목천길_진출_2 부근),2016-11-19,15시경,경상사고,여,58세,승용차,상해없음,남,61세,자전거,경상,차대차 - 추돌 - 진행중,안전운전불이행,맑음,0,1
2016,서울특별시 중랑구10,서울특별시 중랑구 상봉동(상봉시장앞_면목천길_진출_2 부근),2016-07-13,16시경,경상사고,남,22세,원동기장치자전거,상해없음,여,65세,자전거,경상,차대차 - 측면직각충돌,신호위반,맑음,0,1
2016,서울특별시 중랑구10,서울특별시 중랑구 상봉동(상봉시장앞_면목천길_진출_2 부근),2016-08-13,22시경,경상사고,남,34세,자전거,경상,남,59세,승용차,상해없음,차대차 - 기타,안전운전불이행,맑음,0,1
2016,서울특별시 중랑구10,서울특별시 중랑구 상봉동(상봉시장앞_면목천길_진출_2 부근),2016-02-29,01시경,중상사고,남,52세,자전거,상해없음,여,48세,보행자,중상,차대사람 - 횡단중,신호위반,흐림,0,1