사고년도,다발시군구,지점명,사고일시,사고시간대,사고등급,가해자성별,가해자연령,가해차종,가해자신체상해정도,피해자성별,피해자연령,피해차종,피해자신체상해정도,사고유형,가해자법규위반,기상상태,사망자수,부상자수
2016,서울특별시 구로구3,서울특별시 구로구 구로동(영서중 부근),2016-06-20,20시경,경상사고,남,14세,자전거,경상,기타불명,불명,승용차,기타불명,차대차 - 기타,안전운전불이행,맑음,0,1
2016,서울특별시 구로구3,서울특별시 구로구 구로동(영서중 부근),2016-08-04,15시경,경상사고,남,14세,자전거,부상신고,여,64세,보행자,경상,차대사람 - 차도통행중,안전운전불이행,맑음,0,2
2016,서울특별시 구로구3,서울특별시 구로구 구로동(영서중 부근),2016-09-17,21시경,경상사고,남,50세,자전거,기타불명,남,28세,보행자,경상,차대사람 - 보도통행중,기타,맑음,0,1
2016,서울특별시 구로구3,서울특별시 구로구 구로동(영서중 부근),2016-06-14,15시경,경상사고,남,58세,자전거,경상,남,30세,승용차,상해없음,차대차 - 정면충돌,중앙선침범,맑음,0,1
2016,서울특별시 구로구4,서울특별시 구로구 구로동(고척교사거리 부근),2016-11-23,22시경,경상사고,남,47세,승용차,상해없음,남,22세,자전거,경상,차대차 - 정면충돌,신호위반,맑음,0,1
2016,서울특별시 구로구4,서울특별시 구로구 구로동(고척교사거리 부근),2016-02-18,06시경,경상사고,남,49세,승용차,상해없음,남,35세,자전거,경상,차대차 - 측면직각충돌,신호위반,맑음,0,1
2016,서울특별시 구로구4,서울특별시 구로구 구로동(고척교사거리 부근),2016-11-24,06시경,중상사고,남,67세,승용차,상해없음,남,20세,자전거,중상,차대차 - 측면직각충돌,신호위반,맑음,0,1
2016,서울특별시 구로구4,서울특별시 구로구 구로동(고척교사거리 부근),2016-04-15,16시경,경상사고,남,65세,자전거,경상,없음,불명,없음,없음,차량단독 - 기타,안전운전불이행,맑음,0,1
2016,서울특별시 구로구4,서울특별시 구로구 구로동(고척교사거리 부근),2016-10-09,17시경,경상사고,남,9세,자전거,상해없음,남,44세,보행자,경상,차대사람 - 길가장자리구역통행중,기타,맑음,0,1
2016,서울특별시 구로구4,서울특별시 구로구 구로동(고척교사거리 부근),2016-09-05,09시경,경상사고,남,56세,화물차,상해없음,남,66세,자전거,경상,차대차 - 기타,안전운전불이행,맑음,0,1
2016,서울특별시 구로구5,서울특별시 구로구 구로동(동구로초등교 부근),2016-11-19,12시경,경상사고,남,58세,승용차,상해없음,남,35세,자전거,경상,차대차 - 측면직각충돌,안전운전불이행,맑음,0,1
2016,서울특별시 구로구5,서울특별시 구로구 구로동(동구로초등교 부근),2016-10-06,12시경,중상사고,남,16세,원동기장치자전거,중상,남,16세,자전거,중상,차대차 - 기타,신호위반,맑음,0,2
2016,서울특별시 구로구5,서울특별시 구로구 구로동(동구로초등교 부근),2016-06-21,13시경,중상사고,남,33세,이륜차,상해없음,여,63세,자전거,중상,차대차 - 기타,직진우회전진행방해,맑음,0,1
2016,서울특별시 구로구5,서울특별시 구로구 구로동(동구로초등교 부근),2016-11-21,14시경,경상사고,남,65세,이륜차,상해없음,남,70세,자전거,경상,차대차 - 측면직각충돌,신호위반,맑음,0,1
2016,서울특별시 구로구5,서울특별시 구로구 구로동(동구로초등교 부근),2016-04-30,14시경,중상사고,남,44세,자전거,상해없음,여,66세,보행자,중상,차대사람 - 기타,안전운전불이행,맑음,0,1
2016,서울특별시 구로구9,서울특별시 구로구 구로동(남구로역_도림로_진입 부근),2016-06-07,22시경,중상사고,남,38세,승용차,상해없음,남,20세,자전거,중상,차대차 - 기타,직진우회전진행방해,맑음,0,1
2016,서울특별시 구로구9,서울특별시 구로구 구로동(남구로역_도림로_진입 부근),2016-06-13,22시경,중상사고,남,53세,승합차,상해없음,여,38세,자전거,중상,차대차 - 추돌 - 진행중,안전거리미확보,맑음,0,1
2016,서울특별시 구로구9,서울특별시 구로구 구로동(남구로역_도림로_진입 부근),2016-07-12,16시경,경상사고,남,50세,자전거,경상,여,64세,보행자,경상,차대사람 - 보도통행중,중앙선침범,맑음,0,2
2016,서울특별시 구로구9,서울특별시 구로구 구로동(남구로역_도림로_진입 부근),2016-06-11,17시경,경상사고,남,56세,자전거,상해없음,남,74세,보행자,경상,차대사람 - 횡단중,신호위반,맑음,0,1
2016,서울특별시 구로구10,서울특별시 구로구 구로동(미래초교 부근),2016-06-27,13시경,중상사고,여,69세,승용차,상해없음,남,78세,자전거,중상,차대차 - 기타,신호위반,맑음,0,1
2016,서울특별시 구로구10,서울특별시 구로구 구로동(미래초교 부근),2016-07-14,14시경,중상사고,남,47세,이륜차,중상,기타불명,불명,자전거,기타불명,차대차 - 기타,기타,맑음,0,1
2016,서울특별시 구로구10,서울특별시 구로구 구로동(미래초교 부근),2016-05-20,13시경,경상사고,여,56세,자전거,경상,남,73세,승용차,상해없음,차대차 - 측면직각충돌,안전운전불이행,맑음,0,1
2016,서울특별시 구로구10,서울특별시 구로구 구로동(미래초교 부근),2016-08-13,17시경,경상사고,여,58세,자전거,경상,남,36세,승용차,상해없음,차대차 - 측면직각충돌,안전운전불이행,맑음,0,1
2016,서울특별시 구로구11,서울특별시 구로구 구로동(민영규치과의원 부근),2016-08-13,03시경,중상사고,남,67세,승용차,상해없음,여,66세,자전거,중상,차대차 - 측면직각충돌,안전운전불이행,맑음,0,1
2016,서울특별시 구로구11,서울특별시 구로구 구로동(민영규치과의원 부근),2016-09-17,19시경,경상사고,기타불명,불명,자전거,기타불명,남,50세,승용차,상해없음,차대차 - 기타,안전운전불이행,맑음,0,4
2016,서울특별시 구로구11,서울특별시 구로구 구로동(민영규치과의원 부근),2016-06-08,10시경,경상사고,남,13세,자전거,상해없음,여,56세,보행자,경상,차대사람 - 횡단중,안전운전불이행,맑음,0,1
2016,서울특별시 구로구11,서울특별시 구로구 구로동(민영규치과의원 부근),2016-08-23,07시경,경상사고,여,50세,자전거,경상,남,43세,승용차,상해없음,차대차 - 측면직각충돌,중앙선침범,맑음,0,1
2016,서울특별시 구로구7,서울특별시 구로구 가리봉동(구로고가차도(남측) 부근),2016-04-19,14시경,중상사고,남,69세,승용차,상해없음,남,73세,자전거,중상,차대차 - 기타,안전운전불이행,맑음,0,1
2016,서울특별시 구로구7,서울특별시 구로구 가리봉동(구로고가차도(남측) 부근),2016-06-11,19시경,중상사고,남,60세,자전거,중상,남,16세,승용차,상해없음,차대차 - 추돌 - 진행중,중앙선침범,맑음,0,1
2016,서울특별시 구로구7,서울특별시 구로구 가리봉동(구로고가차도(남측) 부근),2016-08-20,16시경,경상사고,남,62세,자전거,경상,여,41세,승용차,상해없음,차대차 - 기타,신호위반,맑음,0,1
2016,서울특별시 구로구7,서울특별시 구로구 가리봉동(구로고가차도(남측) 부근),2016-08-01,15시경,경상사고,남,63세,자전거,경상,남,65세,화물차,상해없음,차대차 - 측면직각충돌,중앙선침범,맑음,0,1
2016,서울특별시 구로구7,서울특별시 구로구 가리봉동(구로고가차도(남측) 부근),2016-05-28,05시경,중상사고,여,47세,자전거,중상,남,39세,승용차,상해없음,차대차 - 측면직각충돌,안전운전불이행,맑음,0,1
2016,서울특별시 구로구8,서울특별시 구로구 고척동(고척2파출소앞 부근),2016-07-12,07시경,부상신고사고,기타불명,불명,자전거,기타불명,여,15세,보행자,부상신고,차대사람 - 보도통행중,신호위반,맑음,0,1
2016,서울특별시 구로구8,서울특별시 구로구 고척동(고척2파출소앞 부근),2016-08-26,03시경,경상사고,남,16세,자전거,상해없음,남,48세,보행자,경상,차대사람 - 기타,안전운전불이행,비,0,1
2016,서울특별시 구로구8,서울특별시 구로구 고척동(고척2파출소앞 부근),2016-03-25,05시경,경상사고,남,36세,자전거,경상,남,72세,승용차,상해없음,차대차 - 기타,안전운전불이행,맑음,0,1
2016,서울특별시 구로구8,서울특별시 구로구 고척동(고척2파출소앞 부근),2016-10-03,04시경,경상사고,남,68세,자전거,경상,남,53세,보행자,부상신고,차대사람 - 기타,중앙선침범,맑음,0,2
2016,서울특별시 구로구8,서울특별시 구로구 고척동(고척2파출소앞 부근),2016-07-13,12시경,중상사고,남,37세,화물차,상해없음,남,62세,자전거,중상,차대차 - 기타,불법유턴,맑음,0,1
2016,서울특별시 구로구12,서울특별시 구로구 개봉동(개봉사거리 부근),2016-11-04,16시경,경상사고,남,36세,승용차,상해없음,남,79세,자전거,경상,차대차 - 추돌 - 진행중,안전운전불이행,흐림,0,1
2016,서울특별시 구로구12,서울특별시 구로구 개봉동(개봉사거리 부근),2016-09-10,16시경,경상사고,남,17세,이륜차,상해없음,남,27세,자전거,경상,차대차 - 측면직각충돌,신호위반,맑음,0,1
2016,서울특별시 구로구12,서울특별시 구로구 개봉동(개봉사거리 부근),2016-08-30,00시경,경상사고,남,19세,자전거,경상,남,66세,승합차,상해없음,차대차 - 기타,불법유턴,맑음,0,1
2016,서울특별시 구로구12,서울특별시 구로구 개봉동(개봉사거리 부근),2016-05-21,18시경,경상사고,남,42세,자전거,경상,남,55세,특수차,상해없음,차대차 - 측면직각충돌,안전거리미확보,맑음,0,1
2016,서울특별시 금천구2,서울특별시 금천구 독산동(시흥IC_남부순환로_진출_1 부근),2016-04-28,18시경,경상사고,남,28세,승용차,상해없음,여,56세,자전거,경상,차대차 - 기타,안전운전불이행,맑음,0,1
2016,서울특별시 금천구2,서울특별시 금천구 독산동(시흥IC_남부순환로_진출_1 부근),2016-11-18,04시경,경상사고,남,60세,승용차,상해없음,남,61세,자전거,경상,차대차 - 측면직각충돌,직진우회전진행방해,맑음,0,1
2016,서울특별시 금천구2,서울특별시 금천구 독산동(시흥IC_남부순환로_진출_1 부근),2016-12-29,18시경,경상사고,남,35세,자전거,상해없음,남,33세,이륜차,경상,차대차 - 기타,안전운전불이행,맑음,0,1
2016,서울특별시 금천구2,서울특별시 금천구 독산동(시흥IC_남부순환로_진출_1 부근),2016-09-26,18시경,중상사고,남,66세,자전거,중상,남,44세,승용차,상해없음,차대차 - 측면직각충돌,중앙선침범,맑음,0,1
2016,서울특별시 금천구2,서울특별시 금천구 독산동(시흥IC_남부순환로_진출_1 부근),2016-03-10,17시경,중상사고,남,58세,화물차,상해없음,여,60세,자전거,중상,차대차 - 측면직각충돌,안전운전불이행,맑음,0,1
2016,서울특별시 금천구1,서울특별시 금천구 시흥동(시흥사거리 부근),2016-06-08,04시경,경상사고,남,61세,승용차,상해없음,여,62세,자전거,경상,차대차 - 측면직각충돌,안전운전불이행,맑음,0,1
2016,서울특별시 금천구1,서울특별시 금천구 시흥동(시흥사거리 부근),2016-01-30,16시경,경상사고,여,61세,승용차,상해없음,남,12세,자전거,경상,차대차 - 측면직각충돌,신호위반,맑음,0,1
2016,서울특별시 금천구1,서울특별시 금천구 시흥동(시흥사거리 부근),2016-03-30,16시경,부상신고사고,남,11세,자전거,부상신고,남,67세,승용차,상해없음,차대차 - 측면직각충돌,안전운전불이행,맑음,0,1
2016,서울특별시 금천구1,서울특별시 금천구 시흥동(시흥사거리 부근),2016-03-04,08시경,경상사고,남,불명,자전거,기타불명,남,78세,자전거,경상,차대차 - 측면직각충돌,안전운전불이행,맑음,0,1
2016,서울특별시 금천구1,서울특별시 금천구 시흥동(시흥사거리 부근),2016-02-01,11시경,경상사고,여,56세,자전거,경상,남,38세,화물차,상해없음,차대차 - 측면직각충돌,안전운전불이행,맑음,0,1
2016,서울특별시 금천구1,서울특별시 금천구 시흥동(시흥사거리 부근),2016-06-03,14시경,경상사고,남,55세,화물차,기타불명,남,10세,자전거,경상,차대차 - 기타,안전운전불이행,맑음,0,1
2016,서울특별시 금천구3,서울특별시 금천구 시흥동(독산역 부근),2016-08-22,19시경,경상사고,남,56세,자전거,상해없음,여,60세,보행자,경상,차대사람 - 횡단중,신호위반,맑음,0,1
2016,서울특별시 금천구3,서울특별시 금천구 시흥동(독산역 부근),2016-02-04,07시경,중상사고,남,57세,자전거,중상,남,56세,승용차,상해없음,차대차 - 기타,안전운전불이행,맑음,0,1
2016,서울특별시 금천구3,서울특별시 금천구 시흥동(독산역 부근),2016-05-07,17시경,부상신고사고,남,58세,자전거,부상신고,남,23세,승용차,상해없음,차대차 - 측면직각충돌,신호위반,맑음,0,1
2016,서울특별시 금천구3,서울특별시 금천구 시흥동(독산역 부근),2016-04-30,01시경,경상사고,남,75세,자전거,경상,남,55세,승용차,상해없음,차대차 - 기타,신호위반,맑음,0,1
2016,서울특별시 금천구3,서울특별시 금천구 시흥동(독산역 부근),2016-09-04,16시경,부상신고사고,여,10세,자전거,부상신고,남,48세,승용차,상해없음,차대차 - 정면충돌,안전운전불이행,맑음,0,1
2016,서울특별시 영등포구7,서울특별시 영등포구 영등포동(도림초등학교 부근),2016-03-16,13시경,부상신고사고,기타불명,불명,불명,기타불명,여,15세,자전거,부상신고,차대차 - 측면직각충돌,안전운전불이행,맑음,0,1
2016,서울특별시 영등포구7,서울특별시 영등포구 영등포동(도림초등학교 부근),2016-07-18,06시경,중상사고,남,31세,승용차,상해없음,남,66세,자전거,중상,차대차 - 측면직각충돌,안전운전불이행,흐림,0,1
2016,서울특별시 영등포구7,서울특별시 영등포구 영등포동(도림초등학교 부근),2016-06-07,02시경,경상사고,남,35세,승용차,상해없음,남,18세,자전거,경상,차대차 - 기타,신호위반,맑음,0,1
2016,서울특별시 영등포구7,서울특별시 영등포구 영등포동(도림초등학교 부근),2016-08-06,15시경,경상사고,남,57세,승용차,상해없음,여,58세,자전거,경상,차대차 - 기타,기타,맑음,0,1
2016,서울특별시 영등포구7,서울특별시 영등포구 영등포동(도림초등학교 부근),2016-05-02,13시경,경상사고,남,76세,자전거,경상,남,47세,승용차,상해없음,차대차 - 기타,안전운전불이행,맑음,0,1
2016,서울특별시 영등포구7,서울특별시 영등포구 영등포동(도림초등학교 부근),2016-06-14,16시경,부상신고사고,남,7세,자전거,부상신고,남,50세,승합차,상해없음,차대차 - 측면직각충돌,안전운전불이행,맑음,0,1
2016,서울특별시 영등포구7,서울특별시 영등포구 영등포동(도림초등학교 부근),2016-03-18,09시경,중상사고,여,71세,자전거,중상,남,38세,승합차,상해없음,차대차 - 측면직각충돌,안전운전불이행,맑음,0,1
2016,서울특별시 영등포구12,서울특별시 영등포구 영등포동3가(영등포로터리_버드나룻길_진출_2 부근),2016-02-03,11시경,중상사고,여,59세,승용차,상해없음,남,71세,자전거,중상,차대차 - 추돌 - 진행중,안전운전불이행,맑음,0,1
2016,서울특별시 영등포구12,서울특별시 영등포구 영등포동3가(영등포로터리_버드나룻길_진출_2 부근),2016-09-01,10시경,경상사고,남,46세,승합차,상해없음,남,74세,자전거,경상,차대차 - 기타,안전운전불이행,맑음,0,1
2016,서울특별시 영등포구12,서울특별시 영등포구 영등포동3가(영등포로터리_버드나룻길_진출_2 부근),2016-05-28,22시경,경상사고,남,21세,원동기장치자전거,상해없음,남,32세,자전거,경상,차대차 - 측면직각충돌,중앙선침범,맑음,0,1
2016,서울특별시 영등포구12,서울특별시 영등포구 영등포동3가(영등포로터리_버드나룻길_진출_2 부근),2016-07-08,08시경,경상사고,남,19세,이륜차,상해없음,여,24세,자전거,경상,차대차 - 측면직각충돌,신호위반,맑음,0,1
2016,서울특별시 영등포구12,서울특별시 영등포구 영등포동3가(영등포로터리_버드나룻길_진출_2 부근),2016-03-02,17시경,부상신고사고,남,68세,자전거,부상신고,없음,불명,없음,없음,차량단독 - 기타,안전운전불이행,맑음,0,1
2016,서울특별시 영등포구1,서울특별시 영등포구 여의도동(여의나루역 부근),2016-07-18,20시경,경상사고,여,19세,원동기장치자전거,기타불명,남,33세,자전거,경상,차대차 - 추돌 - 진행중,안전운전불이행,흐림,0,1
2016,서울특별시 영등포구1,서울특별시 영등포구 여의도동(여의나루역 부근),2016-08-24,22시경,경상사고,남,14세,자전거,상해없음,남,27세,보행자,경상,차대사람 - 횡단중,안전운전불이행,맑음,0,1
2016,서울특별시 영등포구1,서울특별시 영등포구 여의도동(여의나루역 부근),2016-11-06,16시경,경상사고,남,14세,자전거,상해없음,남,30세,자전거,경상,차대차 - 정면충돌,안전운전불이행,맑음,0,2
2016,서울특별시 영등포구1,서울특별시 영등포구 여의도동(여의나루역 부근),2016-06-06,15시경,중상사고,남,15세,자전거,상해없음,여,57세,자전거,중상,차대차 - 측면직각충돌,안전운전불이행,맑음,0,1
2016,서울특별시 영등포구1,서울특별시 영등포구 여의도동(여의나루역 부근),2016-07-28,20시경,경상사고,남,16세,자전거,상해없음,남,5세,보행자,경상,차대사람 - 횡단중,안전운전불이행,맑음,0,1
2016,서울특별시 영등포구1,서울특별시 영등포구 여의도동(여의나루역 부근),2016-05-07,17시경,경상사고,남,16세,자전거,상해없음,남,69세,자전거,경상,차대차 - 추돌 - 진행중,안전운전불이행,맑음,0,1
2016,서울특별시 영등포구1,서울특별시 영등포구 여의도동(여의나루역 부근),2016-06-05,17시경,경상사고,남,24세,자전거,상해없음,여,6세,보행자,경상,차대사람 - 횡단중,안전운전불이행,맑음,0,1
2016,서울특별시 영등포구1,서울특별시 영등포구 여의도동(여의나루역 부근),2016-08-01,21시경,경상사고,남,28세,자전거,부상신고,여,21세,자전거,상해없음,차대차 - 측면직각충돌,안전운전불이행,맑음,0,2
2016,서울특별시 영등포구1,서울특별시 영등포구 여의도동(여의나루역 부근),2016-07-02,22시경,경상사고,남,28세,자전거,상해없음,여,20세,보행자,경상,차대사람 - 횡단중,안전운전불이행,맑음,0,1
2016,서울특별시 영등포구1,서울특별시 영등포구 여의도동(여의나루역 부근),2016-09-25,18시경,경상사고,여,16세,자전거,경상,남,18세,자전거,기타불명,차대차 - 측면직각충돌,안전운전불이행,맑음,0,1
2016,서울특별시 영등포구1,서울특별시 영등포구 여의도동(여의나루역 부근),2016-05-22,13시경,경상사고,여,25세,자전거,상해없음,남,76세,보행자,경상,차대사람 - 횡단중,안전운전불이행,맑음,0,1
2016,서울특별시 영등포구4,서울특별시 영등포구 여의도동(서울방송(SBS) 부근),2016-10-01,10시경,부상신고사고,남,13세,자전거,상해없음,남,58세,보행자,부상신고,차대사람 - 횡단중,안전운전불이행,맑음,0,1
2016,서울특별시 영등포구4,서울특별시 영등포구 여의도동(서울방송(SBS) 부근),2016-07-02,22시경,경상사고,남,15세,자전거,경상,기타불명,불명,자전거,기타불명,차대차 - 추돌 - 진행중,안전운전불이행,맑음,0,1
2016,서울특별시 영등포구4,서울특별시 영등포구 여의도동(서울방송(SBS) 부근),2016-07-20,22시경,부상신고사고,남,23세,자전거,부상신고,남,18세,자전거,상해없음,차대차 - 추돌 - 진행중,안전거리미확보,맑음,0,1
2016,서울특별시 영등포구4,서울특별시 영등포구 여의도동(서울방송(SBS) 부근),2016-09-11,17시경,경상사고,남,28세,자전거,경상,남,13세,자전거,경상,차대차 - 측면직각충돌,안전운전불이행,맑음,0,2
2016,서울특별시 영등포구4,서울특별시 영등포구 여의도동(서울방송(SBS) 부근),2016-08-15,11시경,중상사고,남,34세,자전거,상해없음,남,20세,자전거,중상,차대차 - 추돌 - 진행중,안전운전불이행,맑음,0,1
2016,서울특별시 영등포구4,서울특별시 영등포구 여의도동(서울방송(SBS) 부근),2016-06-03,18시경,경상사고,남,42세,자전거,상해없음,남,57세,자전거,경상,차대차 - 측면직각충돌,안전운전불이행,맑음,0,1
2016,서울특별시 영등포구4,서울특별시 영등포구 여의도동(서울방송(SBS) 부근),2016-08-09,20시경,경상사고,남,45세,자전거,기타불명,여,20세,보행자,경상,차대사람 - 횡단중,안전운전불이행,맑음,0,2
2016,서울특별시 영등포구4,서울특별시 영등포구 여의도동(서울방송(SBS) 부근),2016-07-20,18시경,부상신고사고,남,46세,자전거,부상신고,여,18세,보행자,상해없음,차대사람 - 기타,안전운전불이행,맑음,0,1
2016,서울특별시 영등포구4,서울특별시 영등포구 여의도동(서울방송(SBS) 부근),2016-05-22,18시경,경상사고,여,17세,자전거,상해없음,여,37세,보행자,경상,차대사람 - 횡단중,안전운전불이행,맑음,0,1
2016,서울특별시 영등포구2,서울특별시 영등포구 당산동1가(영등포청과시장_영등포로_진입_1 부근),2016-01-12,22시경,중상사고,남,57세,승용차,상해없음,남,26세,자전거,중상,차대차 - 측면직각충돌,기타,맑음,0,1
2016,서울특별시 영등포구2,서울특별시 영등포구 당산동1가(영등포청과시장_영등포로_진입_1 부근),2016-05-12,19시경,부상신고사고,남,69세,승용차,상해없음,남,25세,자전거,부상신고,차대차 - 측면직각충돌,기타,맑음,0,1
2016,서울특별시 영등포구2,서울특별시 영등포구 당산동1가(영등포청과시장_영등포로_진입_1 부근),2016-10-01,09시경,중상사고,남,73세,승용차,상해없음,여,61세,자전거,중상,차대차 - 추돌 - 진행중,안전운전불이행,맑음,0,1
2016,서울특별시 영등포구2,서울특별시 영등포구 당산동1가(영등포청과시장_영등포로_진입_1 부근),2016-06-17,23시경,부상신고사고,기타불명,불명,승합차,기타불명,남,50세,자전거,부상신고,차대차 - 측면직각충돌,안전운전불이행,맑음,0,1
2016,서울특별시 영등포구2,서울특별시 영등포구 당산동1가(영등포청과시장_영등포로_진입_1 부근),2016-05-10,18시경,경상사고,남,54세,자전거,경상,남,40세,이륜차,상해없음,차대차 - 측면직각충돌,교차로운행방법위반,맑음,0,1
2016,서울특별시 영등포구2,서울특별시 영등포구 당산동1가(영등포청과시장_영등포로_진입_1 부근),2016-10-14,12시경,부상신고사고,남,60세,자전거,부상신고,남,66세,승용차,상해없음,차대차 - 측면직각충돌,안전운전불이행,맑음,0,1
2016,서울특별시 영등포구2,서울특별시 영등포구 당산동1가(영등포청과시장_영등포로_진입_1 부근),2016-03-21,18시경,중상사고,남,60세,자전거,중상,여,29세,승용차,상해없음,차대차 - 측면직각충돌,신호위반,흐림,0,1
2016,서울특별시 영등포구2,서울특별시 영등포구 당산동1가(영등포청과시장_영등포로_진입_1 부근),2016-07-23,06시경,경상사고,남,64세,자전거,경상,남,68세,승용차,상해없음,차대차 - 측면직각충돌,안전운전불이행,맑음,0,1
2016,서울특별시 영등포구2,서울특별시 영등포구 당산동1가(영등포청과시장_영등포로_진입_1 부근),2016-02-09,19시경,부상신고사고,남,73세,자전거,부상신고,남,59세,승용차,상해없음,차대차 - 정면충돌,중앙선침범,맑음,0,1
2016,서울특별시 영등포구2,서울특별시 영등포구 당산동1가(영등포청과시장_영등포로_진입_1 부근),2016-04-13,16시경,부상신고사고,남,77세,자전거,부상신고,남,53세,승용차,상해없음,차대차 - 측면직각충돌,불법유턴,맑음,0,1
2016,서울특별시 영등포구3,서울특별시 영등포구 당산동4가(보라빌딩 부근),2016-12-20,10시경,중상사고,남,67세,승용차,상해없음,남,48세,자전거,중상,차대차 - 기타,기타,맑음,0,1
2016,서울특별시 영등포구3,서울특별시 영등포구 당산동4가(보라빌딩 부근),2016-05-31,17시경,경상사고,남,12세,자전거,경상,남,62세,승용차,상해없음,차대차 - 측면직각충돌,안전운전불이행,맑음,0,1
2016,서울특별시 영등포구3,서울특별시 영등포구 당산동4가(보라빌딩 부근),2016-11-21,17시경,중상사고,남,16세,자전거,상해없음,남,54세,이륜차,중상,차대차 - 측면직각충돌,안전운전불이행,맑음,0,1
2016,서울특별시 영등포구3,서울특별시 영등포구 당산동4가(보라빌딩 부근),2016-04-08,07시경,부상신고사고,남,17세,자전거,부상신고,남,58세,승용차,상해없음,차대차 - 정면충돌,직진우회전진행방해,맑음,0,1
2016,서울특별시 영등포구3,서울특별시 영등포구 당산동4가(보라빌딩 부근),2016-11-20,16시경,경상사고,남,23세,자전거,경상,여,38세,승용차,상해없음,차대차 - 측면직각충돌,중앙선침범,맑음,0,1
2016,서울특별시 영등포구3,서울특별시 영등포구 당산동4가(보라빌딩 부근),2016-08-11,14시경,부상신고사고,남,35세,자전거,부상신고,남,41세,승용차,상해없음,차대차 - 기타,안전운전불이행,맑음,0,1
2016,서울특별시 영등포구3,서울특별시 영등포구 당산동4가(보라빌딩 부근),2016-08-16,13시경,부상신고사고,여,47세,자전거,부상신고,남,35세,승용차,상해없음,차대차 - 측면직각충돌,중앙선침범,맑음,0,1
2016,서울특별시 영등포구3,서울특별시 영등포구 당산동4가(보라빌딩 부근),2016-08-24,08시경,경상사고,여,62세,자전거,경상,여,55세,승용차,상해없음,차대차 - 측면직각충돌,안전운전불이행,맑음,0,1
2016,서울특별시 영등포구3,서울특별시 영등포구 당산동4가(보라빌딩 부근),2016-07-24,18시경,경상사고,여,72세,자전거,경상,남,34세,이륜차,상해없음,차대차 - 측면직각충돌,안전운전불이행,맑음,0,1
2016,서울특별시 영등포구6,서울특별시 영등포구 당산동6가(당산지하차도(북측) 부근),2016-06-11,07시경,경상사고,남,66세,원동기장치자전거,상해없음,남,41세,자전거,경상,차대차 - 정면충돌,중앙선침범,맑음,0,1
2016,서울특별시 영등포구6,서울특별시 영등포구 당산동6가(당산지하차도(북측) 부근),2016-09-30,21시경,경상사고,남,24세,자전거,상해없음,남,30세,자전거,경상,차대차 - 추돌 - 진행중,안전운전불이행,맑음,0,1
2016,서울특별시 영등포구6,서울특별시 영등포구 당산동6가(당산지하차도(북측) 부근),2016-06-24,19시경,중상사고,남,37세,자전거,부상신고,여,19세,원동기장치자전거,중상,차대차 - 측면직각충돌,안전운전불이행,맑음,0,2
2016,서울특별시 영등포구6,서울특별시 영등포구 당산동6가(당산지하차도(북측) 부근),2016-07-26,21시경,중상사고,남,37세,자전거,상해없음,남,69세,자전거,중상,차대차 - 기타,안전운전불이행,맑음,0,1
2016,서울특별시 영등포구6,서울특별시 영등포구 당산동6가(당산지하차도(북측) 부근),2016-07-14,20시경,중상사고,남,41세,자전거,기타불명,여,63세,보행자,중상,차대사람 - 횡단중,안전운전불이행,맑음,0,1
2016,서울특별시 영등포구6,서울특별시 영등포구 당산동6가(당산지하차도(북측) 부근),2016-09-20,10시경,중상사고,남,66세,자전거,상해없음,여,53세,자전거,중상,차대차 - 기타,안전운전불이행,맑음,0,1
2016,서울특별시 영등포구6,서울특별시 영등포구 당산동6가(당산지하차도(북측) 부근),2016-04-13,13시경,부상신고사고,여,33세,자전거,부상신고,남,47세,자전거,상해없음,차대차 - 추돌 - 진행중,안전운전불이행,맑음,0,1
2016,서울특별시 영등포구6,서울특별시 영등포구 당산동6가(당산지하차도(북측) 부근),2016-03-14,13시경,경상사고,여,60세,자전거,경상,여,61세,자전거,경상,차대차 - 측면직각충돌,안전거리미확보,맑음,0,2
2016,서울특별시 영등포구17,서울특별시 영등포구 문래동1가(청과시장입구 부근),2016-01-18,09시경,경상사고,여,53세,승용차,상해없음,남,61세,자전거,경상,차대차 - 측면직각충돌,안전운전불이행,맑음,0,1
2016,서울특별시 영등포구17,서울특별시 영등포구 문래동1가(청과시장입구 부근),2016-11-29,19시경,경상사고,남,24세,자전거,경상,남,33세,승용차,상해없음,차대차 - 측면직각충돌,안전운전불이행,맑음,0,1
2016,서울특별시 영등포구17,서울특별시 영등포구 문래동1가(청과시장입구 부근),2016-08-10,00시경,부상신고사고,남,27세,자전거,부상신고,남,53세,승용차,상해없음,차대차 - 측면직각충돌,차로위반,맑음,0,1
2016,서울특별시 영등포구17,서울특별시 영등포구 문래동1가(청과시장입구 부근),2016-02-18,08시경,경상사고,남,63세,자전거,경상,남,50세,화물차,상해없음,차대차 - 측면직각충돌,중앙선침범,맑음,0,1
2016,서울특별시 영등포구14,서울특별시 영등포구 문래동3가(문래동사거리_일반국도46호선_진 부근),2016-10-20,18시경,경상사고,기타불명,불명,불명,기타불명,남,14세,자전거,경상,차대차 - 측면직각충돌,안전운전불이행,맑음,0,1
2016,서울특별시 영등포구14,서울특별시 영등포구 문래동3가(문래동사거리_일반국도46호선_진 부근),2016-10-30,01시경,중상사고,여,36세,승용차,상해없음,남,22세,자전거,중상,차대차 - 측면직각충돌,교차로운행방법위반,맑음,0,1