사고년도,다발시군구,지점명,사고일시,사고시간대,사고등급,가해자성별,가해자연령,가해차종,가해자신체상해정도,피해자성별,피해자연령,피해차종,피해자신체상해정도,사고유형,가해자법규위반,기상상태,사망자수,부상자수
2016,서울특별시 영등포구14,서울특별시 영등포구 문래동3가(문래동사거리_일반국도46호선_진 부근),2016-05-22,02시경,부상신고사고,남,16세,자전거,부상신고,남,23세,승용차,상해없음,차대차 - 기타,중앙선침범,맑음,0,1
2016,서울특별시 영등포구14,서울특별시 영등포구 문래동3가(문래동사거리_일반국도46호선_진 부근),2016-09-04,09시경,중상사고,남,30세,화물차,상해없음,남,23세,자전거,중상,차대차 - 측면직각충돌,안전운전불이행,맑음,0,1
2016,서울특별시 영등포구16,서울특별시 영등포구 문래동3가(국화아파트 부근),2016-07-20,02시경,경상사고,남,46세,승용차,상해없음,남,38세,자전거,경상,차대차 - 추돌 - 진행중,교차로운행방법위반,맑음,0,1
2016,서울특별시 영등포구16,서울특별시 영등포구 문래동3가(국화아파트 부근),2016-05-19,22시경,경상사고,남,33세,자전거,상해없음,남,70세,보행자,경상,차대사람 - 횡단중,보행자보호의무위반,맑음,0,1
2016,서울특별시 영등포구16,서울특별시 영등포구 문래동3가(국화아파트 부근),2016-10-07,21시경,경상사고,남,43세,자전거,상해없음,여,29세,보행자,경상,차대사람 - 기타,기타,맑음,0,1
2016,서울특별시 영등포구16,서울특별시 영등포구 문래동3가(국화아파트 부근),2016-04-13,16시경,경상사고,남,55세,자전거,경상,남,47세,승합차,상해없음,차대차 - 기타,안전운전불이행,맑음,0,1
2016,서울특별시 영등포구8,서울특별시 영등포구 문래동5가(서부간선도로-한천길램프(1) 부근),2016-06-25,00시경,경상사고,남,59세,승용차,상해없음,남,23세,자전거,경상,차대차 - 측면직각충돌,안전운전불이행,맑음,0,1
2016,서울특별시 영등포구8,서울특별시 영등포구 문래동5가(서부간선도로-한천길램프(1) 부근),2016-06-02,20시경,중상사고,남,23세,자전거,상해없음,여,61세,자전거,중상,차대차 - 측면직각충돌,안전운전불이행,맑음,0,1
2016,서울특별시 영등포구8,서울특별시 영등포구 문래동5가(서부간선도로-한천길램프(1) 부근),2016-08-21,21시경,경상사고,남,36세,자전거,경상,남,19세,자전거,경상,차대차 - 정면충돌,안전운전불이행,맑음,0,2
2016,서울특별시 영등포구8,서울특별시 영등포구 문래동5가(서부간선도로-한천길램프(1) 부근),2016-07-26,08시경,경상사고,남,38세,자전거,상해없음,남,27세,자전거,경상,차대차 - 기타,안전운전불이행,맑음,0,1
2016,서울특별시 영등포구8,서울특별시 영등포구 문래동5가(서부간선도로-한천길램프(1) 부근),2016-09-20,22시경,경상사고,남,52세,자전거,상해없음,남,24세,자전거,경상,차대차 - 측면직각충돌,안전운전불이행,맑음,0,1
2016,서울특별시 영등포구8,서울특별시 영등포구 문래동5가(서부간선도로-한천길램프(1) 부근),2016-08-28,16시경,부상신고사고,여,38세,자전거,부상신고,남,72세,자전거,상해없음,차대차 - 정면충돌,안전운전불이행,맑음,0,1
2016,서울특별시 영등포구8,서울특별시 영등포구 문래동5가(서부간선도로-한천길램프(1) 부근),2016-07-17,20시경,경상사고,여,53세,자전거,경상,남,66세,자전거,상해없음,차대차 - 정면충돌,안전운전불이행,맑음,0,1
2016,서울특별시 영등포구9,서울특별시 영등포구 신길동(신길광장공원앞_도림로_진출 부근),2016-03-09,22시경,중상사고,여,25세,승용차,상해없음,남,56세,자전거,중상,차대차 - 측면직각충돌,안전운전불이행,맑음,0,1
2016,서울특별시 영등포구9,서울특별시 영등포구 신길동(신길광장공원앞_도림로_진출 부근),2016-07-26,19시경,중상사고,남,50세,승합차,상해없음,남,40세,자전거,중상,차대차 - 측면직각충돌,안전거리미확보,맑음,0,1
2016,서울특별시 영등포구9,서울특별시 영등포구 신길동(신길광장공원앞_도림로_진출 부근),2016-08-19,22시경,경상사고,여,49세,자전거,경상,여,38세,승용차,경상,차대차 - 측면직각충돌,신호위반,맑음,0,2
2016,서울특별시 영등포구9,서울특별시 영등포구 신길동(신길광장공원앞_도림로_진출 부근),2016-10-07,15시경,경상사고,여,53세,자전거,경상,여,42세,승용차,상해없음,차대차 - 측면직각충돌,안전운전불이행,맑음,0,1
2016,서울특별시 영등포구9,서울특별시 영등포구 신길동(신길광장공원앞_도림로_진출 부근),2016-11-30,07시경,부상신고사고,여,58세,자전거,부상신고,남,44세,승용차,상해없음,차대차 - 측면직각충돌,안전거리미확보,맑음,0,1
2016,서울특별시 영등포구9,서울특별시 영등포구 신길동(신길광장공원앞_도림로_진출 부근),2016-05-11,09시경,부상신고사고,여,63세,자전거,부상신고,남,66세,승용차,상해없음,차대차 - 측면직각충돌,중앙선침범,맑음,0,1
2016,서울특별시 영등포구13,서울특별시 영등포구 신길동(대진목재 부근),2016-02-25,02시경,경상사고,남,60세,승용차,상해없음,여,63세,자전거,경상,차대차 - 측면직각충돌,기타,맑음,0,1
2016,서울특별시 영등포구13,서울특별시 영등포구 신길동(대진목재 부근),2016-07-26,09시경,경상사고,남,68세,승용차,상해없음,여,14세,자전거,경상,차대차 - 측면직각충돌,신호위반,맑음,0,1
2016,서울특별시 영등포구13,서울특별시 영등포구 신길동(대진목재 부근),2016-09-15,16시경,경상사고,남,18세,자전거,경상,남,65세,승용차,상해없음,차대차 - 추돌 - 진행중,안전운전불이행,맑음,0,1
2016,서울특별시 영등포구13,서울특별시 영등포구 신길동(대진목재 부근),2016-06-24,18시경,경상사고,여,46세,자전거,경상,여,60세,승용차,상해없음,차대차 - 측면직각충돌,기타,맑음,0,1
2016,서울특별시 영등포구13,서울특별시 영등포구 신길동(대진목재 부근),2016-09-02,13시경,경상사고,남,46세,화물차,상해없음,여,4세,자전거,경상,차대차 - 측면직각충돌,안전운전불이행,맑음,0,1
2016,서울특별시 영등포구5,서울특별시 영등포구 대림동(대림우성아파트사거리_도림로_진 부근),2016-04-22,21시경,중상사고,남,42세,승용차,상해없음,여,38세,자전거,중상,차대차 - 측면직각충돌,기타,맑음,0,1
2016,서울특별시 영등포구5,서울특별시 영등포구 대림동(대림우성아파트사거리_도림로_진 부근),2016-11-01,21시경,중상사고,남,49세,승용차,상해없음,여,53세,자전거,중상,차대차 - 측면직각충돌,안전운전불이행,맑음,0,1
2016,서울특별시 영등포구5,서울특별시 영등포구 대림동(대림우성아파트사거리_도림로_진 부근),2016-09-09,21시경,중상사고,여,27세,승용차,상해없음,남,24세,자전거,중상,차대차 - 기타,안전운전불이행,맑음,0,1
2016,서울특별시 영등포구5,서울특별시 영등포구 대림동(대림우성아파트사거리_도림로_진 부근),2016-04-15,00시경,부상신고사고,기타불명,불명,원동기장치자전거,기타불명,여,58세,자전거,부상신고,차대차 - 측면직각충돌,안전운전불이행,맑음,0,1
2016,서울특별시 영등포구5,서울특별시 영등포구 대림동(대림우성아파트사거리_도림로_진 부근),2016-09-05,15시경,중상사고,남,13세,자전거,중상,여,37세,승용차,상해없음,차대차 - 정면충돌,중앙선침범,맑음,0,1
2016,서울특별시 영등포구5,서울특별시 영등포구 대림동(대림우성아파트사거리_도림로_진 부근),2016-09-22,11시경,중상사고,남,66세,자전거,중상,남,34세,화물차,상해없음,차대차 - 측면직각충돌,중앙선침범,맑음,0,1
2016,서울특별시 영등포구5,서울특별시 영등포구 대림동(대림우성아파트사거리_도림로_진 부근),2016-12-29,14시경,중상사고,남,81세,자전거,중상,남,50세,화물차,상해없음,차대차 - 측면직각충돌,안전운전불이행,맑음,0,1
2016,서울특별시 영등포구5,서울특별시 영등포구 대림동(대림우성아파트사거리_도림로_진 부근),2016-06-16,17시경,부상신고사고,여,64세,자전거,부상신고,여,62세,승용차,상해없음,차대차 - 정면충돌,안전운전불이행,맑음,0,1
2016,서울특별시 영등포구10,서울특별시 영등포구 대림동(성원아파트앞_도신로_진입 부근),2016-10-05,11시경,부상신고사고,남,36세,승용차,상해없음,남,76세,자전거,부상신고,차대차 - 측면직각충돌,안전운전불이행,맑음,0,1
2016,서울특별시 영등포구10,서울특별시 영등포구 대림동(성원아파트앞_도신로_진입 부근),2016-08-18,12시경,경상사고,여,57세,승용차,상해없음,남,10세,자전거,경상,차대차 - 측면직각충돌,안전운전불이행,맑음,0,1
2016,서울특별시 영등포구10,서울특별시 영등포구 대림동(성원아파트앞_도신로_진입 부근),2016-08-01,14시경,중상사고,남,41세,승합차,상해없음,여,51세,자전거,중상,차대차 - 측면직각충돌,신호위반,맑음,0,1
2016,서울특별시 영등포구10,서울특별시 영등포구 대림동(성원아파트앞_도신로_진입 부근),2016-04-27,05시경,경상사고,기타불명,16세,자전거,기타불명,여,59세,보행자,경상,차대사람 - 횡단중,중앙선침범,맑음,0,1
2016,서울특별시 영등포구10,서울특별시 영등포구 대림동(성원아파트앞_도신로_진입 부근),2016-02-10,14시경,경상사고,남,58세,자전거,경상,남,52세,승용차,상해없음,차대차 - 측면직각충돌,신호위반,맑음,0,1
2016,서울특별시 영등포구10,서울특별시 영등포구 대림동(성원아파트앞_도신로_진입 부근),2016-09-09,13시경,경상사고,여,52세,자전거,경상,남,67세,화물차,상해없음,차대차 - 측면직각충돌,안전운전불이행,맑음,0,1
2016,서울특별시 영등포구11,서울특별시 영등포구 대림동(대림공원사거리 부근),2016-03-23,12시경,경상사고,남,72세,승용차,상해없음,남,18세,자전거,경상,차대차 - 측면직각충돌,기타,맑음,0,1
2016,서울특별시 영등포구11,서울특별시 영등포구 대림동(대림공원사거리 부근),2016-05-26,14시경,경상사고,남,21세,자전거,경상,남,62세,화물차,상해없음,차대차 - 기타,중앙선침범,맑음,0,1
2016,서울특별시 영등포구11,서울특별시 영등포구 대림동(대림공원사거리 부근),2016-03-08,09시경,경상사고,남,26세,자전거,경상,남,35세,승용차,상해없음,차대차 - 측면직각충돌,신호위반,맑음,0,1
2016,서울특별시 영등포구11,서울특별시 영등포구 대림동(대림공원사거리 부근),2016-08-15,15시경,경상사고,남,61세,자전거,경상,남,65세,승용차,상해없음,차대차 - 측면직각충돌,안전운전불이행,흐림,0,1
2016,서울특별시 영등포구11,서울특별시 영등포구 대림동(대림공원사거리 부근),2016-06-08,11시경,중상사고,남,40세,화물차,상해없음,여,68세,자전거,중상,차대차 - 측면직각충돌,신호위반,맑음,0,1
2016,서울특별시 영등포구15,서울특별시 영등포구 대림동(대림3동사거리_가마산길_진출_2 부근),2016-03-17,14시경,경상사고,남,45세,승용차,상해없음,남,77세,자전거,경상,차대차 - 추돌 - 진행중,안전운전불이행,맑음,0,1
2016,서울특별시 영등포구15,서울특별시 영등포구 대림동(대림3동사거리_가마산길_진출_2 부근),2016-03-05,21시경,경상사고,남,27세,원동기장치자전거,상해없음,여,45세,자전거,경상,차대차 - 측면직각충돌,신호위반,흐림,0,1
2016,서울특별시 영등포구15,서울특별시 영등포구 대림동(대림3동사거리_가마산길_진출_2 부근),2016-08-26,14시경,경상사고,남,57세,자전거,경상,남,34세,승용차,상해없음,차대차 - 측면직각충돌,신호위반,맑음,0,1
2016,서울특별시 영등포구15,서울특별시 영등포구 대림동(대림3동사거리_가마산길_진출_2 부근),2016-05-27,12시경,중상사고,여,61세,자전거,중상,여,32세,보행자,경상,차대사람 - 보도통행중,기타,맑음,0,2
2016,서울특별시 동작구4,서울특별시 동작구 노량진동(대방역_대방로_진입 부근),2016-06-24,05시경,중상사고,남,60세,승용차,상해없음,여,31세,자전거,중상,차대차 - 측면직각충돌,안전거리미확보,비,0,1
2016,서울특별시 동작구4,서울특별시 동작구 노량진동(대방역_대방로_진입 부근),2016-08-19,21시경,중상사고,여,24세,승용차,상해없음,남,49세,자전거,중상,차대차 - 추돌 - 진행중,안전운전불이행,맑음,0,1
2016,서울특별시 동작구4,서울특별시 동작구 노량진동(대방역_대방로_진입 부근),2016-08-08,10시경,경상사고,남,11세,자전거,경상,남,68세,승용차,상해없음,차대차 - 측면직각충돌,신호위반,맑음,0,1
2016,서울특별시 동작구4,서울특별시 동작구 노량진동(대방역_대방로_진입 부근),2016-05-27,16시경,중상사고,남,58세,자전거,중상,남,37세,승용차,상해없음,차대차 - 측면직각충돌,안전운전불이행,맑음,0,1
2016,서울특별시 동작구4,서울특별시 동작구 노량진동(대방역_대방로_진입 부근),2016-09-16,04시경,사망사고,남,72세,자전거,사망,남,60세,승용차,상해없음,차대차 - 기타,불법유턴,맑음,1,0
2016,서울특별시 동작구5,서울특별시 동작구 노량진동(여의상류IC5 부근),2016-03-19,15시경,부상신고사고,남,16세,자전거,부상신고,남,24세,자전거,상해없음,차대차 - 측면직각충돌,안전운전불이행,맑음,0,1
2016,서울특별시 동작구5,서울특별시 동작구 노량진동(여의상류IC5 부근),2016-03-20,16시경,부상신고사고,남,16세,자전거,부상신고,여,44세,자전거,상해없음,차대차 - 기타,안전운전불이행,맑음,0,1
2016,서울특별시 동작구5,서울특별시 동작구 노량진동(여의상류IC5 부근),2016-04-02,14시경,중상사고,남,31세,자전거,중상,없음,불명,없음,없음,차량단독 - 공작물충돌,안전운전불이행,맑음,0,1
2016,서울특별시 동작구5,서울특별시 동작구 노량진동(여의상류IC5 부근),2016-08-05,11시경,부상신고사고,남,39세,자전거,상해없음,남,62세,자전거,부상신고,차대차 - 측면직각충돌,안전운전불이행,맑음,0,1
2016,서울특별시 동작구5,서울특별시 동작구 노량진동(여의상류IC5 부근),2016-11-04,17시경,경상사고,여,18세,자전거,경상,남,19세,자전거,경상,차대차 - 측면직각충돌,안전운전불이행,맑음,0,2
2016,서울특별시 동작구7,서울특별시 동작구 노량진동(솔표빌딩 부근),2016-06-08,20시경,부상신고사고,남,16세,자전거,부상신고,남,27세,승용차,상해없음,차대차 - 측면직각충돌,안전운전불이행,맑음,0,1
2016,서울특별시 동작구7,서울특별시 동작구 노량진동(솔표빌딩 부근),2016-06-19,16시경,중상사고,남,21세,자전거,부상신고,남,68세,자전거,중상,차대차 - 정면충돌,신호위반,맑음,0,2
2016,서울특별시 동작구7,서울특별시 동작구 노량진동(솔표빌딩 부근),2016-05-19,20시경,경상사고,남,46세,자전거,상해없음,남,29세,자전거,경상,차대차 - 정면충돌,안전운전불이행,맑음,0,1
2016,서울특별시 동작구7,서울특별시 동작구 노량진동(솔표빌딩 부근),2016-11-26,11시경,경상사고,남,53세,자전거,경상,남,36세,자전거,경상,차대차 - 기타,안전운전불이행,맑음,0,2
2016,서울특별시 동작구2,서울특별시 동작구 본동(한강대교남단사거리 부근),2016-12-25,11시경,경상사고,남,52세,승용차,상해없음,남,61세,자전거,경상,차대차 - 측면직각충돌,신호위반,맑음,0,1
2016,서울특별시 동작구2,서울특별시 동작구 본동(한강대교남단사거리 부근),2016-09-06,09시경,중상사고,남,22세,자전거,상해없음,여,56세,보행자,중상,차대사람 - 보도통행중,안전운전불이행,맑음,0,1
2016,서울특별시 동작구2,서울특별시 동작구 본동(한강대교남단사거리 부근),2016-05-04,18시경,중상사고,남,26세,자전거,기타불명,여,25세,보행자,중상,차대사람 - 기타,안전운전불이행,맑음,0,1
2016,서울특별시 동작구2,서울특별시 동작구 본동(한강대교남단사거리 부근),2016-03-20,12시경,중상사고,남,27세,자전거,상해없음,남,42세,자전거,중상,차대차 - 추돌 - 진행중,안전운전불이행,맑음,0,1
2016,서울특별시 동작구2,서울특별시 동작구 본동(한강대교남단사거리 부근),2016-01-01,18시경,부상신고사고,남,65세,자전거,부상신고,남,67세,승합차,상해없음,차대차 - 기타,안전운전불이행,맑음,0,1
2016,서울특별시 동작구2,서울특별시 동작구 본동(한강대교남단사거리 부근),2016-06-19,10시경,경상사고,여,28세,자전거,경상,남,79세,보행자,경상,차대사람 - 횡단중,안전운전불이행,맑음,0,2
2016,서울특별시 동작구6,서울특별시 동작구 본동(노들길램프(1) 부근),2016-09-14,22시경,중상사고,남,21세,자전거,중상,여,24세,원동기장치자전거,중상,차대차 - 기타,안전운전불이행,맑음,0,2
2016,서울특별시 동작구6,서울특별시 동작구 본동(노들길램프(1) 부근),2016-07-21,08시경,부상신고사고,남,52세,자전거,부상신고,여,46세,자전거,부상신고,차대차 - 추돌 - 진행중,안전운전불이행,맑음,0,2
2016,서울특별시 동작구6,서울특별시 동작구 본동(노들길램프(1) 부근),2016-09-24,09시경,경상사고,남,56세,자전거,경상,없음,불명,없음,없음,차량단독 - 기타,안전운전불이행,맑음,0,1
2016,서울특별시 동작구6,서울특별시 동작구 본동(노들길램프(1) 부근),2016-06-17,09시경,사망사고,남,71세,자전거,사망,없음,불명,없음,없음,차량단독 - 기타,안전운전불이행,맑음,1,0
2016,서울특별시 동작구3,서울특별시 동작구 사당동(대우 디오슈페리움2 부근),2016-07-02,16시경,중상사고,여,35세,승용차,상해없음,남,57세,자전거,중상,차대차 - 기타,안전운전불이행,맑음,0,1
2016,서울특별시 동작구3,서울특별시 동작구 사당동(대우 디오슈페리움2 부근),2016-08-26,12시경,경상사고,남,33세,자전거,상해없음,여,55세,보행자,경상,차대사람 - 기타,안전운전불이행,맑음,0,1
2016,서울특별시 동작구3,서울특별시 동작구 사당동(대우 디오슈페리움2 부근),2016-10-31,14시경,경상사고,남,9세,자전거,경상,남,50세,화물차,상해없음,차대차 - 측면직각충돌,불법유턴,맑음,0,1
2016,서울특별시 동작구3,서울특별시 동작구 사당동(대우 디오슈페리움2 부근),2016-07-23,21시경,경상사고,여,56세,자전거,상해없음,여,68세,보행자,경상,차대사람 - 기타,안전운전불이행,맑음,0,1
2016,서울특별시 동작구3,서울특별시 동작구 사당동(대우 디오슈페리움2 부근),2016-05-19,09시경,부상신고사고,남,49세,화물차,상해없음,여,60세,자전거,부상신고,차대차 - 기타,안전운전불이행,맑음,0,1
2016,서울특별시 동작구3,서울특별시 동작구 사당동(대우 디오슈페리움2 부근),2016-07-14,14시경,경상사고,남,54세,화물차,기타불명,남,52세,자전거,경상,차대차 - 측면직각충돌,안전운전불이행,맑음,0,1
2016,서울특별시 동작구1,서울특별시 동작구 신대방동(대림사거리 부근),2016-10-10,13시경,경상사고,남,55세,승용차,상해없음,여,58세,자전거,경상,차대차 - 측면직각충돌,안전운전불이행,맑음,0,1
2016,서울특별시 동작구1,서울특별시 동작구 신대방동(대림사거리 부근),2016-08-09,21시경,경상사고,남,60세,승용차,상해없음,여,51세,자전거,경상,차대차 - 측면직각충돌,안전운전불이행,맑음,0,1
2016,서울특별시 동작구1,서울특별시 동작구 신대방동(대림사거리 부근),2016-12-05,05시경,중상사고,남,65세,승용차,상해없음,남,68세,자전거,중상,차대차 - 측면직각충돌,안전운전불이행,맑음,0,1
2016,서울특별시 동작구1,서울특별시 동작구 신대방동(대림사거리 부근),2016-08-15,20시경,경상사고,여,33세,승용차,상해없음,남,72세,자전거,경상,차대차 - 측면직각충돌,안전운전불이행,맑음,0,1
2016,서울특별시 동작구1,서울특별시 동작구 신대방동(대림사거리 부근),2016-07-29,18시경,경상사고,여,43세,승용차,상해없음,남,51세,자전거,경상,차대차 - 측면직각충돌,안전운전불이행,흐림,0,1
2016,서울특별시 동작구1,서울특별시 동작구 신대방동(대림사거리 부근),2016-05-12,14시경,부상신고사고,남,41세,화물차,상해없음,여,65세,자전거,부상신고,차대차 - 추돌 - 진행중,안전운전불이행,맑음,0,1
2016,서울특별시 동작구1,서울특별시 동작구 신대방동(대림사거리 부근),2016-02-26,06시경,중상사고,남,59세,화물차,상해없음,여,53세,자전거,중상,차대차 - 측면직각충돌,안전운전불이행,맑음,0,1
2016,서울특별시 관악구1,서울특별시 관악구 신림동(동방1교(북단) 부근),2016-06-27,23시경,중상사고,남,53세,승용차,상해없음,남,35세,자전거,중상,차대차 - 기타,기타,맑음,0,1
2016,서울특별시 관악구1,서울특별시 관악구 신림동(동방1교(북단) 부근),2016-10-16,21시경,경상사고,남,64세,승용차,상해없음,여,30세,자전거,경상,차대차 - 측면직각충돌,안전운전불이행,맑음,0,1
2016,서울특별시 관악구1,서울특별시 관악구 신림동(동방1교(북단) 부근),2016-03-13,16시경,경상사고,남,16세,이륜차,상해없음,여,48세,자전거,경상,차대차 - 측면직각충돌,신호위반,맑음,0,1
2016,서울특별시 관악구1,서울특별시 관악구 신림동(동방1교(북단) 부근),2016-11-09,18시경,경상사고,남,61세,자전거,경상,남,55세,자전거,상해없음,차대차 - 기타,안전운전불이행,맑음,0,1
2016,서울특별시 관악구2,서울특별시 관악구 신림동(신대방역 부근),2016-06-13,22시경,경상사고,남,54세,자전거,경상,남,30세,승용차,상해없음,차대차 - 추돌 - 진행중,신호위반,맑음,0,1
2016,서울특별시 관악구2,서울특별시 관악구 신림동(신대방역 부근),2016-03-17,09시경,경상사고,남,57세,자전거,상해없음,남,22세,보행자,경상,차대사람 - 횡단중,신호위반,맑음,0,1
2016,서울특별시 관악구2,서울특별시 관악구 신림동(신대방역 부근),2016-01-04,06시경,부상신고사고,남,80세,자전거,부상신고,남,50세,승용차,상해없음,차대차 - 측면직각충돌,신호위반,맑음,0,1
2016,서울특별시 관악구2,서울특별시 관악구 신림동(신대방역 부근),2016-06-14,09시경,경상사고,여,36세,자전거,경상,남,42세,승용차,상해없음,차대차 - 측면직각충돌,안전운전불이행,맑음,0,1
2016,서울특별시 서초구1,서울특별시 서초구 잠원동(올림픽대로-반포로램프(1) 부근),2016-04-01,14시경,중상사고,여,22세,승용차,상해없음,남,71세,자전거,중상,차대차 - 추돌 - 진행중,신호위반,맑음,0,1
2016,서울특별시 서초구1,서울특별시 서초구 잠원동(올림픽대로-반포로램프(1) 부근),2016-07-19,21시경,중상사고,남,49세,원동기장치자전거,상해없음,남,39세,자전거,중상,차대차 - 기타,안전운전불이행,맑음,0,1
2016,서울특별시 서초구1,서울특별시 서초구 잠원동(올림픽대로-반포로램프(1) 부근),2016-04-25,22시경,경상사고,남,32세,자전거,경상,남,33세,자전거,경상,차대차 - 추돌 - 진행중,안전운전불이행,맑음,0,2
2016,서울특별시 서초구1,서울특별시 서초구 잠원동(올림픽대로-반포로램프(1) 부근),2016-07-29,19시경,부상신고사고,남,64세,자전거,부상신고,남,31세,승용차,상해없음,차대차 - 측면직각충돌,차로위반,맑음,0,1
2016,서울특별시 서초구1,서울특별시 서초구 잠원동(올림픽대로-반포로램프(1) 부근),2016-11-21,14시경,부상신고사고,남,74세,자전거,부상신고,남,37세,승용차,상해없음,차대차 - 기타,신호위반,맑음,0,1
2016,서울특별시 강남구1,서울특별시 강남구 개포동(개포고교 부근),2016-03-23,19시경,중상사고,남,26세,승용차,상해없음,남,50세,자전거,중상,차대차 - 기타,안전운전불이행,맑음,0,1
2016,서울특별시 강남구1,서울특별시 강남구 개포동(개포고교 부근),2016-09-11,13시경,부상신고사고,여,33세,승용차,상해없음,남,11세,자전거,부상신고,차대차 - 측면직각충돌,신호위반,맑음,0,1
2016,서울특별시 강남구1,서울특별시 강남구 개포동(개포고교 부근),2016-12-12,17시경,경상사고,남,65세,자전거,기타불명,여,79세,보행자,경상,차대사람 - 횡단중,신호위반,맑음,0,1
2016,서울특별시 강남구1,서울특별시 강남구 개포동(개포고교 부근),2016-04-01,13시경,부상신고사고,남,78세,자전거,부상신고,남,38세,화물차,상해없음,차대차 - 기타,중앙선침범,맑음,0,1
2016,서울특별시 송파구3,서울특별시 송파구 잠실동(올림픽대로-일반국도3호선램프(1 부근),2016-04-12,07시경,중상사고,여,48세,승용차,상해없음,여,54세,자전거,중상,차대차 - 측면직각충돌,안전운전불이행,맑음,0,1
2016,서울특별시 송파구3,서울특별시 송파구 잠실동(올림픽대로-일반국도3호선램프(1 부근),2016-04-05,21시경,경상사고,남,24세,자전거,경상,남,25세,자전거,경상,차대차 - 측면직각충돌,안전운전불이행,맑음,0,2
2016,서울특별시 송파구3,서울특별시 송파구 잠실동(올림픽대로-일반국도3호선램프(1 부근),2016-03-19,18시경,부상신고사고,남,43세,자전거,부상신고,남,28세,보행자,상해없음,차대사람 - 횡단중,안전운전불이행,맑음,0,1
2016,서울특별시 송파구3,서울특별시 송파구 잠실동(올림픽대로-일반국도3호선램프(1 부근),2016-08-01,20시경,경상사고,남,56세,자전거,부상신고,남,36세,자전거,경상,차대차 - 측면직각충돌,안전운전불이행,맑음,0,2
2016,서울특별시 송파구3,서울특별시 송파구 잠실동(올림픽대로-일반국도3호선램프(1 부근),2016-05-31,19시경,부상신고사고,남,56세,자전거,상해없음,여,35세,자전거,부상신고,차대차 - 측면직각충돌,안전운전불이행,맑음,0,1
2016,서울특별시 송파구3,서울특별시 송파구 잠실동(올림픽대로-일반국도3호선램프(1 부근),2016-09-08,07시경,부상신고사고,남,59세,자전거,부상신고,남,15세,자전거,부상신고,차대차 - 정면충돌,안전거리미확보,맑음,0,2
2016,서울특별시 송파구3,서울특별시 송파구 잠실동(올림픽대로-일반국도3호선램프(1 부근),2016-02-25,14시경,중상사고,남,64세,자전거,중상,남,63세,승용차,상해없음,차대차 - 측면직각충돌,중앙선침범,흐림,0,1
2016,서울특별시 송파구3,서울특별시 송파구 잠실동(올림픽대로-일반국도3호선램프(1 부근),2016-06-11,10시경,중상사고,여,36세,자전거,중상,여,39세,자전거,중상,차대차 - 정면충돌,안전운전불이행,기타,0,2
2016,서울특별시 송파구4,서울특별시 송파구 잠실동(갤러리아팰리스 부근),2016-12-21,16시경,중상사고,기타불명,불명,승용차,기타불명,남,47세,자전거,중상,차대차 - 기타,안전운전불이행,비,0,1
2016,서울특별시 송파구4,서울특별시 송파구 잠실동(갤러리아팰리스 부근),2016-04-01,21시경,경상사고,남,64세,승용차,상해없음,남,30세,자전거,경상,차대차 - 정면충돌,안전운전불이행,맑음,0,1
2016,서울특별시 송파구4,서울특별시 송파구 잠실동(갤러리아팰리스 부근),2016-05-25,16시경,중상사고,남,65세,승용차,상해없음,여,26세,자전거,중상,차대차 - 측면직각충돌,안전운전불이행,맑음,0,1
2016,서울특별시 송파구4,서울특별시 송파구 잠실동(갤러리아팰리스 부근),2016-07-27,08시경,중상사고,남,79세,승용차,상해없음,여,63세,자전거,중상,차대차 - 측면직각충돌,안전운전불이행,맑음,0,1
2016,서울특별시 송파구4,서울특별시 송파구 잠실동(갤러리아팰리스 부근),2016-12-20,10시경,경상사고,여,55세,승용차,상해없음,여,28세,자전거,경상,차대차 - 측면직각충돌,신호위반,맑음,0,1
2016,서울특별시 송파구4,서울특별시 송파구 잠실동(갤러리아팰리스 부근),2016-09-26,20시경,부상신고사고,여,47세,자전거,부상신고,남,29세,승용차,상해없음,차대차 - 정면충돌,안전운전불이행,맑음,0,1
2016,서울특별시 송파구4,서울특별시 송파구 잠실동(갤러리아팰리스 부근),2016-10-07,13시경,부상신고사고,여,57세,자전거,부상신고,여,52세,승용차,상해없음,차대차 - 측면직각충돌,신호위반,맑음,0,1
2016,서울특별시 송파구4,서울특별시 송파구 잠실동(갤러리아팰리스 부근),2016-04-17,13시경,부상신고사고,여,63세,자전거,부상신고,남,68세,승용차,상해없음,차대차 - 측면직각충돌,불법유턴,맑음,0,1
2016,서울특별시 송파구5,서울특별시 송파구 잠실동(올림픽대로-백제고분로램프(3) 부근),2016-04-10,15시경,경상사고,남,12세,자전거,상해없음,남,52세,보행자,경상,차대사람 - 길가장자리구역통행중,안전운전불이행,맑음,0,1
2016,서울특별시 송파구5,서울특별시 송파구 잠실동(올림픽대로-백제고분로램프(3) 부근),2016-03-12,18시경,중상사고,남,13세,자전거,부상신고,여,35세,자전거,중상,차대차 - 측면직각충돌,안전거리미확보,맑음,0,2
2016,서울특별시 송파구5,서울특별시 송파구 잠실동(올림픽대로-백제고분로램프(3) 부근),2016-09-25,17시경,중상사고,남,18세,자전거,상해없음,여,39세,자전거,중상,차대차 - 측면직각충돌,안전운전불이행,맑음,0,1