사고년도,다발시군구,지점명,사고일시,사고시간대,사고등급,가해자성별,가해자연령,가해차종,가해자신체상해정도,피해자성별,피해자연령,피해차종,피해자신체상해정도,사고유형,가해자법규위반,기상상태,사망자수,부상자수
2016,대구광역시 달서구16,대구광역시 달서구 용산동(우방죽전타운 부근),2016-10-07,11시경,경상사고,남,56세,자전거,경상,남,51세,승용차,상해없음,차대차 - 기타,중앙선침범,맑음,0,1
2016,대구광역시 달서구6,대구광역시 달서구 본리동(대성산업(주)구마충전소 부근),2016-09-25,11시경,경상사고,남,31세,승용차,상해없음,남,11세,자전거,경상,차대차 - 측면직각충돌,교차로운행방법위반,맑음,0,1
2016,대구광역시 달서구6,대구광역시 달서구 본리동(대성산업(주)구마충전소 부근),2016-07-20,07시경,경상사고,남,50세,승용차,상해없음,남,49세,자전거,경상,차대차 - 측면직각충돌,안전운전불이행,맑음,0,1
2016,대구광역시 달서구6,대구광역시 달서구 본리동(대성산업(주)구마충전소 부근),2016-05-07,08시경,경상사고,남,58세,승용차,상해없음,남,33세,자전거,경상,차대차 - 측면직각충돌,안전운전불이행,맑음,0,1
2016,대구광역시 달서구6,대구광역시 달서구 본리동(대성산업(주)구마충전소 부근),2016-05-20,10시경,중상사고,남,61세,승용차,상해없음,남,51세,자전거,중상,차대차 - 기타,안전운전불이행,맑음,0,1
2016,대구광역시 달서구6,대구광역시 달서구 본리동(대성산업(주)구마충전소 부근),2016-08-24,18시경,경상사고,남,34세,자전거,경상,남,22세,원동기장치자전거,상해없음,차대차 - 측면직각충돌,안전운전불이행,맑음,0,1
2016,대구광역시 달서구6,대구광역시 달서구 본리동(대성산업(주)구마충전소 부근),2016-08-09,12시경,부상신고사고,남,48세,화물차,상해없음,남,12세,자전거,부상신고,차대차 - 기타,안전운전불이행,맑음,0,1
2016,대구광역시 달서구1,대구광역시 달서구 상인동(상인고가차도 부근),2016-08-24,23시경,경상사고,남,27세,승용차,상해없음,남,15세,자전거,경상,차대차 - 측면직각충돌,안전운전불이행,맑음,0,1
2016,대구광역시 달서구1,대구광역시 달서구 상인동(상인고가차도 부근),2016-11-21,10시경,경상사고,여,39세,승용차,상해없음,남,72세,자전거,경상,차대차 - 측면직각충돌,안전운전불이행,맑음,0,1
2016,대구광역시 달서구1,대구광역시 달서구 상인동(상인고가차도 부근),2016-10-26,07시경,경상사고,여,44세,승용차,상해없음,남,18세,자전거,경상,차대차 - 측면직각충돌,안전운전불이행,맑음,0,1
2016,대구광역시 달서구1,대구광역시 달서구 상인동(상인고가차도 부근),2016-04-18,20시경,경상사고,여,46세,승용차,상해없음,남,15세,자전거,경상,차대차 - 측면직각충돌,안전운전불이행,맑음,0,1
2016,대구광역시 달서구1,대구광역시 달서구 상인동(상인고가차도 부근),2016-02-01,07시경,부상신고사고,여,52세,승용차,기타불명,남,73세,자전거,부상신고,차대차 - 기타,안전운전불이행,맑음,0,1
2016,대구광역시 달서구1,대구광역시 달서구 상인동(상인고가차도 부근),2016-03-21,20시경,경상사고,여,52세,승용차,상해없음,남,17세,자전거,경상,차대차 - 측면직각충돌,신호위반,맑음,0,1
2016,대구광역시 달서구1,대구광역시 달서구 상인동(상인고가차도 부근),2016-04-29,18시경,경상사고,남,12세,자전거,경상,여,35세,승용차,상해없음,차대차 - 측면직각충돌,안전운전불이행,맑음,0,1
2016,대구광역시 달서구1,대구광역시 달서구 상인동(상인고가차도 부근),2016-05-31,15시경,경상사고,남,16세,자전거,기타불명,남,62세,자전거,경상,차대차 - 측면직각충돌,중앙선침범,맑음,0,1
2016,대구광역시 달서구1,대구광역시 달서구 상인동(상인고가차도 부근),2016-06-08,07시경,중상사고,남,61세,자전거,상해없음,여,67세,보행자,중상,차대사람 - 보도통행중,안전운전불이행,비,0,1
2016,대구광역시 달서구1,대구광역시 달서구 상인동(상인고가차도 부근),2016-10-15,11시경,경상사고,남,69세,자전거,경상,여,45세,승용차,상해없음,차대차 - 측면직각충돌,중앙선침범,맑음,0,1
2016,대구광역시 달서구3,대구광역시 달서구 상인동(롯데백화점상인점 부근),2016-12-01,07시경,경상사고,기타불명,불명,불명,기타불명,남,16세,자전거,경상,차대차 - 기타,안전운전불이행,맑음,0,1
2016,대구광역시 달서구3,대구광역시 달서구 상인동(롯데백화점상인점 부근),2016-10-28,10시경,경상사고,남,31세,승용차,상해없음,남,18세,자전거,경상,차대차 - 기타,안전운전불이행,맑음,0,1
2016,대구광역시 달서구3,대구광역시 달서구 상인동(롯데백화점상인점 부근),2016-04-18,08시경,경상사고,남,39세,승용차,상해없음,여,56세,자전거,경상,차대차 - 측면직각충돌,안전운전불이행,맑음,0,1
2016,대구광역시 달서구3,대구광역시 달서구 상인동(롯데백화점상인점 부근),2016-04-22,21시경,중상사고,남,44세,승용차,상해없음,남,17세,자전거,중상,차대차 - 기타,기타,맑음,0,1
2016,대구광역시 달서구3,대구광역시 달서구 상인동(롯데백화점상인점 부근),2016-08-30,19시경,경상사고,남,78세,승용차,상해없음,여,34세,자전거,경상,차대차 - 측면직각충돌,안전운전불이행,맑음,0,1
2016,대구광역시 달서구3,대구광역시 달서구 상인동(롯데백화점상인점 부근),2016-09-13,07시경,경상사고,남,16세,자전거,경상,남,57세,승합차,상해없음,차대차 - 측면직각충돌,안전운전불이행,맑음,0,1
2016,대구광역시 달서구3,대구광역시 달서구 상인동(롯데백화점상인점 부근),2016-07-07,18시경,경상사고,남,35세,자전거,상해없음,남,67세,보행자,경상,차대사람 - 횡단중,안전운전불이행,맑음,0,1
2016,대구광역시 달서구3,대구광역시 달서구 상인동(롯데백화점상인점 부근),2016-07-23,15시경,경상사고,남,81세,자전거,경상,남,80세,승용차,상해없음,차대차 - 측면직각충돌,안전운전불이행,맑음,0,1
2016,대구광역시 달서구4,대구광역시 달서구 상인동(대동시장사거리 부근),2016-05-06,15시경,중상사고,남,32세,승용차,상해없음,여,56세,자전거,중상,차대차 - 측면직각충돌,신호위반,맑음,0,1
2016,대구광역시 달서구4,대구광역시 달서구 상인동(대동시장사거리 부근),2016-02-21,22시경,경상사고,남,59세,승용차,기타불명,여,54세,자전거,경상,차대차 - 기타,안전운전불이행,맑음,0,1
2016,대구광역시 달서구4,대구광역시 달서구 상인동(대동시장사거리 부근),2016-02-01,08시경,중상사고,여,42세,승용차,상해없음,여,55세,자전거,중상,차대차 - 측면직각충돌,교차로운행방법위반,맑음,0,1
2016,대구광역시 달서구4,대구광역시 달서구 상인동(대동시장사거리 부근),2016-10-06,14시경,중상사고,여,68세,승용차,상해없음,남,74세,자전거,중상,차대차 - 측면직각충돌,안전운전불이행,맑음,0,1
2016,대구광역시 달서구4,대구광역시 달서구 상인동(대동시장사거리 부근),2016-02-03,13시경,경상사고,여,68세,승용차,상해없음,남,77세,자전거,경상,차대차 - 측면직각충돌,안전운전불이행,맑음,0,1
2016,대구광역시 달서구4,대구광역시 달서구 상인동(대동시장사거리 부근),2016-01-16,17시경,중상사고,남,22세,화물차,상해없음,남,70세,자전거,중상,차대차 - 측면직각충돌,안전운전불이행,맑음,0,1
2016,대구광역시 달서구8,대구광역시 달서구 상인동(효성오토바이대리점 부근),2016-10-01,18시경,중상사고,남,40세,승용차,상해없음,남,13세,자전거,중상,차대차 - 측면직각충돌,안전운전불이행,맑음,0,1
2016,대구광역시 달서구8,대구광역시 달서구 상인동(효성오토바이대리점 부근),2016-01-05,07시경,경상사고,남,15세,자전거,경상,남,51세,승용차,상해없음,차대차 - 기타,불법유턴,맑음,0,1
2016,대구광역시 달서구8,대구광역시 달서구 상인동(효성오토바이대리점 부근),2016-05-30,20시경,부상신고사고,남,51세,자전거,부상신고,남,22세,승용차,상해없음,차대차 - 측면직각충돌,안전운전불이행,맑음,0,1
2016,대구광역시 달서구8,대구광역시 달서구 상인동(효성오토바이대리점 부근),2016-05-20,13시경,중상사고,남,80세,자전거,중상,남,61세,승용차,상해없음,차대차 - 측면직각충돌,불법유턴,맑음,0,1
2016,대구광역시 달서구8,대구광역시 달서구 상인동(효성오토바이대리점 부근),2016-07-08,22시경,경상사고,여,59세,자전거,기타불명,남,25세,보행자,경상,차대사람 - 횡단중,안전운전불이행,맑음,0,1
2016,대구광역시 달서구11,대구광역시 달서구 상인동(상인남네거리 부근),2016-05-04,15시경,중상사고,남,34세,승용차,상해없음,남,11세,자전거,중상,차대차 - 측면직각충돌,신호위반,맑음,0,1
2016,대구광역시 달서구11,대구광역시 달서구 상인동(상인남네거리 부근),2016-11-22,18시경,경상사고,남,58세,승용차,상해없음,남,13세,자전거,경상,차대차 - 측면직각충돌,안전운전불이행,맑음,0,1
2016,대구광역시 달서구11,대구광역시 달서구 상인동(상인남네거리 부근),2016-06-11,19시경,중상사고,남,18세,이륜차,상해없음,여,43세,자전거,중상,차대차 - 측면직각충돌,안전운전불이행,맑음,0,1
2016,대구광역시 달서구11,대구광역시 달서구 상인동(상인남네거리 부근),2016-11-15,16시경,경상사고,남,11세,자전거,경상,남,63세,승용차,상해없음,차대차 - 측면직각충돌,불법유턴,맑음,0,1
2016,대구광역시 달서구7,대구광역시 달서구 진천동(월배지구대 부근),2016-05-20,21시경,경상사고,남,73세,승용차,상해없음,남,58세,자전거,경상,차대차 - 기타,안전운전불이행,맑음,0,1
2016,대구광역시 달서구7,대구광역시 달서구 진천동(월배지구대 부근),2016-11-12,04시경,중상사고,여,50세,승용차,상해없음,여,70세,자전거,중상,차대차 - 측면직각충돌,안전운전불이행,맑음,0,1
2016,대구광역시 달서구7,대구광역시 달서구 진천동(월배지구대 부근),2016-08-06,18시경,중상사고,남,16세,자전거,경상,남,42세,이륜차,중상,차대차 - 측면직각충돌,교차로운행방법위반,맑음,0,2
2016,대구광역시 달서구7,대구광역시 달서구 진천동(월배지구대 부근),2016-08-22,15시경,중상사고,남,31세,자전거,상해없음,여,60세,보행자,중상,차대사람 - 기타,기타,맑음,0,1
2016,대구광역시 달서구7,대구광역시 달서구 진천동(월배지구대 부근),2016-08-15,13시경,중상사고,남,74세,자전거,중상,남,27세,승용차,상해없음,차대차 - 측면직각충돌,불법유턴,맑음,0,1
2016,대구광역시 달서구13,대구광역시 달서구 진천동(진천네거리 부근),2016-05-30,06시경,중상사고,남,46세,승용차,상해없음,여,68세,자전거,중상,차대차 - 측면직각충돌,교차로운행방법위반,맑음,0,1
2016,대구광역시 달서구13,대구광역시 달서구 진천동(진천네거리 부근),2016-12-28,11시경,경상사고,남,85세,승용차,상해없음,여,64세,자전거,경상,차대차 - 측면직각충돌,신호위반,맑음,0,1
2016,대구광역시 달서구13,대구광역시 달서구 진천동(진천네거리 부근),2016-03-16,08시경,중상사고,여,57세,승용차,상해없음,남,28세,자전거,중상,차대차 - 측면직각충돌,안전운전불이행,맑음,0,1
2016,대구광역시 달서구13,대구광역시 달서구 진천동(진천네거리 부근),2016-12-15,20시경,부상신고사고,기타불명,불명,자전거,기타불명,남,67세,보행자,부상신고,차대사람 - 보도통행중,안전운전불이행,맑음,0,1
2016,대구광역시 달서구15,대구광역시 달서구 유천동((주)청림조경 부근),2016-07-17,04시경,중상사고,남,36세,승용차,상해없음,남,24세,자전거,중상,차대차 - 기타,안전운전불이행,맑음,0,1
2016,대구광역시 달서구15,대구광역시 달서구 유천동((주)청림조경 부근),2016-09-12,20시경,경상사고,남,50세,승용차,상해없음,남,30세,자전거,경상,차대차 - 기타,안전운전불이행,맑음,0,1
2016,대구광역시 달서구15,대구광역시 달서구 유천동((주)청림조경 부근),2016-05-20,20시경,경상사고,여,48세,승용차,상해없음,여,33세,자전거,경상,차대차 - 측면직각충돌,안전운전불이행,맑음,0,1
2016,대구광역시 달서구15,대구광역시 달서구 유천동((주)청림조경 부근),2016-11-07,15시경,부상신고사고,남,13세,자전거,부상신고,남,64세,승용차,상해없음,차대차 - 측면직각충돌,안전운전불이행,맑음,0,1
2016,대구광역시 달서구10,대구광역시 달서구 송현동(월촌역네거리 부근),2016-01-06,04시경,중상사고,남,40세,승용차,상해없음,여,63세,자전거,중상,차대차 - 측면직각충돌,기타,맑음,0,1
2016,대구광역시 달서구10,대구광역시 달서구 송현동(월촌역네거리 부근),2016-09-21,11시경,경상사고,남,64세,승용차,상해없음,남,21세,자전거,상해없음,차대차 - 측면직각충돌,안전운전불이행,맑음,0,1
2016,대구광역시 달서구10,대구광역시 달서구 송현동(월촌역네거리 부근),2016-12-05,20시경,경상사고,여,39세,승용차,상해없음,남,17세,자전거,경상,차대차 - 측면직각충돌,안전운전불이행,맑음,0,1
2016,대구광역시 달서구10,대구광역시 달서구 송현동(월촌역네거리 부근),2016-04-29,21시경,경상사고,여,48세,승용차,상해없음,남,12세,자전거,경상,차대차 - 기타,안전운전불이행,맑음,0,1
2016,대구광역시 달서구10,대구광역시 달서구 송현동(월촌역네거리 부근),2016-09-13,08시경,부상신고사고,남,14세,자전거,부상신고,남,37세,화물차,상해없음,차대차 - 측면직각충돌,안전운전불이행,맑음,0,1
2016,대구광역시 달서구14,대구광역시 달서구 송현동(이동통신 부근),2016-04-24,19시경,경상사고,남,31세,승용차,상해없음,남,8세,자전거,경상,차대차 - 측면직각충돌,안전운전불이행,맑음,0,1
2016,대구광역시 달서구14,대구광역시 달서구 송현동(이동통신 부근),2016-01-04,06시경,중상사고,남,57세,승용차,상해없음,남,62세,자전거,중상,차대차 - 측면직각충돌,신호위반,맑음,0,1
2016,대구광역시 달서구14,대구광역시 달서구 송현동(이동통신 부근),2016-04-03,15시경,경상사고,남,22세,자전거,상해없음,남,31세,이륜차,경상,차대차 - 측면직각충돌,안전운전불이행,맑음,0,1
2016,대구광역시 달서구14,대구광역시 달서구 송현동(이동통신 부근),2016-02-13,16시경,부상신고사고,남,54세,자전거,부상신고,여,54세,승용차,기타불명,차대차 - 기타,안전운전불이행,비,0,1
2016,대구광역시 달성군1,대구광역시 달성군 화원읍(봉창이해물칼국수 부근),2016-07-15,21시경,중상사고,남,47세,승용차,상해없음,남,63세,자전거,중상,차대차 - 정면충돌,안전운전불이행,맑음,0,1
2016,대구광역시 달성군1,대구광역시 달성군 화원읍(봉창이해물칼국수 부근),2016-07-27,21시경,경상사고,남,48세,승용차,상해없음,남,15세,자전거,경상,차대차 - 측면직각충돌,안전운전불이행,맑음,0,1
2016,대구광역시 달성군1,대구광역시 달성군 화원읍(봉창이해물칼국수 부근),2016-06-26,19시경,경상사고,남,11세,자전거,상해없음,여,60세,자전거,경상,차대차 - 측면직각충돌,안전운전불이행,맑음,0,1
2016,대구광역시 달성군1,대구광역시 달성군 화원읍(봉창이해물칼국수 부근),2016-10-10,19시경,경상사고,남,15세,자전거,경상,남,51세,승용차,기타불명,차대차 - 측면직각충돌,안전운전불이행,맑음,0,1
2016,대구광역시 달성군1,대구광역시 달성군 화원읍(봉창이해물칼국수 부근),2016-08-25,13시경,경상사고,남,51세,화물차,상해없음,여,55세,자전거,경상,차대차 - 측면직각충돌,안전운전불이행,맑음,0,1
2016,인천광역시 연수구1,인천광역시 연수구 선학동(선학동입구B 부근),2016-05-25,07시경,중상사고,남,32세,승용차,상해없음,남,79세,자전거,중상,차대차 - 측면직각충돌,안전운전불이행,맑음,0,1
2016,인천광역시 연수구1,인천광역시 연수구 선학동(선학동입구B 부근),2016-01-16,19시경,중상사고,남,42세,승용차,기타불명,남,65세,자전거,중상,차대차 - 기타,안전운전불이행,맑음,0,1
2016,인천광역시 연수구1,인천광역시 연수구 선학동(선학동입구B 부근),2016-10-07,16시경,경상사고,남,42세,승용차,상해없음,남,68세,자전거,경상,차대차 - 기타,안전운전불이행,비,0,1
2016,인천광역시 연수구1,인천광역시 연수구 선학동(선학동입구B 부근),2016-12-20,18시경,중상사고,남,47세,승용차,상해없음,남,55세,자전거,중상,차대차 - 기타,안전운전불이행,맑음,0,1
2016,인천광역시 연수구1,인천광역시 연수구 선학동(선학동입구B 부근),2016-09-17,17시경,경상사고,남,53세,승용차,상해없음,남,59세,자전거,경상,차대차 - 기타,안전운전불이행,맑음,0,1
2016,인천광역시 연수구1,인천광역시 연수구 선학동(선학동입구B 부근),2016-10-05,14시경,중상사고,남,62세,승용차,상해없음,여,24세,자전거,중상,차대차 - 기타,안전운전불이행,맑음,0,1
2016,인천광역시 남동구1,인천광역시 남동구 논현동(등촌샤브칼국수 부근),2016-08-16,11시경,중상사고,남,56세,승용차,상해없음,남,69세,자전거,중상,차대차 - 측면직각충돌,신호위반,맑음,0,1
2016,인천광역시 남동구1,인천광역시 남동구 논현동(등촌샤브칼국수 부근),2016-11-01,22시경,중상사고,여,44세,승용차,상해없음,남,29세,자전거,중상,차대차 - 측면직각충돌,신호위반,맑음,0,1
2016,인천광역시 남동구1,인천광역시 남동구 논현동(등촌샤브칼국수 부근),2016-08-06,11시경,부상신고사고,기타불명,불명,자전거,기타불명,여,50세,보행자,부상신고,차대사람 - 보도통행중,안전운전불이행,맑음,0,1
2016,인천광역시 남동구1,인천광역시 남동구 논현동(등촌샤브칼국수 부근),2016-05-25,09시경,사망사고,남,69세,자전거,사망,여,49세,승용차,상해없음,차대차 - 측면직각충돌,신호위반,맑음,1,0
2016,인천광역시 부평구1,인천광역시 부평구 부평동(신촌다리B 부근),2016-08-18,12시경,경상사고,남,25세,승용차,상해없음,남,50세,자전거,경상,차대차 - 기타,중앙선침범,맑음,0,1
2016,인천광역시 부평구1,인천광역시 부평구 부평동(신촌다리B 부근),2016-07-20,16시경,중상사고,남,44세,승용차,상해없음,남,59세,자전거,중상,차대차 - 측면직각충돌,안전운전불이행,맑음,0,1
2016,인천광역시 부평구1,인천광역시 부평구 부평동(신촌다리B 부근),2016-07-09,11시경,사망사고,여,44세,승용차,상해없음,남,74세,자전거,사망,차대차 - 측면직각충돌,안전운전불이행,맑음,1,0
2016,인천광역시 부평구1,인천광역시 부평구 부평동(신촌다리B 부근),2016-12-29,06시경,사망사고,남,74세,자전거,사망,남,52세,승합차,상해없음,차대차 - 측면직각충돌,신호위반,흐림,1,0
2016,인천광역시 부평구2,인천광역시 부평구 부평동(굴다리오거리 부근),2016-02-22,09시경,경상사고,남,28세,승용차,상해없음,남,15세,자전거,경상,차대차 - 측면직각충돌,안전운전불이행,맑음,0,1
2016,인천광역시 부평구2,인천광역시 부평구 부평동(굴다리오거리 부근),2016-10-27,15시경,중상사고,여,60세,승용차,상해없음,남,52세,자전거,중상,차대차 - 기타,안전운전불이행,맑음,0,1
2016,인천광역시 부평구2,인천광역시 부평구 부평동(굴다리오거리 부근),2016-07-01,21시경,경상사고,남,19세,이륜차,상해없음,여,58세,자전거,경상,차대차 - 측면직각충돌,안전운전불이행,비,0,1
2016,인천광역시 부평구2,인천광역시 부평구 부평동(굴다리오거리 부근),2016-03-11,08시경,경상사고,여,69세,자전거,경상,남,33세,승용차,상해없음,차대차 - 측면직각충돌,안전운전불이행,맑음,0,1
2016,인천광역시 계양구1,인천광역시 계양구 작전동(까치말사거리 부근),2016-10-19,21시경,경상사고,남,41세,승용차,상해없음,여,37세,자전거,경상,차대차 - 기타,안전운전불이행,맑음,0,1
2016,인천광역시 계양구1,인천광역시 계양구 작전동(까치말사거리 부근),2016-12-12,06시경,경상사고,남,50세,승용차,상해없음,남,46세,자전거,경상,차대차 - 측면직각충돌,안전운전불이행,맑음,0,1
2016,인천광역시 계양구1,인천광역시 계양구 작전동(까치말사거리 부근),2016-05-21,05시경,중상사고,여,67세,승용차,상해없음,남,77세,자전거,중상,차대차 - 측면직각충돌,안전운전불이행,맑음,0,1
2016,인천광역시 계양구1,인천광역시 계양구 작전동(까치말사거리 부근),2016-03-09,16시경,경상사고,남,14세,자전거,경상,남,38세,승합차,상해없음,차대차 - 측면직각충돌,안전운전불이행,맑음,0,1
2016,인천광역시 계양구1,인천광역시 계양구 작전동(까치말사거리 부근),2016-08-04,11시경,중상사고,남,36세,화물차,기타불명,남,87세,자전거,중상,차대차 - 측면직각충돌,안전운전불이행,맑음,0,1
2016,인천광역시 계양구3,인천광역시 계양구 작전동(보람정형외과 부근),2016-03-08,00시경,경상사고,남,22세,승용차,상해없음,남,45세,자전거,경상,차대차 - 정면충돌,안전운전불이행,맑음,0,1
2016,인천광역시 계양구3,인천광역시 계양구 작전동(보람정형외과 부근),2016-05-31,20시경,중상사고,남,41세,승용차,상해없음,남,14세,자전거,중상,차대차 - 측면직각충돌,신호위반,맑음,0,1
2016,인천광역시 계양구3,인천광역시 계양구 작전동(보람정형외과 부근),2016-10-08,16시경,중상사고,남,61세,승용차,상해없음,남,9세,자전거,중상,차대차 - 측면직각충돌,안전운전불이행,맑음,0,1
2016,인천광역시 계양구3,인천광역시 계양구 작전동(보람정형외과 부근),2016-02-25,13시경,경상사고,여,40세,승용차,상해없음,남,17세,자전거,경상,차대차 - 측면직각충돌,안전운전불이행,맑음,0,1
2016,인천광역시 계양구4,인천광역시 계양구 작전동(화전사거리 부근),2016-01-03,11시경,경상사고,남,52세,승용차,상해없음,남,56세,자전거,경상,차대차 - 기타,기타,맑음,0,1
2016,인천광역시 계양구4,인천광역시 계양구 작전동(화전사거리 부근),2016-04-09,05시경,중상사고,남,70세,승용차,상해없음,남,65세,자전거,중상,차대차 - 측면직각충돌,안전운전불이행,맑음,0,1
2016,인천광역시 계양구4,인천광역시 계양구 작전동(화전사거리 부근),2016-05-31,17시경,경상사고,여,26세,승용차,상해없음,남,15세,자전거,경상,차대차 - 측면직각충돌,안전운전불이행,맑음,0,1
2016,인천광역시 계양구4,인천광역시 계양구 작전동(화전사거리 부근),2016-06-29,15시경,부상신고사고,남,55세,화물차,상해없음,여,19세,자전거,부상신고,차대차 - 측면직각충돌,안전운전불이행,맑음,0,1
2016,인천광역시 계양구2,인천광역시 계양구 귤현동(- 인근),2016-06-26,20시경,중상사고,남,56세,승용차,상해없음,남,48세,자전거,중상,차대차 - 측면직각충돌,안전운전불이행,맑음,0,1
2016,인천광역시 계양구2,인천광역시 계양구 귤현동(- 인근),2016-03-19,16시경,경상사고,남,11세,자전거,경상,남,30세,자전거,경상,차대차 - 측면직각충돌,안전운전불이행,맑음,0,2
2016,인천광역시 계양구2,인천광역시 계양구 귤현동(- 인근),2016-10-09,16시경,중상사고,남,45세,자전거,중상,여,56세,자전거,상해없음,차대차 - 추돌 - 진행중,안전운전불이행,맑음,0,1
2016,인천광역시 계양구2,인천광역시 계양구 귤현동(- 인근),2016-05-08,13시경,경상사고,남,58세,자전거,상해없음,여,62세,자전거,경상,차대차 - 측면직각충돌,안전운전불이행,맑음,0,2
2016,광주광역시 서구1,광주광역시 서구 양동(나주상회 부근),2016-05-13,11시경,경상사고,남,49세,승용차,기타불명,남,51세,자전거,경상,차대차 - 측면직각충돌,안전운전불이행,맑음,0,1
2016,광주광역시 서구1,광주광역시 서구 양동(나주상회 부근),2016-08-20,04시경,경상사고,남,59세,승용차,상해없음,남,55세,자전거,경상,차대차 - 측면직각충돌,안전운전불이행,기타,0,1
2016,광주광역시 서구1,광주광역시 서구 양동(나주상회 부근),2016-07-20,08시경,경상사고,남,16세,자전거,기타불명,여,28세,보행자,경상,차대사람 - 기타,안전운전불이행,맑음,0,1
2016,광주광역시 서구1,광주광역시 서구 양동(나주상회 부근),2016-03-19,15시경,경상사고,남,83세,자전거,기타불명,여,74세,보행자,경상,차대사람 - 기타,안전운전불이행,맑음,0,1
2016,광주광역시 북구2,광주광역시 북구 유동(성인용품 부근),2016-10-13,09시경,경상사고,기타불명,61세,불명,기타불명,남,62세,자전거,경상,차대차 - 측면직각충돌,안전운전불이행,맑음,0,1
2016,광주광역시 북구2,광주광역시 북구 유동(성인용품 부근),2016-05-01,16시경,경상사고,남,28세,승용차,상해없음,남,69세,자전거,경상,차대차 - 기타,교차로운행방법위반,맑음,0,1
2016,광주광역시 북구2,광주광역시 북구 유동(성인용품 부근),2016-06-06,05시경,중상사고,남,63세,자전거,중상,남,36세,승용차,상해없음,차대차 - 측면직각충돌,불법유턴,비,0,1
2016,광주광역시 북구2,광주광역시 북구 유동(성인용품 부근),2016-04-02,07시경,중상사고,남,76세,자전거,중상,남,34세,승용차,상해없음,차대차 - 측면직각충돌,안전운전불이행,맑음,0,1
2016,광주광역시 북구1,광주광역시 북구 우산동(말바우사거리 부근),2016-10-14,18시경,중상사고,남,50세,승용차,상해없음,남,62세,자전거,중상,차대차 - 측면직각충돌,안전운전불이행,맑음,0,1
2016,광주광역시 북구1,광주광역시 북구 우산동(말바우사거리 부근),2016-09-21,19시경,경상사고,남,31세,자전거,경상,남,66세,승합차,상해없음,차대차 - 기타,안전운전불이행,맑음,0,1
2016,광주광역시 북구1,광주광역시 북구 우산동(말바우사거리 부근),2016-05-13,16시경,경상사고,남,62세,자전거,경상,남,65세,승용차,상해없음,차대차 - 기타,안전운전불이행,맑음,0,1
2016,광주광역시 북구1,광주광역시 북구 우산동(말바우사거리 부근),2016-03-10,15시경,경상사고,남,71세,자전거,경상,남,42세,승용차,상해없음,차대차 - 측면직각충돌,중앙선침범,맑음,0,1
2016,광주광역시 북구1,광주광역시 북구 우산동(말바우사거리 부근),2016-10-30,09시경,중상사고,여,74세,자전거,경상,남,50세,이륜차,중상,차대차 - 측면직각충돌,안전운전불이행,맑음,0,2
2016,광주광역시 북구1,광주광역시 북구 우산동(말바우사거리 부근),2016-08-27,10시경,경상사고,남,55세,화물차,상해없음,남,72세,자전거,경상,차대차 - 기타,안전운전불이행,맑음,0,1
2016,광주광역시 광산구1,광주광역시 광산구 수완동( ),2016-02-23,17시경,경상사고,여,39세,승용차,상해없음,남,13세,자전거,경상,차대차 - 정면충돌,안전운전불이행,맑음,0,1
2016,광주광역시 광산구1,광주광역시 광산구 수완동( ),2016-08-23,19시경,경상사고,여,39세,승용차,상해없음,남,44세,자전거,경상,차대차 - 측면직각충돌,신호위반,비,0,1
2016,광주광역시 광산구1,광주광역시 광산구 수완동( ),2016-09-05,14시경,경상사고,여,52세,승용차,상해없음,남,47세,자전거,경상,차대차 - 측면직각충돌,안전운전불이행,맑음,0,1
2016,광주광역시 광산구1,광주광역시 광산구 수완동( ),2016-07-13,11시경,경상사고,여,53세,승용차,상해없음,남,21세,자전거,경상,차대차 - 정면충돌,안전운전불이행,맑음,0,1
2016,광주광역시 광산구1,광주광역시 광산구 수완동( ),2016-04-14,16시경,경상사고,여,56세,승합차,상해없음,여,62세,자전거,경상,차대차 - 기타,안전운전불이행,맑음,0,1
2016,광주광역시 광산구1,광주광역시 광산구 수완동( ),2016-07-29,19시경,경상사고,남,28세,자전거,경상,여,22세,보행자,상해없음,차대사람 - 기타,안전운전불이행,맑음,0,1
2016,광주광역시 광산구2,광주광역시 광산구 월계동(일신아파트 부근),2016-12-30,06시경,중상사고,남,41세,승용차,상해없음,남,78세,자전거,중상,차대차 - 기타,안전운전불이행,맑음,0,1
2016,광주광역시 광산구2,광주광역시 광산구 월계동(일신아파트 부근),2016-02-21,12시경,경상사고,남,50세,승용차,기타불명,남,13세,자전거,경상,차대차 - 기타,안전운전불이행,맑음,0,1
2016,광주광역시 광산구2,광주광역시 광산구 월계동(일신아파트 부근),2016-04-14,22시경,경상사고,남,64세,승용차,상해없음,남,14세,자전거,경상,차대차 - 추돌 - 진행중,안전거리미확보,맑음,0,1
2016,광주광역시 광산구2,광주광역시 광산구 월계동(일신아파트 부근),2016-04-19,15시경,경상사고,남,14세,자전거,상해없음,남,12세,보행자,경상,차대사람 - 횡단중,안전운전불이행,맑음,0,1
2016,대전광역시 동구1,대전광역시 동구 가양동(대전현대칼라 부근),2016-05-29,16시경,경상사고,남,30세,승용차,상해없음,남,13세,자전거,경상,차대차 - 측면직각충돌,안전운전불이행,맑음,0,1