사고년도,다발시군구,지점명,사고일시,사고시간대,사고등급,가해자성별,가해자연령,가해차종,가해자신체상해정도,피해자성별,피해자연령,피해차종,피해자신체상해정도,사고유형,가해자법규위반,기상상태,사망자수,부상자수
2016,경기도 안양시 만안구1,경기도 안양시 만안구 박달동(박달사거리 부근),2016-01-05,18시경,부상신고사고,여,60세,자전거,부상신고,남,40세,승용차,상해없음,차대차 - 정면충돌,중앙선침범,맑음,0,1
2016,경기도 안양시 동안구4,경기도 안양시 동안구 비산동(동안구청 부근),2016-09-04,15시경,경상사고,기타불명,불명,불명,기타불명,남,17세,자전거,경상,차대차 - 측면직각충돌,안전운전불이행,맑음,0,1
2016,경기도 안양시 동안구4,경기도 안양시 동안구 비산동(동안구청 부근),2016-06-03,08시경,중상사고,남,32세,승용차,상해없음,여,65세,자전거,중상,차대차 - 추돌 - 진행중,안전운전불이행,맑음,0,1
2016,경기도 안양시 동안구4,경기도 안양시 동안구 비산동(동안구청 부근),2016-06-14,15시경,중상사고,남,57세,승용차,상해없음,남,9세,자전거,중상,차대차 - 측면직각충돌,안전운전불이행,맑음,0,1
2016,경기도 안양시 동안구4,경기도 안양시 동안구 비산동(동안구청 부근),2016-06-07,15시경,부상신고사고,남,71세,승용차,상해없음,남,9세,자전거,부상신고,차대차 - 측면직각충돌,신호위반,맑음,0,1
2016,경기도 안양시 동안구4,경기도 안양시 동안구 비산동(동안구청 부근),2016-08-28,15시경,중상사고,남,55세,승합차,상해없음,남,12세,자전거,중상,차대차 - 기타,신호위반,맑음,0,1
2016,경기도 안양시 동안구6,경기도 안양시 동안구 비산동(안양중앙초등학교 부근),2016-04-22,17시경,경상사고,남,20세,자전거,상해없음,남,73세,자전거,경상,차대차 - 측면직각충돌,안전운전불이행,맑음,0,1
2016,경기도 안양시 동안구6,경기도 안양시 동안구 비산동(안양중앙초등학교 부근),2016-05-30,09시경,중상사고,남,22세,자전거,상해없음,남,61세,자전거,중상,차대차 - 정면충돌,안전운전불이행,맑음,0,1
2016,경기도 안양시 동안구6,경기도 안양시 동안구 비산동(안양중앙초등학교 부근),2016-05-07,13시경,경상사고,남,23세,자전거,경상,남,69세,자전거,경상,차대차 - 추돌 - 진행중,안전운전불이행,맑음,0,2
2016,경기도 안양시 동안구6,경기도 안양시 동안구 비산동(안양중앙초등학교 부근),2016-06-11,17시경,부상신고사고,남,25세,자전거,기타불명,남,70세,보행자,부상신고,차대사람 - 차도통행중,안전운전불이행,맑음,0,1
2016,경기도 안양시 동안구1,경기도 안양시 동안구 관양동(동안정 부근),2016-02-11,15시경,중상사고,남,25세,승용차,상해없음,여,54세,자전거,중상,차대차 - 측면직각충돌,안전운전불이행,맑음,0,1
2016,경기도 안양시 동안구1,경기도 안양시 동안구 관양동(동안정 부근),2016-01-10,02시경,중상사고,남,40세,승용차,상해없음,남,63세,자전거,중상,차대차 - 측면직각충돌,신호위반,맑음,0,1
2016,경기도 안양시 동안구1,경기도 안양시 동안구 관양동(동안정 부근),2016-08-06,16시경,경상사고,남,38세,원동기장치자전거,기타불명,여,76세,자전거,경상,차대차 - 측면직각충돌,안전운전불이행,맑음,0,1
2016,경기도 안양시 동안구1,경기도 안양시 동안구 관양동(동안정 부근),2016-04-08,23시경,중상사고,남,16세,자전거,상해없음,여,65세,보행자,중상,차대사람 - 차도통행중,안전운전불이행,맑음,0,1
2016,경기도 안양시 동안구1,경기도 안양시 동안구 관양동(동안정 부근),2016-01-31,20시경,경상사고,남,17세,자전거,상해없음,남,14세,자전거,경상,차대차 - 측면직각충돌,안전운전불이행,맑음,0,1
2016,경기도 안양시 동안구1,경기도 안양시 동안구 관양동(동안정 부근),2016-03-21,15시경,중상사고,남,22세,자전거,중상,남,54세,자전거,상해없음,차대차 - 측면직각충돌,안전운전불이행,맑음,0,1
2016,경기도 안양시 동안구1,경기도 안양시 동안구 관양동(동안정 부근),2016-03-01,15시경,중상사고,남,67세,자전거,중상,여,44세,보행자,상해없음,차대사람 - 기타,안전운전불이행,맑음,0,1
2016,경기도 안양시 동안구1,경기도 안양시 동안구 관양동(동안정 부근),2016-03-04,17시경,중상사고,여,11세,자전거,중상,남,47세,승용차,상해없음,차대차 - 측면직각충돌,불법유턴,맑음,0,1
2016,경기도 안양시 동안구5,경기도 안양시 동안구 관양동(상가 부근),2016-07-14,07시경,경상사고,기타불명,40세,불명,기타불명,남,21세,자전거,경상,차대차 - 추돌 - 진행중,안전운전불이행,맑음,0,1
2016,경기도 안양시 동안구5,경기도 안양시 동안구 관양동(상가 부근),2016-12-04,13시경,경상사고,기타불명,불명,승용차,기타불명,남,14세,자전거,경상,차대차 - 기타,안전운전불이행,맑음,0,1
2016,경기도 안양시 동안구5,경기도 안양시 동안구 관양동(상가 부근),2016-01-02,15시경,경상사고,남,56세,승용차,상해없음,남,17세,자전거,경상,차대차 - 측면직각충돌,신호위반,맑음,0,1
2016,경기도 안양시 동안구5,경기도 안양시 동안구 관양동(상가 부근),2016-03-07,18시경,중상사고,남,13세,자전거,기타불명,남,16세,보행자,중상,차대사람 - 횡단중,안전운전불이행,맑음,0,1
2016,경기도 안양시 동안구5,경기도 안양시 동안구 관양동(상가 부근),2016-07-30,05시경,중상사고,여,78세,자전거,중상,남,45세,승합차,상해없음,차대차 - 측면직각충돌,안전거리미확보,맑음,0,1
2016,경기도 안양시 동안구7,경기도 안양시 동안구 관양동(인덕원교 부근),2016-08-04,20시경,경상사고,남,55세,승용차,상해없음,남,55세,자전거,경상,차대차 - 측면직각충돌,안전운전불이행,맑음,0,1
2016,경기도 안양시 동안구7,경기도 안양시 동안구 관양동(인덕원교 부근),2016-05-30,17시경,경상사고,여,35세,승용차,상해없음,남,16세,자전거,경상,차대차 - 측면직각충돌,안전운전불이행,맑음,0,1
2016,경기도 안양시 동안구7,경기도 안양시 동안구 관양동(인덕원교 부근),2016-06-26,19시경,경상사고,남,42세,자전거,기타불명,여,51세,보행자,경상,차대사람 - 기타,안전운전불이행,기타,0,1
2016,경기도 안양시 동안구7,경기도 안양시 동안구 관양동(인덕원교 부근),2016-06-26,05시경,경상사고,남,58세,자전거,기타불명,남,43세,보행자,경상,차대사람 - 횡단중,안전운전불이행,흐림,0,1
2016,경기도 안양시 동안구2,경기도 안양시 동안구 호계동(방죽사거리 부근),2016-08-25,19시경,경상사고,기타불명,불명,불명,기타불명,남,15세,자전거,경상,차대차 - 기타,안전운전불이행,기타,0,1
2016,경기도 안양시 동안구2,경기도 안양시 동안구 호계동(방죽사거리 부근),2016-10-21,19시경,경상사고,기타불명,불명,불명,기타불명,남,25세,자전거,경상,차대차 - 측면직각충돌,안전운전불이행,맑음,0,1
2016,경기도 안양시 동안구2,경기도 안양시 동안구 호계동(방죽사거리 부근),2016-06-13,09시경,경상사고,남,35세,승용차,상해없음,여,25세,자전거,경상,차대차 - 측면직각충돌,안전운전불이행,맑음,0,1
2016,경기도 안양시 동안구2,경기도 안양시 동안구 호계동(방죽사거리 부근),2016-08-08,16시경,중상사고,여,51세,승용차,상해없음,남,70세,자전거,중상,차대차 - 추돌 - 진행중,신호위반,맑음,0,1
2016,경기도 안양시 동안구2,경기도 안양시 동안구 호계동(방죽사거리 부근),2016-08-24,12시경,경상사고,여,62세,승용차,기타불명,여,36세,자전거,경상,차대차 - 측면직각충돌,교차로운행방법위반,맑음,0,1
2016,경기도 안양시 동안구2,경기도 안양시 동안구 호계동(방죽사거리 부근),2016-05-02,22시경,경상사고,남,65세,승합차,상해없음,남,62세,자전거,경상,차대차 - 추돌 - 진행중,신호위반,비,0,1
2016,경기도 안양시 동안구2,경기도 안양시 동안구 호계동(방죽사거리 부근),2016-07-23,10시경,경상사고,남,17세,자전거,상해없음,여,9세,보행자,경상,차대사람 - 기타,안전운전불이행,맑음,0,1
2016,경기도 안양시 동안구3,경기도 안양시 동안구 호계동(명학대교사거리/명학대교 부근),2016-09-19,11시경,중상사고,남,48세,건설기계,상해없음,남,93세,자전거,중상,차대차 - 측면직각충돌,안전운전불이행,맑음,0,1
2016,경기도 안양시 동안구3,경기도 안양시 동안구 호계동(명학대교사거리/명학대교 부근),2016-08-24,05시경,부상신고사고,남,16세,자전거,부상신고,남,64세,승용차,상해없음,차대차 - 측면직각충돌,안전운전불이행,맑음,0,1
2016,경기도 안양시 동안구3,경기도 안양시 동안구 호계동(명학대교사거리/명학대교 부근),2016-05-08,22시경,중상사고,남,37세,자전거,상해없음,여,64세,보행자,중상,차대사람 - 기타,안전운전불이행,흐림,0,1
2016,경기도 안양시 동안구3,경기도 안양시 동안구 호계동(명학대교사거리/명학대교 부근),2016-08-10,19시경,중상사고,남,64세,자전거,상해없음,여,67세,자전거,중상,차대차 - 추돌 - 진행중,안전운전불이행,맑음,0,2
2016,경기도 안양시 동안구3,경기도 안양시 동안구 호계동(명학대교사거리/명학대교 부근),2016-03-15,11시경,경상사고,여,60세,자전거,경상,남,76세,자전거,상해없음,차대차 - 추돌 - 진행중,안전운전불이행,맑음,0,1
2016,경기도 부천시10,경기도 부천시 원미동(조마루4거리 부근),2016-01-08,06시경,경상사고,남,58세,승용차,상해없음,남,57세,자전거,경상,차대차 - 측면직각충돌,신호위반,맑음,0,1
2016,경기도 부천시10,경기도 부천시 원미동(조마루4거리 부근),2016-08-07,18시경,경상사고,남,68세,이륜차,상해없음,남,17세,자전거,경상,차대차 - 추돌 - 진행중,안전거리미확보,맑음,0,1
2016,경기도 부천시10,경기도 부천시 원미동(조마루4거리 부근),2016-03-01,09시경,중상사고,남,69세,자전거,중상,남,64세,승용차,상해없음,차대차 - 측면직각충돌,안전운전불이행,맑음,0,1
2016,경기도 부천시10,경기도 부천시 원미동(조마루4거리 부근),2016-06-28,09시경,부상신고사고,여,43세,자전거,부상신고,여,41세,승용차,상해없음,차대차 - 측면직각충돌,교차로운행방법위반,맑음,0,1
2016,경기도 부천시10,경기도 부천시 원미동(조마루4거리 부근),2016-04-01,16시경,부상신고사고,여,81세,자전거,부상신고,여,56세,승용차,상해없음,차대차 - 측면직각충돌,직진우회전진행방해,맑음,0,1
2016,경기도 부천시3,경기도 부천시 심곡동(전화국사거리 인근),2016-06-11,13시경,중상사고,남,51세,승용차,상해없음,여,61세,자전거,중상,차대차 - 측면직각충돌,교차로운행방법위반,맑음,0,1
2016,경기도 부천시3,경기도 부천시 심곡동(전화국사거리 인근),2016-03-22,10시경,중상사고,남,59세,승용차,상해없음,여,58세,자전거,중상,차대차 - 측면직각충돌,교차로운행방법위반,맑음,0,1
2016,경기도 부천시3,경기도 부천시 심곡동(전화국사거리 인근),2016-07-03,13시경,중상사고,남,32세,이륜차,상해없음,여,6세,자전거,중상,차대차 - 측면직각충돌,교차로운행방법위반,맑음,0,1
2016,경기도 부천시3,경기도 부천시 심곡동(전화국사거리 인근),2016-05-16,18시경,경상사고,남,13세,자전거,상해없음,남,61세,승합차,상해없음,차대차 - 기타,안전운전불이행,맑음,0,1
2016,경기도 부천시3,경기도 부천시 심곡동(전화국사거리 인근),2016-09-24,12시경,경상사고,여,53세,자전거,경상,남,39세,승용차,상해없음,차대차 - 측면직각충돌,안전운전불이행,맑음,0,1
2016,경기도 부천시3,경기도 부천시 심곡동(전화국사거리 인근),2016-01-29,14시경,중상사고,남,53세,화물차,상해없음,남,79세,자전거,중상,차대차 - 기타,안전운전불이행,맑음,0,1
2016,경기도 부천시7,경기도 부천시 심곡동(부천대학사거리 부근),2016-05-13,09시경,경상사고,남,38세,승용차,상해없음,남,53세,자전거,경상,차대차 - 측면직각충돌,안전운전불이행,맑음,0,1
2016,경기도 부천시7,경기도 부천시 심곡동(부천대학사거리 부근),2016-05-26,20시경,중상사고,남,66세,승용차,상해없음,남,67세,자전거,중상,차대차 - 추돌 - 진행중,안전운전불이행,맑음,0,1
2016,경기도 부천시7,경기도 부천시 심곡동(부천대학사거리 부근),2016-09-17,00시경,경상사고,남,70세,승용차,상해없음,여,23세,자전거,경상,차대차 - 측면직각충돌,신호위반,맑음,0,1
2016,경기도 부천시7,경기도 부천시 심곡동(부천대학사거리 부근),2016-08-12,22시경,중상사고,남,51세,자전거,중상,남,54세,승용차,상해없음,차대차 - 추돌 - 진행중,중앙선침범,맑음,0,1
2016,경기도 부천시7,경기도 부천시 심곡동(부천대학사거리 부근),2016-09-30,09시경,사망사고,남,58세,자전거,사망,남,54세,승합차,상해없음,차대차 - 측면직각충돌,중앙선침범,맑음,1,0
2016,경기도 부천시8,경기도 부천시 심곡동(장말3거리 부근),2016-02-26,18시경,중상사고,남,36세,승용차,상해없음,남,45세,자전거,중상,차대차 - 기타,안전운전불이행,맑음,0,1
2016,경기도 부천시8,경기도 부천시 심곡동(장말3거리 부근),2016-07-19,04시경,중상사고,남,63세,승용차,상해없음,남,62세,자전거,중상,차대차 - 측면직각충돌,직진우회전진행방해,맑음,0,1
2016,경기도 부천시8,경기도 부천시 심곡동(장말3거리 부근),2016-08-13,20시경,중상사고,남,18세,이륜차,상해없음,남,41세,자전거,중상,차대차 - 추돌 - 진행중,안전운전불이행,맑음,0,1
2016,경기도 부천시8,경기도 부천시 심곡동(장말3거리 부근),2016-06-14,20시경,경상사고,남,14세,자전거,경상,남,26세,승용차,상해없음,차대차 - 측면직각충돌,안전운전불이행,맑음,0,1
2016,경기도 부천시8,경기도 부천시 심곡동(장말3거리 부근),2016-08-07,22시경,경상사고,여,55세,자전거,경상,남,69세,승용차,상해없음,차대차 - 측면직각충돌,안전운전불이행,맑음,0,1
2016,경기도 부천시1,경기도 부천시 춘의동(춘의사거리 부근),2016-07-09,00시경,경상사고,남,31세,승용차,상해없음,남,36세,자전거,경상,차대차 - 측면직각충돌,안전운전불이행,맑음,0,1
2016,경기도 부천시1,경기도 부천시 춘의동(춘의사거리 부근),2016-10-14,13시경,중상사고,남,36세,승용차,상해없음,남,52세,자전거,중상,차대차 - 측면직각충돌,신호위반,맑음,0,1
2016,경기도 부천시1,경기도 부천시 춘의동(춘의사거리 부근),2016-04-18,05시경,중상사고,여,43세,승용차,기타불명,남,76세,자전거,중상,차대차 - 기타,안전운전불이행,맑음,0,1
2016,경기도 부천시1,경기도 부천시 춘의동(춘의사거리 부근),2016-08-24,14시경,중상사고,남,49세,승합차,상해없음,여,71세,자전거,중상,차대차 - 추돌 - 진행중,안전운전불이행,맑음,0,1
2016,경기도 부천시1,경기도 부천시 춘의동(춘의사거리 부근),2016-11-09,09시경,경상사고,남,25세,이륜차,상해없음,여,31세,자전거,경상,차대차 - 측면직각충돌,안전운전불이행,맑음,0,1
2016,경기도 부천시1,경기도 부천시 춘의동(춘의사거리 부근),2016-09-13,09시경,경상사고,남,51세,이륜차,상해없음,여,50세,자전거,경상,차대차 - 측면직각충돌,교차로운행방법위반,맑음,0,1
2016,경기도 부천시1,경기도 부천시 춘의동(춘의사거리 부근),2016-10-03,14시경,경상사고,남,50세,자전거,경상,남,47세,승용차,상해없음,차대차 - 측면직각충돌,안전운전불이행,맑음,0,1
2016,경기도 부천시1,경기도 부천시 춘의동(춘의사거리 부근),2016-04-09,18시경,경상사고,남,73세,자전거,경상,여,55세,승용차,상해없음,차대차 - 측면직각충돌,안전운전불이행,맑음,0,1
2016,경기도 부천시1,경기도 부천시 춘의동(춘의사거리 부근),2016-09-23,07시경,경상사고,여,56세,자전거,경상,여,34세,승용차,상해없음,차대차 - 측면직각충돌,안전운전불이행,맑음,0,1
2016,경기도 부천시1,경기도 부천시 춘의동(춘의사거리 부근),2016-06-23,09시경,중상사고,남,50세,화물차,상해없음,남,27세,자전거,중상,차대차 - 측면직각충돌,신호위반,맑음,0,1
2016,경기도 부천시13,경기도 부천시 도당동(없음 인근),2016-02-02,08시경,경상사고,남,54세,승용차,상해없음,남,40세,자전거,경상,차대차 - 측면직각충돌,안전운전불이행,맑음,0,1
2016,경기도 부천시13,경기도 부천시 도당동(없음 인근),2016-07-22,11시경,경상사고,남,54세,자전거,상해없음,여,24세,보행자,경상,차대사람 - 기타,안전운전불이행,맑음,0,1
2016,경기도 부천시13,경기도 부천시 도당동(없음 인근),2016-04-28,13시경,경상사고,남,67세,자전거,경상,남,53세,승용차,상해없음,차대차 - 측면직각충돌,안전운전불이행,맑음,0,1
2016,경기도 부천시13,경기도 부천시 도당동(없음 인근),2016-04-28,08시경,경상사고,여,67세,자전거,경상,남,15세,자전거,상해없음,차대차 - 정면충돌,안전운전불이행,맑음,0,1
2016,경기도 부천시2,경기도 부천시 중동(먹거리삼거리 부근),2016-08-12,17시경,경상사고,남,52세,승용차,상해없음,남,61세,자전거,경상,차대차 - 측면직각충돌,기타,맑음,0,1
2016,경기도 부천시2,경기도 부천시 중동(먹거리삼거리 부근),2016-05-20,21시경,경상사고,남,18세,자전거,상해없음,여,58세,보행자,경상,차대사람 - 횡단중,중앙선침범,맑음,0,1
2016,경기도 부천시2,경기도 부천시 중동(먹거리삼거리 부근),2016-08-11,12시경,경상사고,남,74세,자전거,경상,남,56세,승합차,상해없음,차대차 - 기타,안전운전불이행,맑음,0,1
2016,경기도 부천시2,경기도 부천시 중동(먹거리삼거리 부근),2016-04-23,13시경,경상사고,여,29세,자전거,경상,남,37세,승용차,기타불명,차대차 - 측면직각충돌,안전운전불이행,맑음,0,1
2016,경기도 부천시2,경기도 부천시 중동(먹거리삼거리 부근),2016-01-09,10시경,중상사고,여,45세,자전거,중상,남,50세,승용차,상해없음,차대차 - 측면직각충돌,안전운전불이행,맑음,0,1
2016,경기도 부천시2,경기도 부천시 중동(먹거리삼거리 부근),2016-01-12,20시경,경상사고,여,50세,자전거,경상,남,54세,원동기장치자전거,상해없음,차대차 - 정면충돌,안전운전불이행,맑음,0,1
2016,경기도 부천시2,경기도 부천시 중동(먹거리삼거리 부근),2016-06-02,07시경,경상사고,여,62세,자전거,경상,남,53세,승용차,상해없음,차대차 - 측면직각충돌,안전운전불이행,맑음,0,1
2016,경기도 부천시2,경기도 부천시 중동(먹거리삼거리 부근),2016-05-12,09시경,경상사고,남,67세,화물차,상해없음,여,54세,자전거,경상,차대차 - 측면직각충돌,신호위반,맑음,0,1
2016,경기도 부천시6,경기도 부천시 중동(가리뫼4거리 부근),2016-06-21,21시경,경상사고,남,32세,승용차,상해없음,여,55세,자전거,경상,차대차 - 추돌 - 진행중,교차로운행방법위반,맑음,0,1
2016,경기도 부천시6,경기도 부천시 중동(가리뫼4거리 부근),2016-07-30,01시경,중상사고,남,47세,승용차,상해없음,남,32세,자전거,중상,차대차 - 측면직각충돌,직진우회전진행방해,맑음,0,1
2016,경기도 부천시6,경기도 부천시 중동(가리뫼4거리 부근),2016-06-30,18시경,부상신고사고,남,10세,자전거,부상신고,남,54세,승용차,상해없음,차대차 - 측면직각충돌,안전운전불이행,맑음,0,1
2016,경기도 부천시6,경기도 부천시 중동(가리뫼4거리 부근),2016-05-20,19시경,부상신고사고,남,54세,자전거,부상신고,남,37세,승용차,상해없음,차대차 - 측면직각충돌,안전운전불이행,맑음,0,1
2016,경기도 부천시6,경기도 부천시 중동(가리뫼4거리 부근),2016-01-30,17시경,부상신고사고,남,55세,자전거,부상신고,남,52세,승용차,상해없음,차대차 - 측면직각충돌,안전운전불이행,맑음,0,1
2016,경기도 부천시6,경기도 부천시 중동(가리뫼4거리 부근),2016-02-19,03시경,부상신고사고,남,75세,자전거,부상신고,남,55세,승용차,상해없음,차대차 - 측면직각충돌,안전운전불이행,맑음,0,1
2016,경기도 부천시4,경기도 부천시 상동(중앙사거리 부근),2016-05-01,16시경,중상사고,남,44세,승용차,기타불명,남,47세,자전거,중상,차대차 - 기타,안전운전불이행,맑음,0,1
2016,경기도 부천시4,경기도 부천시 상동(중앙사거리 부근),2016-04-01,05시경,중상사고,남,56세,승용차,상해없음,남,55세,자전거,중상,차대차 - 측면직각충돌,교차로운행방법위반,맑음,0,1
2016,경기도 부천시4,경기도 부천시 상동(중앙사거리 부근),2016-07-26,18시경,경상사고,남,61세,승용차,상해없음,남,17세,자전거,경상,차대차 - 기타,안전운전불이행,맑음,0,1
2016,경기도 부천시4,경기도 부천시 상동(중앙사거리 부근),2016-07-18,14시경,경상사고,남,12세,자전거,경상,남,49세,승용차,상해없음,차대차 - 측면직각충돌,안전운전불이행,맑음,0,1
2016,경기도 부천시4,경기도 부천시 상동(중앙사거리 부근),2016-12-12,13시경,경상사고,남,19세,자전거,경상,남,30세,승용차,상해없음,차대차 - 측면직각충돌,안전운전불이행,맑음,0,1
2016,경기도 부천시4,경기도 부천시 상동(중앙사거리 부근),2016-10-31,18시경,경상사고,남,73세,자전거,경상,남,59세,승용차,상해없음,차대차 - 추돌 - 진행중,불법유턴,맑음,0,1
2016,경기도 부천시5,경기도 부천시 상동(상일사거리 부근),2016-08-08,08시경,중상사고,남,52세,승용차,상해없음,남,24세,자전거,중상,차대차 - 측면직각충돌,안전운전불이행,맑음,0,1
2016,경기도 부천시5,경기도 부천시 상동(상일사거리 부근),2016-10-20,08시경,경상사고,여,53세,승용차,상해없음,남,66세,자전거,경상,차대차 - 측면직각충돌,교차로운행방법위반,맑음,0,1
2016,경기도 부천시5,경기도 부천시 상동(상일사거리 부근),2016-10-18,08시경,경상사고,남,16세,자전거,상해없음,여,6세,보행자,경상,차대사람 - 기타,미분류,맑음,0,1
2016,경기도 부천시5,경기도 부천시 상동(상일사거리 부근),2016-10-08,16시경,경상사고,남,8세,자전거,경상,남,60세,승용차,상해없음,차대차 - 측면직각충돌,안전운전불이행,맑음,0,1
2016,경기도 부천시5,경기도 부천시 상동(상일사거리 부근),2016-04-08,15시경,경상사고,여,49세,자전거,경상,없음,불명,없음,없음,차량단독 - 기타,안전운전불이행,맑음,0,1
2016,경기도 부천시5,경기도 부천시 상동(상일사거리 부근),2016-12-24,14시경,경상사고,남,48세,화물차,상해없음,남,49세,자전거,경상,차대차 - 추돌 - 진행중,안전운전불이행,맑음,0,1
2016,경기도 부천시11,경기도 부천시 상동(없음 인근),2016-03-24,15시경,경상사고,남,52세,승용차,상해없음,여,54세,자전거,경상,차대차 - 측면직각충돌,안전운전불이행,맑음,0,1
2016,경기도 부천시11,경기도 부천시 상동(없음 인근),2016-08-23,17시경,경상사고,남,12세,자전거,경상,여,41세,승용차,상해없음,차대차 - 기타,불법유턴,맑음,0,1
2016,경기도 부천시11,경기도 부천시 상동(없음 인근),2016-01-06,18시경,부상신고사고,남,17세,자전거,부상신고,여,48세,승용차,상해없음,차대차 - 측면직각충돌,안전운전불이행,맑음,0,1
2016,경기도 부천시11,경기도 부천시 상동(없음 인근),2016-05-23,18시경,경상사고,남,18세,자전거,상해없음,여,25세,보행자,경상,차대사람 - 보도통행중,기타,맑음,0,1
2016,경기도 부천시11,경기도 부천시 상동(없음 인근),2016-02-16,10시경,경상사고,여,67세,자전거,경상,남,51세,화물차,상해없음,차대차 - 기타,안전운전불이행,눈,0,1
2016,경기도 부천시9,경기도 부천시 심곡본동(심곡고가차도 부근),2016-05-23,21시경,경상사고,남,50세,승합차,상해없음,남,17세,자전거,경상,차대차 - 측면직각충돌,안전운전불이행,맑음,0,1
2016,경기도 부천시9,경기도 부천시 심곡본동(심곡고가차도 부근),2016-09-26,22시경,중상사고,남,20세,원동기장치자전거,상해없음,남,14세,자전거,중상,차대차 - 측면직각충돌,신호위반,맑음,0,1
2016,경기도 부천시9,경기도 부천시 심곡본동(심곡고가차도 부근),2016-05-28,17시경,경상사고,남,25세,이륜차,상해없음,남,26세,자전거,경상,차대차 - 정면충돌,안전운전불이행,맑음,0,1
2016,경기도 부천시9,경기도 부천시 심곡본동(심곡고가차도 부근),2016-10-21,17시경,경상사고,남,14세,자전거,경상,남,34세,승합차,상해없음,차대차 - 추돌 - 진행중,안전운전불이행,맑음,0,1
2016,경기도 부천시9,경기도 부천시 심곡본동(심곡고가차도 부근),2016-03-08,19시경,경상사고,남,55세,화물차,상해없음,남,31세,자전거,경상,차대차 - 추돌 - 진행중,교차로운행방법위반,맑음,0,1
2016,경기도 부천시12,경기도 부천시 괴안동(역곡남부역사거리 부근),2016-02-16,12시경,경상사고,남,59세,승합차,상해없음,남,66세,자전거,경상,차대차 - 추돌 - 진행중,안전운전불이행,눈,0,1
2016,경기도 부천시12,경기도 부천시 괴안동(역곡남부역사거리 부근),2016-08-26,14시경,경상사고,남,85세,이륜차,상해없음,남,74세,자전거,경상,차대차 - 측면직각충돌,신호위반,맑음,0,1
2016,경기도 부천시12,경기도 부천시 괴안동(역곡남부역사거리 부근),2016-11-04,08시경,경상사고,남,32세,자전거,경상,남,40세,승용차,상해없음,차대차 - 기타,안전운전불이행,맑음,0,1
2016,경기도 부천시12,경기도 부천시 괴안동(역곡남부역사거리 부근),2016-03-28,10시경,중상사고,남,47세,화물차,상해없음,남,61세,자전거,중상,차대차 - 측면직각충돌,안전거리미확보,맑음,0,1
2016,경기도 부천시 원미구3,경기도 부천시 원미구 심곡동(경일카센타 부근),2016-06-03,18시경,경상사고,남,29세,승용차,상해없음,남,59세,자전거,경상,차대차 - 기타,안전운전불이행,맑음,0,1
2016,경기도 부천시 원미구3,경기도 부천시 원미구 심곡동(경일카센타 부근),2016-09-03,20시경,경상사고,남,53세,승용차,상해없음,남,53세,자전거,경상,차대차 - 측면직각충돌,교차로운행방법위반,맑음,0,1
2016,경기도 부천시 원미구3,경기도 부천시 원미구 심곡동(경일카센타 부근),2016-03-17,21시경,경상사고,남,20세,원동기장치자전거,상해없음,남,15세,자전거,경상,차대차 - 측면직각충돌,중앙선침범,맑음,0,1
2016,경기도 부천시 원미구3,경기도 부천시 원미구 심곡동(경일카센타 부근),2016-11-12,15시경,경상사고,남,24세,자전거,경상,남,56세,원동기장치자전거,상해없음,차대차 - 측면직각충돌,교차로운행방법위반,맑음,0,1
2016,경기도 부천시 원미구3,경기도 부천시 원미구 심곡동(경일카센타 부근),2016-12-08,11시경,부상신고사고,남,69세,자전거,부상신고,여,37세,승용차,상해없음,차대차 - 측면직각충돌,직진우회전진행방해,맑음,0,1
2016,경기도 부천시 원미구3,경기도 부천시 원미구 심곡동(경일카센타 부근),2016-12-10,08시경,경상사고,남,83세,자전거,경상,남,39세,이륜차,상해없음,차대차 - 측면직각충돌,안전운전불이행,맑음,0,1
2016,경기도 부천시 원미구3,경기도 부천시 원미구 심곡동(경일카센타 부근),2016-06-15,09시경,부상신고사고,여,35세,자전거,상해없음,여,48세,승용차,부상신고,차대차 - 측면직각충돌,안전운전불이행,맑음,0,1
2016,경기도 부천시 원미구3,경기도 부천시 원미구 심곡동(경일카센타 부근),2016-06-28,21시경,경상사고,여,59세,자전거,경상,남,35세,이륜차,상해없음,차대차 - 추돌 - 진행중,안전운전불이행,맑음,0,1
2016,경기도 부천시 원미구10,경기도 부천시 원미구 도당동(약대사거리A 부근),2016-06-23,09시경,부상신고사고,기타불명,불명,불명,기타불명,남,22세,자전거,부상신고,차대차 - 기타,안전운전불이행,맑음,0,1
2016,경기도 부천시 원미구10,경기도 부천시 원미구 도당동(약대사거리A 부근),2016-11-25,08시경,경상사고,남,41세,승용차,상해없음,여,48세,자전거,경상,차대차 - 측면직각충돌,안전운전불이행,맑음,0,1
2016,경기도 부천시 원미구10,경기도 부천시 원미구 도당동(약대사거리A 부근),2016-06-24,16시경,부상신고사고,남,13세,자전거,부상신고,남,49세,승용차,상해없음,차대차 - 측면직각충돌,직진우회전진행방해,맑음,0,1
2016,경기도 부천시 원미구10,경기도 부천시 원미구 도당동(약대사거리A 부근),2016-11-19,14시경,경상사고,여,62세,자전거,경상,남,56세,승용차,상해없음,차대차 - 측면직각충돌,안전운전불이행,맑음,0,1
2016,경기도 부천시 원미구9,경기도 부천시 원미구 약대동(부천초교사거리 부근),2016-12-23,18시경,경상사고,남,23세,승용차,상해없음,남,45세,자전거,경상,차대차 - 측면직각충돌,신호위반,맑음,0,1