사고년도,다발시군구,지점명,사고일시,사고시간대,사고등급,가해자성별,가해자연령,가해차종,가해자신체상해정도,피해자성별,피해자연령,피해차종,피해자신체상해정도,사고유형,가해자법규위반,기상상태,사망자수,부상자수
2016,경기도 부천시 원미구9,경기도 부천시 원미구 약대동(부천초교사거리 부근),2016-08-09,18시경,중상사고,남,61세,승합차,상해없음,여,45세,자전거,중상,차대차 - 측면직각충돌,교차로운행방법위반,맑음,0,1
2016,경기도 부천시 원미구9,경기도 부천시 원미구 약대동(부천초교사거리 부근),2016-05-21,19시경,부상신고사고,남,57세,자전거,부상신고,남,54세,승용차,상해없음,차대차 - 측면직각충돌,안전운전불이행,맑음,0,1
2016,경기도 부천시 원미구9,경기도 부천시 원미구 약대동(부천초교사거리 부근),2016-10-07,15시경,부상신고사고,남,75세,자전거,부상신고,남,43세,승용차,상해없음,차대차 - 정면충돌,안전운전불이행,맑음,0,1
2016,경기도 부천시 원미구1,경기도 부천시 원미구 중동(신흥고가사거리 부근),2016-03-04,19시경,경상사고,기타불명,불명,불명,기타불명,남,17세,자전거,경상,차대차 - 측면직각충돌,안전운전불이행,맑음,0,1
2016,경기도 부천시 원미구1,경기도 부천시 원미구 중동(신흥고가사거리 부근),2016-06-30,18시경,경상사고,남,33세,승용차,상해없음,남,77세,자전거,경상,차대차 - 측면직각충돌,불법유턴,맑음,0,1
2016,경기도 부천시 원미구1,경기도 부천시 원미구 중동(신흥고가사거리 부근),2016-05-15,11시경,부상신고사고,여,49세,승용차,상해없음,남,74세,자전거,부상신고,차대차 - 측면직각충돌,안전운전불이행,맑음,0,1
2016,경기도 부천시 원미구1,경기도 부천시 원미구 중동(신흥고가사거리 부근),2016-07-19,04시경,경상사고,여,56세,승용차,상해없음,남,63세,자전거,경상,차대차 - 측면직각충돌,교차로운행방법위반,맑음,0,1
2016,경기도 부천시 원미구1,경기도 부천시 원미구 중동(신흥고가사거리 부근),2016-12-06,08시경,경상사고,여,60세,승용차,상해없음,여,59세,자전거,경상,차대차 - 측면직각충돌,안전운전불이행,맑음,0,1
2016,경기도 부천시 원미구1,경기도 부천시 원미구 중동(신흥고가사거리 부근),2016-01-31,21시경,경상사고,남,70세,자전거,경상,여,59세,승용차,상해없음,차대차 - 측면직각충돌,불법유턴,맑음,0,1
2016,경기도 부천시 원미구1,경기도 부천시 원미구 중동(신흥고가사거리 부근),2016-04-08,14시경,중상사고,여,61세,자전거,기타불명,여,80세,보행자,중상,차대사람 - 횡단중,안전운전불이행,맑음,0,1
2016,경기도 부천시 원미구1,경기도 부천시 원미구 중동(신흥고가사거리 부근),2016-10-12,05시경,중상사고,남,43세,화물차,상해없음,남,70세,자전거,중상,차대차 - 측면직각충돌,교차로운행방법위반,맑음,0,1
2016,경기도 부천시 원미구2,경기도 부천시 원미구 중동(중동대로사거리 부근),2016-04-16,20시경,경상사고,남,31세,승용차,상해없음,남,61세,자전거,경상,차대차 - 측면직각충돌,안전운전불이행,비,0,1
2016,경기도 부천시 원미구2,경기도 부천시 원미구 중동(중동대로사거리 부근),2016-12-21,17시경,경상사고,남,47세,승용차,상해없음,남,21세,자전거,경상,차대차 - 측면직각충돌,안전운전불이행,비,0,1
2016,경기도 부천시 원미구2,경기도 부천시 원미구 중동(중동대로사거리 부근),2016-09-23,15시경,부상신고사고,남,52세,승용차,상해없음,남,46세,자전거,부상신고,차대차 - 측면직각충돌,교차로운행방법위반,맑음,0,1
2016,경기도 부천시 원미구2,경기도 부천시 원미구 중동(중동대로사거리 부근),2016-04-15,12시경,중상사고,여,43세,승용차,상해없음,남,64세,자전거,중상,차대차 - 측면직각충돌,안전운전불이행,맑음,0,1
2016,경기도 부천시 원미구2,경기도 부천시 원미구 중동(중동대로사거리 부근),2016-10-21,19시경,경상사고,여,52세,승용차,상해없음,남,10세,자전거,경상,차대차 - 측면직각충돌,안전운전불이행,맑음,0,1
2016,경기도 부천시 원미구2,경기도 부천시 원미구 중동(중동대로사거리 부근),2016-02-17,16시경,경상사고,남,26세,자전거,경상,여,62세,승용차,상해없음,차대차 - 측면직각충돌,안전운전불이행,맑음,0,1
2016,경기도 부천시 원미구2,경기도 부천시 원미구 중동(중동대로사거리 부근),2016-11-30,12시경,부상신고사고,남,81세,자전거,부상신고,남,56세,승용차,상해없음,차대차 - 측면직각충돌,안전운전불이행,맑음,0,1
2016,경기도 부천시 원미구2,경기도 부천시 원미구 중동(중동대로사거리 부근),2016-08-03,15시경,중상사고,여,56세,자전거,중상,남,45세,승용차,상해없음,차대차 - 정면충돌,안전운전불이행,맑음,0,1
2016,경기도 부천시 원미구5,경기도 부천시 원미구 중동(농협중앙회부천시지부 부근),2016-10-30,11시경,부상신고사고,남,13세,자전거,부상신고,남,32세,승용차,상해없음,차대차 - 측면직각충돌,불법유턴,맑음,0,1
2016,경기도 부천시 원미구5,경기도 부천시 원미구 중동(농협중앙회부천시지부 부근),2016-04-19,19시경,경상사고,남,15세,자전거,경상,남,30세,승용차,상해없음,차대차 - 측면직각충돌,안전운전불이행,맑음,0,1
2016,경기도 부천시 원미구5,경기도 부천시 원미구 중동(농협중앙회부천시지부 부근),2016-12-15,17시경,중상사고,남,15세,자전거,상해없음,여,51세,보행자,중상,차대사람 - 횡단중,기타,맑음,0,1
2016,경기도 부천시 원미구5,경기도 부천시 원미구 중동(농협중앙회부천시지부 부근),2016-05-02,15시경,경상사고,남,23세,자전거,상해없음,남,15세,자전거,경상,차대차 - 측면직각충돌,안전운전불이행,맑음,0,1
2016,경기도 부천시 원미구5,경기도 부천시 원미구 중동(농협중앙회부천시지부 부근),2016-05-26,05시경,경상사고,남,66세,자전거,경상,남,52세,승용차,상해없음,차대차 - 정면충돌,안전운전불이행,맑음,0,1
2016,경기도 부천시 원미구6,경기도 부천시 원미구 중동(꿈마을사거리 부근),2016-11-08,18시경,중상사고,기타불명,불명,불명,기타불명,여,74세,자전거,중상,차대차 - 추돌 - 진행중,안전운전불이행,맑음,0,1
2016,경기도 부천시 원미구6,경기도 부천시 원미구 중동(꿈마을사거리 부근),2016-05-21,17시경,경상사고,남,65세,승용차,상해없음,남,18세,자전거,경상,차대차 - 추돌 - 진행중,안전운전불이행,맑음,0,1
2016,경기도 부천시 원미구6,경기도 부천시 원미구 중동(꿈마을사거리 부근),2016-10-29,03시경,부상신고사고,남,35세,승합차,상해없음,남,21세,자전거,부상신고,차대차 - 정면충돌,신호위반,맑음,0,1
2016,경기도 부천시 원미구6,경기도 부천시 원미구 중동(꿈마을사거리 부근),2016-03-24,13시경,경상사고,남,53세,자전거,상해없음,남,49세,승합차,기타불명,차대차 - 측면직각충돌,안전운전불이행,맑음,0,1
2016,경기도 부천시 원미구6,경기도 부천시 원미구 중동(꿈마을사거리 부근),2016-10-21,10시경,부상신고사고,여,56세,자전거,부상신고,여,27세,승용차,상해없음,차대차 - 측면직각충돌,신호위반,맑음,0,1
2016,경기도 부천시 원미구7,경기도 부천시 원미구 중동(중앙공원사거리 부근),2016-12-13,19시경,경상사고,여,39세,승용차,상해없음,남,75세,자전거,경상,차대차 - 측면직각충돌,교차로운행방법위반,맑음,0,1
2016,경기도 부천시 원미구7,경기도 부천시 원미구 중동(중앙공원사거리 부근),2016-09-07,00시경,경상사고,남,13세,자전거,경상,남,40세,승용차,상해없음,차대차 - 측면직각충돌,신호위반,맑음,0,1
2016,경기도 부천시 원미구7,경기도 부천시 원미구 중동(중앙공원사거리 부근),2016-01-21,14시경,경상사고,남,16세,자전거,경상,남,49세,승용차,상해없음,차대차 - 측면직각충돌,중앙선침범,맑음,0,1
2016,경기도 부천시 원미구7,경기도 부천시 원미구 중동(중앙공원사거리 부근),2016-04-17,22시경,경상사고,남,18세,자전거,경상,여,45세,승용차,상해없음,차대차 - 측면직각충돌,안전운전불이행,맑음,0,1
2016,경기도 부천시 원미구7,경기도 부천시 원미구 중동(중앙공원사거리 부근),2016-11-18,06시경,경상사고,남,20세,자전거,경상,여,52세,승용차,기타불명,차대차 - 측면직각충돌,안전운전불이행,맑음,0,1
2016,경기도 부천시 원미구8,경기도 부천시 원미구 중동(석천사거리 부근),2016-04-04,09시경,중상사고,남,32세,승용차,상해없음,여,40세,자전거,중상,차대차 - 측면직각충돌,교차로운행방법위반,맑음,0,1
2016,경기도 부천시 원미구8,경기도 부천시 원미구 중동(석천사거리 부근),2016-11-06,08시경,중상사고,남,39세,승용차,상해없음,남,33세,자전거,중상,차대차 - 측면직각충돌,신호위반,맑음,0,1
2016,경기도 부천시 원미구8,경기도 부천시 원미구 중동(석천사거리 부근),2016-05-12,09시경,경상사고,여,34세,승용차,상해없음,여,26세,자전거,경상,차대차 - 정면충돌,안전운전불이행,맑음,0,1
2016,경기도 부천시 원미구8,경기도 부천시 원미구 중동(석천사거리 부근),2016-09-03,21시경,중상사고,남,27세,이륜차,상해없음,여,48세,자전거,중상,차대차 - 측면직각충돌,안전운전불이행,맑음,0,1
2016,경기도 부천시 원미구4,경기도 부천시 원미구 상동(석천로입구 부근),2016-09-12,15시경,중상사고,여,57세,승용차,상해없음,여,72세,자전거,중상,차대차 - 정면충돌,안전운전불이행,맑음,0,1
2016,경기도 부천시 원미구4,경기도 부천시 원미구 상동(석천로입구 부근),2016-10-11,18시경,중상사고,남,43세,승합차,상해없음,남,15세,자전거,상해없음,차대차 - 기타,기타,맑음,0,1
2016,경기도 부천시 원미구4,경기도 부천시 원미구 상동(석천로입구 부근),2016-12-26,09시경,경상사고,남,17세,자전거,상해없음,남,25세,자전거,경상,차대차 - 정면충돌,안전운전불이행,맑음,0,1
2016,경기도 부천시 원미구4,경기도 부천시 원미구 상동(석천로입구 부근),2016-02-03,11시경,경상사고,남,65세,자전거,경상,여,56세,승용차,상해없음,차대차 - 측면직각충돌,안전운전불이행,맑음,0,1
2016,경기도 부천시 원미구4,경기도 부천시 원미구 상동(석천로입구 부근),2016-11-27,15시경,경상사고,남,84세,자전거,경상,남,20세,이륜차,상해없음,차대차 - 정면충돌,안전운전불이행,맑음,0,1
2016,경기도 광명시1,경기도 광명시 광명동(구로구-광명시경계(1) 부근),2016-12-21,06시경,부상신고사고,남,54세,승용차,상해없음,남,69세,자전거,부상신고,차대차 - 측면직각충돌,안전운전불이행,맑음,0,1
2016,경기도 광명시1,경기도 광명시 광명동(구로구-광명시경계(1) 부근),2016-05-11,12시경,경상사고,여,48세,승용차,기타불명,남,67세,자전거,경상,차대차 - 기타,안전운전불이행,맑음,0,1
2016,경기도 광명시1,경기도 광명시 광명동(구로구-광명시경계(1) 부근),2016-03-24,14시경,경상사고,여,56세,승용차,상해없음,남,61세,자전거,경상,차대차 - 측면직각충돌,안전운전불이행,맑음,0,1
2016,경기도 광명시1,경기도 광명시 광명동(구로구-광명시경계(1) 부근),2016-08-27,15시경,경상사고,남,15세,자전거,상해없음,여,77세,보행자,경상,차대사람 - 보도통행중,안전운전불이행,맑음,0,1
2016,경기도 광명시1,경기도 광명시 광명동(구로구-광명시경계(1) 부근),2016-11-05,09시경,경상사고,여,48세,자전거,상해없음,남,8세,보행자,경상,차대사람 - 횡단중,보행자보호의무위반,맑음,0,1
2016,경기도 광명시1,경기도 광명시 광명동(구로구-광명시경계(1) 부근),2016-09-28,13시경,부상신고사고,여,58세,자전거,부상신고,남,68세,승용차,상해없음,차대차 - 측면직각충돌,안전운전불이행,맑음,0,1
2016,경기도 광명시1,경기도 광명시 광명동(구로구-광명시경계(1) 부근),2016-04-19,11시경,부상신고사고,여,64세,자전거,부상신고,남,71세,승용차,상해없음,차대차 - 추돌 - 진행중,안전운전불이행,맑음,0,1
2016,경기도 광명시3,경기도 광명시 하안동(우체국사거리 부근),2016-12-03,04시경,경상사고,남,60세,승용차,상해없음,남,19세,자전거,경상,차대차 - 측면직각충돌,신호위반,맑음,0,1
2016,경기도 광명시3,경기도 광명시 하안동(우체국사거리 부근),2016-10-04,14시경,경상사고,남,48세,승합차,상해없음,남,87세,자전거,경상,차대차 - 측면직각충돌,신호위반,맑음,0,1
2016,경기도 광명시3,경기도 광명시 하안동(우체국사거리 부근),2016-10-21,19시경,경상사고,남,13세,자전거,경상,남,72세,승용차,상해없음,차대차 - 기타,안전운전불이행,맑음,0,1
2016,경기도 광명시3,경기도 광명시 하안동(우체국사거리 부근),2016-05-13,16시경,부상신고사고,여,61세,자전거,부상신고,남,44세,승용차,상해없음,차대차 - 추돌 - 진행중,안전운전불이행,맑음,0,1
2016,경기도 광명시3,경기도 광명시 하안동(우체국사거리 부근),2016-06-27,11시경,경상사고,여,64세,자전거,상해없음,여,69세,보행자,경상,차대사람 - 횡단중,보행자보호의무위반,맑음,0,1
2016,경기도 광명시2,경기도 광명시 소하동(금호아파트 부근),2016-03-25,15시경,경상사고,남,56세,승용차,상해없음,여,61세,자전거,경상,차대차 - 측면직각충돌,신호위반,맑음,0,1
2016,경기도 광명시2,경기도 광명시 소하동(금호아파트 부근),2016-09-26,08시경,중상사고,여,48세,승용차,상해없음,남,33세,자전거,중상,차대차 - 측면직각충돌,안전운전불이행,맑음,0,1
2016,경기도 광명시2,경기도 광명시 소하동(금호아파트 부근),2016-07-14,08시경,경상사고,남,12세,자전거,상해없음,여,5세,보행자,경상,차대사람 - 횡단중,안전운전불이행,맑음,0,1
2016,경기도 광명시2,경기도 광명시 소하동(금호아파트 부근),2016-10-26,06시경,경상사고,남,35세,자전거,상해없음,남,65세,승용차,경상,차대차 - 측면직각충돌,안전운전불이행,맑음,0,1
2016,경기도 광명시2,경기도 광명시 소하동(금호아파트 부근),2016-04-14,09시경,중상사고,여,44세,자전거,중상,남,57세,승합차,상해없음,차대차 - 측면직각충돌,안전운전불이행,맑음,0,1
2016,경기도 광명시2,경기도 광명시 소하동(금호아파트 부근),2016-06-13,06시경,부상신고사고,여,52세,자전거,부상신고,여,40세,승용차,상해없음,차대차 - 측면직각충돌,안전운전불이행,맑음,0,1
2016,경기도 평택시1,경기도 평택시 세교동(열매어린이집 부근),2016-06-21,10시경,중상사고,남,78세,승용차,상해없음,여,73세,자전거,중상,차대차 - 측면직각충돌,직진우회전진행방해,맑음,0,1
2016,경기도 평택시1,경기도 평택시 세교동(열매어린이집 부근),2016-06-14,17시경,경상사고,여,46세,승용차,상해없음,남,72세,자전거,경상,차대차 - 정면충돌,안전운전불이행,맑음,0,1
2016,경기도 평택시1,경기도 평택시 세교동(열매어린이집 부근),2016-04-14,17시경,중상사고,기타불명,불명,자전거,기타불명,여,5세,보행자,중상,차대사람 - 보도통행중,안전운전불이행,맑음,0,1
2016,경기도 평택시1,경기도 평택시 세교동(열매어린이집 부근),2016-07-05,23시경,중상사고,남,44세,화물차,상해없음,남,55세,자전거,중상,차대차 - 측면직각충돌,교차로운행방법위반,흐림,0,1
2016,경기도 안산시 상록구2,경기도 안산시 상록구 일동(식물원사거리 부근),2016-10-17,08시경,경상사고,남,29세,승용차,상해없음,여,17세,자전거,경상,차대차 - 기타,안전운전불이행,맑음,0,1
2016,경기도 안산시 상록구2,경기도 안산시 상록구 일동(식물원사거리 부근),2016-01-26,20시경,경상사고,남,31세,승용차,상해없음,남,12세,자전거,경상,차대차 - 정면충돌,안전운전불이행,맑음,0,1
2016,경기도 안산시 상록구2,경기도 안산시 상록구 일동(식물원사거리 부근),2016-06-18,22시경,경상사고,남,45세,승용차,상해없음,남,13세,자전거,경상,차대차 - 측면직각충돌,안전운전불이행,맑음,0,1
2016,경기도 안산시 상록구2,경기도 안산시 상록구 일동(식물원사거리 부근),2016-06-17,18시경,경상사고,여,40세,승용차,상해없음,남,15세,자전거,경상,차대차 - 측면직각충돌,교차로운행방법위반,맑음,0,1
2016,경기도 안산시 상록구2,경기도 안산시 상록구 일동(식물원사거리 부근),2016-03-28,18시경,경상사고,남,49세,승합차,상해없음,남,67세,자전거,경상,차대차 - 측면직각충돌,안전운전불이행,맑음,0,1
2016,경기도 안산시 상록구4,경기도 안산시 상록구 사동(상록수보건소 부근),2016-10-28,22시경,경상사고,남,35세,승용차,상해없음,남,22세,자전거,경상,차대차 - 측면직각충돌,안전운전불이행,맑음,0,1
2016,경기도 안산시 상록구4,경기도 안산시 상록구 사동(상록수보건소 부근),2016-03-21,08시경,중상사고,여,44세,승용차,상해없음,남,82세,자전거,중상,차대차 - 기타,안전운전불이행,맑음,0,1
2016,경기도 안산시 상록구4,경기도 안산시 상록구 사동(상록수보건소 부근),2016-10-31,08시경,경상사고,남,14세,자전거,경상,남,58세,승용차,상해없음,차대차 - 기타,신호위반,맑음,0,1
2016,경기도 안산시 상록구4,경기도 안산시 상록구 사동(상록수보건소 부근),2016-07-03,12시경,경상사고,남,65세,자전거,상해없음,남,17세,원동기장치자전거,경상,차대차 - 정면충돌,중앙선침범,맑음,0,1
2016,경기도 안산시 상록구1,경기도 안산시 상록구 본오동(웨딩플렉스(주) 부근),2016-05-23,22시경,경상사고,남,22세,승용차,상해없음,남,23세,자전거,경상,차대차 - 기타,불법유턴,맑음,0,1
2016,경기도 안산시 상록구1,경기도 안산시 상록구 본오동(웨딩플렉스(주) 부근),2016-12-21,16시경,경상사고,남,26세,승용차,상해없음,남,71세,자전거,경상,차대차 - 기타,안전운전불이행,비,0,1
2016,경기도 안산시 상록구1,경기도 안산시 상록구 본오동(웨딩플렉스(주) 부근),2016-10-12,09시경,경상사고,여,36세,승용차,상해없음,남,67세,자전거,경상,차대차 - 기타,기타,맑음,0,1
2016,경기도 안산시 상록구1,경기도 안산시 상록구 본오동(웨딩플렉스(주) 부근),2016-03-17,08시경,중상사고,여,45세,승용차,상해없음,남,22세,자전거,중상,차대차 - 측면직각충돌,교차로운행방법위반,맑음,0,1
2016,경기도 안산시 상록구1,경기도 안산시 상록구 본오동(웨딩플렉스(주) 부근),2016-10-06,08시경,경상사고,남,18세,자전거,경상,여,57세,승용차,상해없음,차대차 - 측면직각충돌,안전운전불이행,맑음,0,1
2016,경기도 안산시 상록구1,경기도 안산시 상록구 본오동(웨딩플렉스(주) 부근),2016-02-09,19시경,중상사고,여,53세,자전거,중상,여,51세,승용차,상해없음,차대차 - 기타,불법유턴,맑음,0,1
2016,경기도 안산시 상록구3,경기도 안산시 상록구 성포동(주공9단지삼거리 부근),2016-07-31,00시경,중상사고,기타불명,불명,불명,기타불명,남,23세,자전거,중상,차대차 - 측면직각충돌,기타,맑음,0,1
2016,경기도 안산시 상록구3,경기도 안산시 상록구 성포동(주공9단지삼거리 부근),2016-05-27,18시경,경상사고,남,25세,자전거,상해없음,남,26세,자전거,경상,차대차 - 기타,안전운전불이행,맑음,0,1
2016,경기도 안산시 상록구3,경기도 안산시 상록구 성포동(주공9단지삼거리 부근),2016-05-08,13시경,중상사고,남,57세,자전거,상해없음,여,49세,보행자,중상,차대사람 - 횡단중,보행자보호의무위반,맑음,0,1
2016,경기도 안산시 상록구3,경기도 안산시 상록구 성포동(주공9단지삼거리 부근),2016-04-02,13시경,경상사고,남,68세,자전거,경상,남,20세,이륜차,상해없음,차대차 - 측면직각충돌,불법유턴,맑음,0,1
2016,경기도 안산시 단원구1,경기도 안산시 단원구 고잔동(한양빌딩 사거리 부근),2016-11-16,19시경,경상사고,남,66세,승용차,상해없음,여,22세,자전거,경상,차대차 - 측면직각충돌,안전운전불이행,맑음,0,1
2016,경기도 안산시 단원구1,경기도 안산시 단원구 고잔동(한양빌딩 사거리 부근),2016-04-02,13시경,중상사고,여,33세,승용차,상해없음,여,20세,자전거,중상,차대차 - 기타,안전운전불이행,맑음,0,1
2016,경기도 안산시 단원구1,경기도 안산시 단원구 고잔동(한양빌딩 사거리 부근),2016-04-01,15시경,경상사고,여,48세,승용차,상해없음,남,73세,자전거,경상,차대차 - 측면직각충돌,안전운전불이행,맑음,0,1
2016,경기도 안산시 단원구1,경기도 안산시 단원구 고잔동(한양빌딩 사거리 부근),2016-03-31,09시경,경상사고,여,51세,승용차,기타불명,남,48세,자전거,경상,차대차 - 측면직각충돌,신호위반,맑음,0,1
2016,경기도 안산시 단원구1,경기도 안산시 단원구 고잔동(한양빌딩 사거리 부근),2016-05-20,21시경,경상사고,여,54세,승용차,상해없음,여,18세,자전거,경상,차대차 - 측면직각충돌,신호위반,맑음,0,1
2016,경기도 안산시 단원구1,경기도 안산시 단원구 고잔동(한양빌딩 사거리 부근),2016-08-29,11시경,경상사고,남,45세,자전거,경상,여,56세,승용차,상해없음,차대차 - 측면직각충돌,안전운전불이행,맑음,0,1
2016,경기도 안산시 단원구1,경기도 안산시 단원구 고잔동(한양빌딩 사거리 부근),2016-12-20,18시경,경상사고,남,55세,자전거,경상,여,41세,승용차,상해없음,차대차 - 측면직각충돌,불법유턴,맑음,0,1
2016,경기도 안산시 단원구1,경기도 안산시 단원구 고잔동(한양빌딩 사거리 부근),2016-08-16,19시경,경상사고,남,59세,자전거,경상,남,55세,승용차,상해없음,차대차 - 기타,안전거리미확보,맑음,0,1
2016,경기도 안산시 단원구1,경기도 안산시 단원구 고잔동(한양빌딩 사거리 부근),2016-01-05,19시경,중상사고,남,35세,화물차,상해없음,남,52세,자전거,중상,차대차 - 측면직각충돌,안전운전불이행,맑음,0,1
2016,경기도 안산시 단원구5,경기도 안산시 단원구 고잔동(까르푸사거리 부근),2016-03-15,21시경,중상사고,남,26세,승용차,기타불명,여,50세,자전거,중상,차대차 - 측면직각충돌,안전운전불이행,맑음,0,1
2016,경기도 안산시 단원구5,경기도 안산시 단원구 고잔동(까르푸사거리 부근),2016-01-27,23시경,경상사고,남,29세,승용차,상해없음,남,17세,자전거,경상,차대차 - 정면충돌,안전운전불이행,맑음,0,1
2016,경기도 안산시 단원구5,경기도 안산시 단원구 고잔동(까르푸사거리 부근),2016-12-02,19시경,경상사고,남,39세,승용차,상해없음,여,25세,자전거,경상,차대차 - 측면직각충돌,안전운전불이행,맑음,0,1
2016,경기도 안산시 단원구5,경기도 안산시 단원구 고잔동(까르푸사거리 부근),2016-06-05,22시경,경상사고,남,50세,승용차,상해없음,남,17세,자전거,경상,차대차 - 기타,안전운전불이행,맑음,0,1
2016,경기도 안산시 단원구5,경기도 안산시 단원구 고잔동(까르푸사거리 부근),2016-12-09,07시경,중상사고,남,74세,자전거,중상,남,40세,승용차,상해없음,차대차 - 측면직각충돌,불법유턴,맑음,0,1
2016,경기도 안산시 단원구5,경기도 안산시 단원구 고잔동(까르푸사거리 부근),2016-10-03,11시경,경상사고,여,64세,자전거,경상,남,78세,승용차,상해없음,차대차 - 측면직각충돌,불법유턴,맑음,0,1
2016,경기도 안산시 단원구7,경기도 안산시 단원구 고잔동(보육사 부근),2016-06-25,16시경,경상사고,남,37세,승용차,상해없음,남,15세,자전거,경상,차대차 - 정면충돌,안전운전불이행,맑음,0,1
2016,경기도 안산시 단원구7,경기도 안산시 단원구 고잔동(보육사 부근),2016-09-19,07시경,중상사고,남,39세,승용차,상해없음,남,54세,자전거,중상,차대차 - 측면직각충돌,신호위반,맑음,0,1
2016,경기도 안산시 단원구7,경기도 안산시 단원구 고잔동(보육사 부근),2016-05-26,22시경,중상사고,남,51세,승합차,상해없음,남,20세,자전거,중상,차대차 - 측면직각충돌,신호위반,맑음,0,1
2016,경기도 안산시 단원구7,경기도 안산시 단원구 고잔동(보육사 부근),2016-07-20,07시경,경상사고,남,64세,승합차,상해없음,여,62세,자전거,경상,차대차 - 측면직각충돌,안전운전불이행,맑음,0,1
2016,경기도 안산시 단원구7,경기도 안산시 단원구 고잔동(보육사 부근),2016-04-22,23시경,경상사고,남,24세,자전거,경상,남,25세,승용차,상해없음,차대차 - 추돌 - 진행중,안전운전불이행,흐림,0,1
2016,경기도 안산시 단원구10,경기도 안산시 단원구 고잔동(경기종합관리(주) 부근),2016-09-30,22시경,부상신고사고,기타불명,불명,불명,기타불명,남,18세,자전거,부상신고,차대차 - 측면직각충돌,안전운전불이행,맑음,0,1
2016,경기도 안산시 단원구10,경기도 안산시 단원구 고잔동(경기종합관리(주) 부근),2016-06-08,18시경,경상사고,남,27세,승용차,상해없음,남,18세,자전거,경상,차대차 - 측면직각충돌,신호위반,맑음,0,1
2016,경기도 안산시 단원구10,경기도 안산시 단원구 고잔동(경기종합관리(주) 부근),2016-02-03,08시경,경상사고,여,42세,승용차,상해없음,남,45세,자전거,경상,차대차 - 기타,신호위반,맑음,0,1
2016,경기도 안산시 단원구10,경기도 안산시 단원구 고잔동(경기종합관리(주) 부근),2016-04-25,22시경,경상사고,남,49세,원동기장치자전거,상해없음,여,22세,자전거,경상,차대차 - 정면충돌,안전운전불이행,맑음,0,1
2016,경기도 안산시 단원구10,경기도 안산시 단원구 고잔동(경기종합관리(주) 부근),2016-07-03,14시경,경상사고,남,12세,자전거,상해없음,남,51세,자전거,경상,차대차 - 측면직각충돌,안전운전불이행,맑음,0,1
2016,경기도 안산시 단원구12,경기도 안산시 단원구 고잔동(삼성빌라삼거리 부근),2016-09-17,18시경,경상사고,남,44세,승용차,상해없음,남,57세,자전거,경상,차대차 - 측면직각충돌,교차로운행방법위반,맑음,0,1
2016,경기도 안산시 단원구12,경기도 안산시 단원구 고잔동(삼성빌라삼거리 부근),2016-07-09,17시경,중상사고,남,54세,승용차,상해없음,남,12세,자전거,중상,차대차 - 측면직각충돌,교차로운행방법위반,맑음,0,1
2016,경기도 안산시 단원구12,경기도 안산시 단원구 고잔동(삼성빌라삼거리 부근),2016-05-23,13시경,경상사고,남,54세,승용차,상해없음,남,71세,자전거,경상,차대차 - 측면직각충돌,안전운전불이행,맑음,0,1
2016,경기도 안산시 단원구12,경기도 안산시 단원구 고잔동(삼성빌라삼거리 부근),2016-08-06,14시경,중상사고,여,46세,승용차,상해없음,남,13세,자전거,중상,차대차 - 기타,안전운전불이행,맑음,0,1
2016,경기도 안산시 단원구15,경기도 안산시 단원구 고잔동(현대연립3차 부근),2016-09-23,16시경,중상사고,여,54세,승합차,상해없음,남,20세,자전거,중상,차대차 - 정면충돌,안전운전불이행,맑음,0,1
2016,경기도 안산시 단원구15,경기도 안산시 단원구 고잔동(현대연립3차 부근),2016-03-03,17시경,경상사고,남,13세,자전거,상해없음,여,59세,보행자,경상,차대사람 - 보도통행중,안전운전불이행,맑음,0,1
2016,경기도 안산시 단원구15,경기도 안산시 단원구 고잔동(현대연립3차 부근),2016-04-24,21시경,경상사고,남,41세,자전거,상해없음,남,41세,보행자,경상,차대사람 - 기타,안전운전불이행,맑음,0,1
2016,경기도 안산시 단원구15,경기도 안산시 단원구 고잔동(현대연립3차 부근),2016-08-30,17시경,경상사고,남,82세,자전거,경상,남,48세,화물차,상해없음,차대차 - 기타,안전운전불이행,맑음,0,1
2016,경기도 안산시 단원구8,경기도 안산시 단원구 와동(화랑초교사거리 부근),2016-06-14,18시경,중상사고,남,58세,승용차,상해없음,남,7세,자전거,중상,차대차 - 측면직각충돌,안전운전불이행,맑음,0,1
2016,경기도 안산시 단원구8,경기도 안산시 단원구 와동(화랑초교사거리 부근),2016-02-09,11시경,경상사고,남,11세,자전거,상해없음,여,56세,보행자,경상,차대사람 - 횡단중,안전운전불이행,맑음,0,1
2016,경기도 안산시 단원구8,경기도 안산시 단원구 와동(화랑초교사거리 부근),2016-04-14,16시경,경상사고,남,15세,자전거,경상,남,45세,승용차,상해없음,차대차 - 기타,중앙선침범,맑음,0,1
2016,경기도 안산시 단원구8,경기도 안산시 단원구 와동(화랑초교사거리 부근),2016-07-27,19시경,경상사고,남,72세,자전거,경상,남,39세,자전거,부상신고,차대차 - 측면직각충돌,교차로운행방법위반,맑음,0,2
2016,경기도 안산시 단원구8,경기도 안산시 단원구 와동(화랑초교사거리 부근),2016-06-09,12시경,경상사고,남,87세,자전거,경상,남,43세,승용차,상해없음,차대차 - 측면직각충돌,불법유턴,맑음,0,1