사고년도,다발시군구,지점명,사고일시,사고시간대,사고등급,가해자성별,가해자연령,가해차종,가해자신체상해정도,피해자성별,피해자연령,피해차종,피해자신체상해정도,사고유형,가해자법규위반,기상상태,사망자수,부상자수
2016,경상북도 포항시 북구3,경상북도 포항시 북구 죽도동(행복꽃집 부근),2016-08-07,13시경,경상사고,여,22세,승용차,상해없음,남,57세,자전거,경상,차대차 - 기타,안전운전불이행,맑음,0,1
2016,경상북도 포항시 북구3,경상북도 포항시 북구 죽도동(행복꽃집 부근),2016-03-05,12시경,중상사고,남,73세,자전거,중상,남,18세,이륜차,상해없음,차대차 - 측면직각충돌,안전운전불이행,맑음,0,1
2016,경상북도 포항시 북구3,경상북도 포항시 북구 죽도동(행복꽃집 부근),2016-10-12,23시경,중상사고,여,61세,자전거,부상신고,남,53세,승용차,상해없음,차대차 - 기타,안전운전불이행,맑음,0,2
2016,경상북도 포항시 북구3,경상북도 포항시 북구 죽도동(행복꽃집 부근),2016-11-12,10시경,경상사고,여,62세,자전거,경상,남,35세,화물차,상해없음,차대차 - 기타,안전운전불이행,맑음,0,1
2016,경상북도 포항시 북구4,경상북도 포항시 북구 죽도동((굿모닝신한증권앞교차로) 부근),2016-02-13,16시경,중상사고,남,58세,승용차,상해없음,남,64세,자전거,중상,차대차 - 측면직각충돌,안전운전불이행,비,0,1
2016,경상북도 포항시 북구4,경상북도 포항시 북구 죽도동((굿모닝신한증권앞교차로) 부근),2016-04-05,11시경,경상사고,남,59세,승용차,상해없음,여,53세,자전거,경상,차대차 - 측면직각충돌,안전운전불이행,맑음,0,1
2016,경상북도 포항시 북구4,경상북도 포항시 북구 죽도동((굿모닝신한증권앞교차로) 부근),2016-05-25,07시경,중상사고,여,52세,승용차,상해없음,남,19세,자전거,중상,차대차 - 측면직각충돌,교차로운행방법위반,맑음,0,1
2016,경상북도 포항시 북구4,경상북도 포항시 북구 죽도동((굿모닝신한증권앞교차로) 부근),2016-04-09,10시경,경상사고,남,40세,화물차,상해없음,남,75세,자전거,경상,차대차 - 측면직각충돌,안전운전불이행,맑음,0,1
2016,경상북도 포항시 북구5,경상북도 포항시 북구 죽도동(죽도2파출소앞 부근),2016-01-28,08시경,부상신고사고,기타불명,불명,불명,기타불명,남,79세,자전거,부상신고,차대차 - 측면직각충돌,안전운전불이행,맑음,0,1
2016,경상북도 포항시 북구5,경상북도 포항시 북구 죽도동(죽도2파출소앞 부근),2016-07-20,16시경,경상사고,여,50세,승용차,상해없음,남,80세,자전거,경상,차대차 - 정면충돌,안전운전불이행,맑음,0,1
2016,경상북도 포항시 북구5,경상북도 포항시 북구 죽도동(죽도2파출소앞 부근),2016-06-16,10시경,중상사고,여,57세,승용차,상해없음,여,54세,자전거,중상,차대차 - 기타,안전운전불이행,맑음,0,1
2016,경상북도 포항시 북구5,경상북도 포항시 북구 죽도동(죽도2파출소앞 부근),2016-05-16,10시경,경상사고,남,51세,화물차,상해없음,남,61세,자전거,경상,차대차 - 정면충돌,신호위반,맑음,0,1
2016,경상북도 경주시6,경상북도 경주시 노동동(손진규동물병원 부근),2016-01-31,20시경,사망사고,남,53세,승합차,상해없음,여,44세,자전거,사망,차대차 - 기타,안전운전불이행,맑음,1,0
2016,경상북도 경주시6,경상북도 경주시 노동동(손진규동물병원 부근),2016-05-29,17시경,경상사고,남,77세,자전거,경상,남,25세,승용차,상해없음,차대차 - 측면직각충돌,안전운전불이행,맑음,0,1
2016,경상북도 경주시6,경상북도 경주시 노동동(손진규동물병원 부근),2016-06-12,16시경,경상사고,남,77세,자전거,경상,남,35세,승용차,상해없음,차대차 - 측면직각충돌,안전운전불이행,맑음,0,1
2016,경상북도 경주시3,경상북도 경주시 성건동(물나이트 부근),2016-06-25,10시경,경상사고,남,51세,승용차,상해없음,남,21세,자전거,경상,차대차 - 측면직각충돌,안전운전불이행,맑음,0,1
2016,경상북도 경주시3,경상북도 경주시 성건동(물나이트 부근),2016-08-17,12시경,경상사고,남,63세,승용차,상해없음,남,11세,자전거,경상,차대차 - 정면충돌,안전운전불이행,맑음,0,1
2016,경상북도 경주시3,경상북도 경주시 성건동(물나이트 부근),2016-06-16,12시경,경상사고,남,50세,자전거,경상,남,72세,승용차,상해없음,차대차 - 정면충돌,안전운전불이행,맑음,0,1
2016,경상북도 경주시3,경상북도 경주시 성건동(물나이트 부근),2016-07-23,11시경,중상사고,남,72세,자전거,중상,남,59세,승용차,상해없음,차대차 - 측면직각충돌,신호위반,맑음,0,1
2016,경상북도 경주시2,경상북도 경주시 황성동(계림중학교 부근),2016-12-30,06시경,중상사고,남,65세,승용차,상해없음,남,77세,자전거,중상,차대차 - 측면직각충돌,안전운전불이행,맑음,0,1
2016,경상북도 경주시2,경상북도 경주시 황성동(계림중학교 부근),2016-04-29,13시경,경상사고,남,18세,원동기장치자전거,경상,남,74세,자전거,경상,차대차 - 정면충돌,안전운전불이행,맑음,0,2
2016,경상북도 경주시2,경상북도 경주시 황성동(계림중학교 부근),2016-10-24,08시경,부상신고사고,남,14세,자전거,부상신고,여,56세,승용차,상해없음,차대차 - 측면직각충돌,중앙선침범,맑음,0,1
2016,경상북도 경주시2,경상북도 경주시 황성동(계림중학교 부근),2016-10-31,19시경,경상사고,남,56세,자전거,상해없음,남,28세,보행자,경상,차대사람 - 보도통행중,기타,맑음,0,1
2016,경상북도 경주시2,경상북도 경주시 황성동(계림중학교 부근),2016-09-07,17시경,경상사고,남,57세,자전거,상해없음,여,42세,보행자,경상,차대사람 - 보도통행중,기타,맑음,0,1
2016,경상북도 경주시5,경상북도 경주시 황성동(박무의공비 부근),2016-04-04,20시경,중상사고,남,24세,승용차,상해없음,남,69세,자전거,중상,차대차 - 측면직각충돌,안전운전불이행,맑음,0,1
2016,경상북도 경주시5,경상북도 경주시 황성동(박무의공비 부근),2016-04-24,19시경,사망사고,남,48세,승용차,상해없음,남,71세,자전거,사망,차대차 - 추돌 - 진행중,안전운전불이행,맑음,1,0
2016,경상북도 경주시5,경상북도 경주시 황성동(박무의공비 부근),2016-07-06,17시경,경상사고,남,14세,자전거,경상,남,55세,화물차,상해없음,차대차 - 정면충돌,안전운전불이행,비,0,1
2016,경상북도 경주시1,경상북도 경주시 동천동(경주교 부근),2016-07-18,22시경,경상사고,남,45세,승용차,상해없음,여,67세,자전거,경상,차대차 - 측면직각충돌,안전운전불이행,맑음,0,1
2016,경상북도 경주시1,경상북도 경주시 동천동(경주교 부근),2016-09-01,20시경,중상사고,남,64세,승용차,상해없음,남,61세,자전거,중상,차대차 - 측면직각충돌,안전운전불이행,맑음,0,1
2016,경상북도 경주시1,경상북도 경주시 동천동(경주교 부근),2016-11-01,10시경,중상사고,여,37세,승용차,상해없음,남,74세,자전거,중상,차대차 - 측면직각충돌,안전운전불이행,맑음,0,1
2016,경상북도 경주시1,경상북도 경주시 동천동(경주교 부근),2016-05-22,08시경,경상사고,여,50세,승용차,상해없음,남,73세,자전거,경상,차대차 - 측면직각충돌,안전운전불이행,맑음,0,1
2016,경상북도 경주시1,경상북도 경주시 동천동(경주교 부근),2016-01-19,11시경,중상사고,남,83세,자전거,중상,남,52세,화물차,상해없음,차대차 - 측면직각충돌,안전운전불이행,맑음,0,1
2016,경상북도 경주시4,경상북도 경주시 동천동(세븐일레븐 부근),2016-10-21,08시경,중상사고,여,55세,승용차,상해없음,여,80세,자전거,중상,차대차 - 측면직각충돌,안전운전불이행,맑음,0,1
2016,경상북도 경주시4,경상북도 경주시 동천동(세븐일레븐 부근),2016-07-10,13시경,경상사고,남,13세,자전거,경상,여,40세,승용차,상해없음,차대차 - 측면직각충돌,안전거리미확보,맑음,0,1
2016,경상북도 경주시4,경상북도 경주시 동천동(세븐일레븐 부근),2016-08-25,18시경,경상사고,여,17세,자전거,경상,남,56세,승용차,상해없음,차대차 - 측면직각충돌,안전운전불이행,맑음,0,1
2016,경상북도 경주시4,경상북도 경주시 동천동(세븐일레븐 부근),2016-07-08,14시경,부상신고사고,여,19세,자전거,부상신고,여,46세,승용차,상해없음,차대차 - 측면직각충돌,안전운전불이행,맑음,0,1
2016,경상북도 김천시1,경상북도 김천시 평화동(직지교 부근),2016-09-10,12시경,중상사고,남,59세,승용차,상해없음,남,78세,자전거,중상,차대차 - 측면직각충돌,안전운전불이행,맑음,0,1
2016,경상북도 김천시1,경상북도 김천시 평화동(직지교 부근),2016-07-01,20시경,경상사고,여,36세,승용차,상해없음,남,51세,자전거,경상,차대차 - 측면직각충돌,안전운전불이행,비,0,1
2016,경상북도 김천시1,경상북도 김천시 평화동(직지교 부근),2016-06-04,13시경,경상사고,여,39세,승용차,상해없음,남,45세,자전거,경상,차대차 - 정면충돌,교차로운행방법위반,맑음,0,1
2016,경상북도 김천시1,경상북도 김천시 평화동(직지교 부근),2016-08-23,09시경,경상사고,여,41세,승용차,상해없음,여,70세,자전거,경상,차대차 - 측면직각충돌,신호위반,맑음,0,1
2016,경상북도 김천시1,경상북도 김천시 평화동(직지교 부근),2016-06-17,16시경,경상사고,남,93세,자전거,경상,남,44세,승용차,상해없음,차대차 - 측면직각충돌,중앙선침범,맑음,0,1
2016,경상북도 안동시1,경상북도 안동시 태화동(태화오거리 부근),2016-07-05,17시경,부상신고사고,기타불명,불명,불명,기타불명,여,52세,자전거,부상신고,차대차 - 측면직각충돌,안전운전불이행,맑음,0,1
2016,경상북도 안동시1,경상북도 안동시 태화동(태화오거리 부근),2016-07-27,17시경,경상사고,남,13세,자전거,경상,없음,불명,없음,없음,차량단독 - 공작물충돌,안전운전불이행,맑음,0,1
2016,경상북도 안동시1,경상북도 안동시 태화동(태화오거리 부근),2016-09-14,15시경,경상사고,남,61세,자전거,경상,여,59세,승용차,상해없음,차대차 - 정면충돌,안전운전불이행,맑음,0,1
2016,경상북도 안동시1,경상북도 안동시 태화동(태화오거리 부근),2016-10-07,16시경,경상사고,남,76세,자전거,경상,여,53세,승용차,상해없음,차대차 - 측면직각충돌,중앙선침범,맑음,0,1
2016,경상북도 구미시1,경상북도 구미시 인의동(구일철강 부근),2016-01-18,12시경,사망사고,여,29세,승용차,상해없음,남,63세,자전거,사망,차대차 - 측면직각충돌,안전운전불이행,맑음,1,0
2016,경상북도 구미시1,경상북도 구미시 인의동(구일철강 부근),2016-01-11,12시경,중상사고,남,23세,이륜차,상해없음,남,63세,자전거,중상,차대차 - 기타,안전운전불이행,맑음,0,1
2016,경상북도 구미시1,경상북도 구미시 인의동(구일철강 부근),2016-04-23,09시경,중상사고,남,12세,자전거,상해없음,남,54세,자전거,중상,차대차 - 측면직각충돌,안전운전불이행,맑음,0,1
2016,경상북도 구미시1,경상북도 구미시 인의동(구일철강 부근),2016-07-17,15시경,부상신고사고,남,80세,자전거,부상신고,남,26세,승용차,상해없음,차대차 - 측면직각충돌,안전운전불이행,맑음,0,1
2016,경상북도 구미시1,경상북도 구미시 인의동(구일철강 부근),2016-09-12,18시경,경상사고,남,50세,화물차,상해없음,여,7세,자전거,경상,차대차 - 측면직각충돌,안전운전불이행,맑음,0,2
2016,경상북도 구미시2,경상북도 구미시 인의동(인동네거리 부근),2016-08-19,09시경,경상사고,남,38세,승용차,상해없음,남,65세,자전거,경상,차대차 - 기타,안전운전불이행,맑음,0,1
2016,경상북도 구미시2,경상북도 구미시 인의동(인동네거리 부근),2016-04-25,12시경,경상사고,남,45세,승합차,상해없음,여,41세,자전거,경상,차대차 - 측면직각충돌,안전운전불이행,맑음,0,1
2016,경상북도 구미시2,경상북도 구미시 인의동(인동네거리 부근),2016-10-02,21시경,경상사고,남,53세,승합차,상해없음,여,54세,자전거,경상,차대차 - 측면직각충돌,안전운전불이행,흐림,0,1
2016,경상북도 구미시2,경상북도 구미시 인의동(인동네거리 부근),2016-10-21,19시경,중상사고,여,27세,자전거,중상,남,39세,승용차,상해없음,차대차 - 정면충돌,안전운전불이행,맑음,0,1
2016,경상북도 영주시1,경상북도 영주시 하망동(서울단란주점 부근),2016-10-12,22시경,경상사고,남,32세,승용차,상해없음,남,15세,자전거,경상,차대차 - 측면직각충돌,안전운전불이행,맑음,0,1
2016,경상북도 영주시1,경상북도 영주시 하망동(서울단란주점 부근),2016-08-02,09시경,중상사고,남,66세,승용차,상해없음,남,77세,자전거,중상,차대차 - 측면직각충돌,안전운전불이행,맑음,0,1
2016,경상북도 영주시1,경상북도 영주시 하망동(서울단란주점 부근),2016-09-28,14시경,중상사고,여,53세,승용차,상해없음,남,84세,자전거,중상,차대차 - 측면직각충돌,안전운전불이행,맑음,0,1
2016,경상북도 영주시1,경상북도 영주시 하망동(서울단란주점 부근),2016-07-05,18시경,중상사고,여,58세,승용차,상해없음,남,73세,자전거,중상,차대차 - 측면직각충돌,안전운전불이행,맑음,0,1
2016,경상북도 영주시1,경상북도 영주시 하망동(서울단란주점 부근),2016-12-03,15시경,경상사고,남,46세,화물차,상해없음,남,73세,자전거,경상,차대차 - 기타,안전운전불이행,맑음,0,1
2016,경상북도 상주시1,경상북도 상주시 남성동(경북매일상주지사 부근),2016-03-28,08시경,경상사고,남,31세,승용차,상해없음,남,18세,자전거,경상,차대차 - 측면직각충돌,안전거리미확보,맑음,0,1
2016,경상북도 상주시1,경상북도 상주시 남성동(경북매일상주지사 부근),2016-07-11,19시경,중상사고,남,35세,승용차,상해없음,남,21세,자전거,중상,차대차 - 측면직각충돌,교차로운행방법위반,맑음,0,1
2016,경상북도 상주시1,경상북도 상주시 남성동(경북매일상주지사 부근),2016-12-28,11시경,중상사고,남,23세,원동기장치자전거,상해없음,남,81세,자전거,중상,차대차 - 측면직각충돌,안전운전불이행,맑음,0,1
2016,경상북도 상주시1,경상북도 상주시 남성동(경북매일상주지사 부근),2016-06-03,16시경,경상사고,남,14세,자전거,경상,남,69세,승용차,상해없음,차대차 - 측면직각충돌,불법유턴,맑음,0,1
2016,경상북도 상주시1,경상북도 상주시 남성동(경북매일상주지사 부근),2016-07-15,19시경,경상사고,여,17세,자전거,경상,남,30세,승용차,상해없음,차대차 - 기타,중앙선침범,맑음,0,1
2016,경상북도 상주시1,경상북도 상주시 남성동(경북매일상주지사 부근),2016-05-13,08시경,중상사고,여,60세,자전거,중상,남,20세,승용차,상해없음,차대차 - 측면직각충돌,중앙선침범,맑음,0,1
2016,경상북도 상주시1,경상북도 상주시 남성동(경북매일상주지사 부근),2016-08-22,07시경,중상사고,남,40세,화물차,부상신고,여,74세,자전거,중상,차대차 - 추돌 - 진행중,기타,맑음,0,2
2016,경상북도 상주시1,경상북도 상주시 남성동(경북매일상주지사 부근),2016-05-19,19시경,중상사고,남,45세,화물차,상해없음,남,65세,자전거,중상,차대차 - 측면직각충돌,교차로운행방법위반,맑음,0,1
2016,경상북도 상주시4,경상북도 상주시 남성동(농민 건강원 부근),2016-10-07,08시경,경상사고,남,39세,승용차,상해없음,여,14세,자전거,경상,차대차 - 측면직각충돌,교차로운행방법위반,맑음,0,1
2016,경상북도 상주시4,경상북도 상주시 남성동(농민 건강원 부근),2016-10-04,14시경,경상사고,남,48세,승용차,상해없음,남,16세,자전거,경상,차대차 - 측면직각충돌,안전운전불이행,맑음,0,1
2016,경상북도 상주시4,경상북도 상주시 남성동(농민 건강원 부근),2016-10-22,15시경,중상사고,여,36세,승용차,상해없음,남,54세,자전거,중상,차대차 - 측면직각충돌,안전운전불이행,맑음,0,1
2016,경상북도 상주시4,경상북도 상주시 남성동(농민 건강원 부근),2016-11-28,17시경,경상사고,여,78세,자전거,경상,남,14세,자전거,상해없음,차대차 - 측면직각충돌,안전운전불이행,맑음,0,1
2016,경상북도 상주시4,경상북도 상주시 남성동(농민 건강원 부근),2016-11-28,09시경,중상사고,남,66세,화물차,상해없음,남,69세,자전거,중상,차대차 - 측면직각충돌,안전운전불이행,맑음,0,1
2016,경상북도 상주시2,경상북도 상주시 서문동(중앙 사거리 부근),2016-02-29,20시경,경상사고,남,50세,승용차,상해없음,남,41세,자전거,경상,차대차 - 측면직각충돌,안전운전불이행,맑음,0,1
2016,경상북도 상주시2,경상북도 상주시 서문동(중앙 사거리 부근),2016-08-29,08시경,중상사고,여,37세,승용차,상해없음,남,14세,자전거,중상,차대차 - 기타,안전운전불이행,맑음,0,1
2016,경상북도 상주시2,경상북도 상주시 서문동(중앙 사거리 부근),2016-08-25,14시경,경상사고,여,47세,승용차,상해없음,남,54세,자전거,경상,차대차 - 추돌 - 진행중,안전운전불이행,비,0,1
2016,경상북도 상주시2,경상북도 상주시 서문동(중앙 사거리 부근),2016-08-10,10시경,중상사고,여,54세,승용차,상해없음,여,78세,자전거,중상,차대차 - 측면직각충돌,안전운전불이행,맑음,0,1
2016,경상북도 상주시2,경상북도 상주시 서문동(중앙 사거리 부근),2016-12-23,12시경,경상사고,여,74세,자전거,경상,여,25세,승용차,상해없음,차대차 - 측면직각충돌,안전운전불이행,비,0,1
2016,경상북도 상주시2,경상북도 상주시 서문동(중앙 사거리 부근),2016-06-27,06시경,경상사고,남,55세,화물차,상해없음,여,66세,자전거,경상,차대차 - 추돌 - 진행중,안전운전불이행,맑음,0,1
2016,경상북도 상주시2,경상북도 상주시 서문동(중앙 사거리 부근),2016-11-17,13시경,경상사고,남,58세,화물차,상해없음,여,82세,자전거,경상,차대차 - 기타,안전운전불이행,맑음,0,1
2016,경상북도 상주시2,경상북도 상주시 서문동(중앙 사거리 부근),2016-10-19,12시경,경상사고,남,73세,화물차,상해없음,남,41세,자전거,경상,차대차 - 측면직각충돌,안전운전불이행,맑음,0,1
2016,경상북도 상주시3,경상북도 상주시 무양동(공공다방 부근),2016-04-23,16시경,경상사고,남,54세,승용차,상해없음,남,10세,자전거,경상,차대차 - 측면직각충돌,교차로운행방법위반,맑음,0,1
2016,경상북도 상주시3,경상북도 상주시 무양동(공공다방 부근),2016-05-10,16시경,경상사고,남,57세,승용차,상해없음,남,12세,자전거,경상,차대차 - 기타,안전운전불이행,비,0,1
2016,경상북도 상주시3,경상북도 상주시 무양동(공공다방 부근),2016-11-04,15시경,경상사고,여,59세,승용차,상해없음,여,71세,자전거,경상,차대차 - 측면직각충돌,교차로운행방법위반,맑음,0,1
2016,경상북도 상주시3,경상북도 상주시 무양동(공공다방 부근),2016-11-15,18시경,중상사고,여,62세,승용차,상해없음,여,48세,자전거,중상,차대차 - 측면직각충돌,안전운전불이행,맑음,0,1
2016,경상북도 상주시3,경상북도 상주시 무양동(공공다방 부근),2016-07-24,17시경,경상사고,남,27세,이륜차,상해없음,남,12세,자전거,경상,차대차 - 측면직각충돌,신호위반,맑음,0,1
2016,경상북도 상주시3,경상북도 상주시 무양동(공공다방 부근),2016-05-18,13시경,경상사고,남,67세,화물차,상해없음,남,76세,자전거,경상,차대차 - 측면직각충돌,교차로운행방법위반,맑음,0,1
2016,경상북도 경산시1,경상북도 경산시 상방동(안흥사 부근),2016-11-12,07시경,중상사고,남,50세,승용차,상해없음,여,64세,자전거,중상,차대차 - 정면충돌,신호위반,맑음,0,1
2016,경상북도 경산시1,경상북도 경산시 상방동(안흥사 부근),2016-09-22,19시경,경상사고,여,52세,승용차,상해없음,여,29세,자전거,경상,차대차 - 정면충돌,안전운전불이행,맑음,0,1
2016,경상북도 경산시1,경상북도 경산시 상방동(안흥사 부근),2016-09-20,17시경,경상사고,여,56세,승용차,상해없음,남,15세,자전거,경상,차대차 - 기타,신호위반,맑음,0,1
2016,경상북도 경산시1,경상북도 경산시 상방동(안흥사 부근),2016-08-24,08시경,경상사고,남,64세,승합차,상해없음,남,36세,자전거,경상,차대차 - 측면직각충돌,안전운전불이행,맑음,0,1
2016,경상북도 경산시1,경상북도 경산시 상방동(안흥사 부근),2016-10-24,10시경,경상사고,남,37세,화물차,상해없음,남,84세,자전거,경상,차대차 - 측면직각충돌,신호위반,맑음,0,1
2016,경상북도 경산시1,경상북도 경산시 옥산동(카페벙커 부근),2016-11-12,07시경,중상사고,남,50세,승용차,상해없음,여,64세,자전거,중상,차대차 - 정면충돌,신호위반,맑음,0,1
2016,경상북도 경산시1,경상북도 경산시 옥산동(카페벙커 부근),2016-09-22,19시경,경상사고,여,52세,승용차,상해없음,여,29세,자전거,경상,차대차 - 정면충돌,안전운전불이행,맑음,0,1
2016,경상북도 경산시1,경상북도 경산시 옥산동(카페벙커 부근),2016-09-20,17시경,경상사고,여,56세,승용차,상해없음,남,15세,자전거,경상,차대차 - 기타,신호위반,맑음,0,1
2016,경상북도 경산시1,경상북도 경산시 옥산동(카페벙커 부근),2016-08-24,08시경,경상사고,남,64세,승합차,상해없음,남,36세,자전거,경상,차대차 - 측면직각충돌,안전운전불이행,맑음,0,1
2016,경상북도 경산시1,경상북도 경산시 옥산동(카페벙커 부근),2016-10-24,10시경,경상사고,남,37세,화물차,상해없음,남,84세,자전거,경상,차대차 - 측면직각충돌,신호위반,맑음,0,1
2016,경상북도 경산시3,경상북도 경산시 중방동(나이키경산점 부근),2016-11-28,16시경,경상사고,남,12세,자전거,상해없음,여,62세,보행자,경상,차대사람 - 횡단중,안전운전불이행,맑음,0,1
2016,경상북도 경산시3,경상북도 경산시 중방동(나이키경산점 부근),2016-05-12,10시경,부상신고사고,남,58세,자전거,부상신고,여,59세,승용차,상해없음,차대차 - 측면직각충돌,신호위반,맑음,0,1
2016,경상북도 경산시3,경상북도 경산시 중방동(나이키경산점 부근),2016-04-03,20시경,경상사고,남,64세,자전거,경상,남,54세,승용차,상해없음,차대차 - 측면직각충돌,중앙선침범,흐림,0,1
2016,경상북도 경산시3,경상북도 경산시 중방동(나이키경산점 부근),2016-07-14,10시경,중상사고,남,23세,화물차,상해없음,여,66세,자전거,중상,차대차 - 측면직각충돌,직진우회전진행방해,맑음,0,1
2016,경상남도 창원시 의창구2,경상남도 창원시 의창구 명서동(월드자동차정비 부근),2016-11-25,18시경,부상신고사고,기타불명,불명,불명,기타불명,남,15세,자전거,부상신고,차대차 - 기타,안전운전불이행,맑음,0,1
2016,경상남도 창원시 의창구2,경상남도 창원시 의창구 명서동(월드자동차정비 부근),2016-08-16,21시경,중상사고,남,41세,승용차,상해없음,남,30세,자전거,중상,차대차 - 측면직각충돌,안전운전불이행,맑음,0,1
2016,경상남도 창원시 의창구2,경상남도 창원시 의창구 명서동(월드자동차정비 부근),2016-04-21,23시경,경상사고,남,28세,자전거,경상,남,69세,승용차,상해없음,차대차 - 측면직각충돌,안전운전불이행,맑음,0,1
2016,경상남도 창원시 의창구2,경상남도 창원시 의창구 명서동(월드자동차정비 부근),2016-03-23,22시경,부상신고사고,여,36세,자전거,부상신고,남,59세,승용차,상해없음,차대차 - 측면직각충돌,불법유턴,맑음,0,1
2016,경상남도 창원시 의창구1,경상남도 창원시 의창구 신월동(한국은행사거리 부근),2016-05-29,17시경,부상신고사고,기타불명,불명,승용차,기타불명,남,14세,자전거,부상신고,차대차 - 기타,안전운전불이행,맑음,0,1
2016,경상남도 창원시 의창구1,경상남도 창원시 의창구 신월동(한국은행사거리 부근),2016-08-20,16시경,중상사고,남,55세,승용차,상해없음,남,13세,자전거,중상,차대차 - 기타,신호위반,맑음,0,1
2016,경상남도 창원시 의창구1,경상남도 창원시 의창구 신월동(한국은행사거리 부근),2016-09-06,21시경,경상사고,남,62세,승용차,상해없음,남,35세,자전거,경상,차대차 - 측면직각충돌,안전운전불이행,맑음,0,1
2016,경상남도 창원시 의창구1,경상남도 창원시 의창구 신월동(한국은행사거리 부근),2016-06-10,08시경,중상사고,남,64세,승용차,상해없음,여,58세,자전거,중상,차대차 - 측면직각충돌,안전운전불이행,맑음,0,1
2016,경상남도 창원시 의창구1,경상남도 창원시 의창구 신월동(한국은행사거리 부근),2016-08-25,14시경,경상사고,남,72세,승용차,상해없음,남,17세,자전거,경상,차대차 - 측면직각충돌,안전운전불이행,맑음,0,1
2016,경상남도 창원시 의창구1,경상남도 창원시 의창구 신월동(한국은행사거리 부근),2016-02-24,11시경,중상사고,여,49세,승용차,상해없음,여,47세,자전거,중상,차대차 - 측면직각충돌,안전운전불이행,맑음,0,1
2016,경상남도 창원시 의창구1,경상남도 창원시 의창구 신월동(한국은행사거리 부근),2016-04-29,16시경,경상사고,남,19세,자전거,경상,여,40세,승용차,상해없음,차대차 - 측면직각충돌,안전운전불이행,맑음,0,1
2016,경상남도 창원시 성산구1,경상남도 창원시 성산구 상남동(생활체육관삼거리 부근),2016-06-18,08시경,경상사고,남,63세,승용차,상해없음,남,62세,자전거,경상,차대차 - 측면직각충돌,안전운전불이행,맑음,0,1
2016,경상남도 창원시 성산구1,경상남도 창원시 성산구 상남동(생활체육관삼거리 부근),2016-04-15,18시경,중상사고,여,28세,승용차,상해없음,남,27세,자전거,중상,차대차 - 기타,안전운전불이행,맑음,0,1
2016,경상남도 창원시 성산구1,경상남도 창원시 성산구 상남동(생활체육관삼거리 부근),2016-01-16,10시경,사망사고,여,59세,승용차,상해없음,남,65세,자전거,사망,차대차 - 정면충돌,안전운전불이행,맑음,1,0
2016,경상남도 창원시 성산구1,경상남도 창원시 성산구 상남동(생활체육관삼거리 부근),2016-06-28,17시경,중상사고,남,17세,이륜차,상해없음,남,61세,자전거,중상,차대차 - 측면직각충돌,신호위반,맑음,0,1
2016,경상남도 창원시 마산회원구1,경상남도 창원시 마산회원구 석전동(- 인근),2016-09-04,17시경,경상사고,남,29세,승용차,기타불명,남,62세,자전거,경상,차대차 - 기타,신호위반,맑음,0,1
2016,경상남도 창원시 마산회원구1,경상남도 창원시 마산회원구 석전동(- 인근),2016-06-24,19시경,중상사고,남,45세,승용차,상해없음,남,53세,자전거,중상,차대차 - 측면직각충돌,안전운전불이행,흐림,0,1
2016,경상남도 창원시 마산회원구1,경상남도 창원시 마산회원구 석전동(- 인근),2016-07-22,19시경,경상사고,남,48세,승용차,기타불명,남,22세,자전거,경상,차대차 - 측면직각충돌,안전운전불이행,맑음,0,1
2016,경상남도 창원시 마산회원구1,경상남도 창원시 마산회원구 석전동(- 인근),2016-10-10,10시경,중상사고,남,56세,화물차,상해없음,여,73세,자전거,중상,차대차 - 측면직각충돌,안전운전불이행,맑음,0,1
2016,경상남도 진주시1,경상남도 진주시 강남동(진주역사거리 부근),2016-06-25,06시경,중상사고,남,33세,승용차,상해없음,남,68세,자전거,중상,차대차 - 기타,안전운전불이행,맑음,0,1
2016,경상남도 진주시1,경상남도 진주시 강남동(진주역사거리 부근),2016-06-08,11시경,중상사고,여,55세,승용차,상해없음,남,23세,자전거,중상,차대차 - 측면직각충돌,교차로운행방법위반,맑음,0,1
2016,경상남도 진주시1,경상남도 진주시 강남동(진주역사거리 부근),2016-03-26,14시경,중상사고,여,56세,승용차,상해없음,남,15세,자전거,중상,차대차 - 기타,신호위반,맑음,0,1
2016,경상남도 진주시1,경상남도 진주시 강남동(진주역사거리 부근),2016-02-16,16시경,중상사고,남,19세,자전거,부상신고,여,9세,보행자,중상,차대사람 - 횡단중,신호위반,맑음,0,2
2016,경상남도 진주시1,경상남도 진주시 강남동(진주역사거리 부근),2016-03-12,14시경,중상사고,남,32세,화물차,상해없음,여,56세,자전거,중상,차대차 - 측면직각충돌,교차로운행방법위반,맑음,0,1
2016,경상남도 김해시1,경상남도 김해시 봉황동(르노삼성자동차내동지점 부근),2016-11-18,17시경,중상사고,여,48세,승용차,상해없음,남,50세,자전거,중상,차대차 - 기타,안전운전불이행,비,0,1
2016,경상남도 김해시1,경상남도 김해시 봉황동(르노삼성자동차내동지점 부근),2016-07-21,20시경,경상사고,여,49세,승용차,상해없음,남,26세,자전거,경상,차대차 - 측면직각충돌,안전운전불이행,맑음,0,1
2016,경상남도 김해시1,경상남도 김해시 봉황동(르노삼성자동차내동지점 부근),2016-05-17,07시경,중상사고,남,16세,자전거,상해없음,남,71세,보행자,중상,차대사람 - 기타,안전운전불이행,맑음,0,1