사고년도,다발시군구,지점명,사고일시,사고시간대,사고등급,가해자성별,가해자연령,가해차종,가해자신체상해정도,피해자성별,피해자연령,피해차종,피해자신체상해정도,사고유형,가해자법규위반,기상상태,사망자수,부상자수
2016,경상남도 김해시1,경상남도 김해시 봉황동(르노삼성자동차내동지점 부근),2016-03-09,22시경,경상사고,남,22세,자전거,경상,남,41세,승용차,상해없음,차대차 - 기타,불법유턴,맑음,0,1
2016,경상남도 김해시1,경상남도 김해시 봉황동(르노삼성자동차내동지점 부근),2016-10-07,22시경,경상사고,여,47세,자전거,경상,없음,불명,없음,없음,차량단독 - 전도전복,안전운전불이행,흐림,0,1
2016,경상남도 김해시1,경상남도 김해시 봉황동(르노삼성자동차내동지점 부근),2016-12-20,17시경,경상사고,여,56세,자전거,경상,남,30세,승용차,상해없음,차대차 - 기타,안전운전불이행,맑음,0,1
2016,경상남도 김해시2,경상남도 김해시 내동((경원소방서앞교차로) 부근),2016-01-05,14시경,경상사고,남,12세,자전거,경상,여,23세,승용차,상해없음,차대차 - 측면직각충돌,안전운전불이행,맑음,0,1
2016,경상남도 김해시2,경상남도 김해시 내동((경원소방서앞교차로) 부근),2016-12-13,21시경,경상사고,남,15세,자전거,경상,남,34세,이륜차,상해없음,차대차 - 기타,안전운전불이행,맑음,0,1
2016,경상남도 김해시2,경상남도 김해시 내동((경원소방서앞교차로) 부근),2016-08-27,17시경,경상사고,남,16세,자전거,경상,남,42세,자전거,상해없음,차대차 - 기타,안전운전불이행,맑음,0,1
2016,경상남도 김해시2,경상남도 김해시 내동((경원소방서앞교차로) 부근),2016-11-08,18시경,경상사고,남,27세,자전거,경상,남,18세,승용차,상해없음,차대차 - 측면직각충돌,안전운전불이행,맑음,0,1
2016,경상남도 김해시2,경상남도 김해시 내동((경원소방서앞교차로) 부근),2016-09-27,14시경,부상신고사고,남,55세,자전거,부상신고,여,42세,승용차,상해없음,차대차 - 기타,신호위반,맑음,0,1
2016,경상남도 김해시2,경상남도 김해시 내동((경원소방서앞교차로) 부근),2016-01-05,06시경,경상사고,여,21세,자전거,경상,남,69세,승용차,상해없음,차대차 - 기타,중앙선침범,맑음,0,1
2016,경상남도 거제시4,경상남도 거제시 옥포동(이가자헤어비스 부근),2016-06-04,06시경,중상사고,남,28세,승용차,상해없음,남,32세,자전거,중상,차대차 - 추돌 - 진행중,안전운전불이행,맑음,0,1
2016,경상남도 거제시4,경상남도 거제시 옥포동(이가자헤어비스 부근),2016-06-17,18시경,경상사고,남,52세,승용차,상해없음,여,32세,자전거,경상,차대차 - 기타,안전운전불이행,맑음,0,1
2016,경상남도 거제시4,경상남도 거제시 옥포동(이가자헤어비스 부근),2016-05-30,20시경,경상사고,남,54세,승용차,상해없음,남,56세,자전거,경상,차대차 - 측면직각충돌,안전운전불이행,맑음,0,1
2016,경상남도 거제시4,경상남도 거제시 옥포동(이가자헤어비스 부근),2016-01-18,11시경,중상사고,남,55세,특수차,상해없음,남,73세,자전거,중상,차대차 - 측면직각충돌,안전운전불이행,맑음,0,1
2016,경상남도 거제시4,경상남도 거제시 옥포동(이가자헤어비스 부근),2016-06-17,16시경,중상사고,남,33세,화물차,상해없음,남,52세,자전거,중상,차대차 - 기타,안전운전불이행,맑음,0,1
2016,경상남도 거제시6,경상남도 거제시 옥포동(한양입시학원 부근),2016-02-27,06시경,경상사고,남,46세,승용차,상해없음,남,43세,자전거,경상,차대차 - 측면직각충돌,교차로운행방법위반,맑음,0,1
2016,경상남도 거제시6,경상남도 거제시 옥포동(한양입시학원 부근),2016-11-09,18시경,경상사고,남,56세,승용차,상해없음,남,46세,자전거,경상,차대차 - 측면직각충돌,안전운전불이행,맑음,0,1
2016,경상남도 거제시6,경상남도 거제시 옥포동(한양입시학원 부근),2016-01-04,07시경,경상사고,남,63세,승용차,상해없음,남,25세,자전거,경상,차대차 - 측면직각충돌,안전운전불이행,맑음,0,1
2016,경상남도 거제시6,경상남도 거제시 옥포동(한양입시학원 부근),2016-02-20,07시경,경상사고,남,41세,이륜차,상해없음,남,35세,자전거,경상,차대차 - 추돌 - 진행중,안전운전불이행,맑음,0,1
2016,경상남도 거제시6,경상남도 거제시 옥포동(한양입시학원 부근),2016-07-07,08시경,중상사고,기타불명,불명,자전거,기타불명,여,51세,보행자,중상,차대사람 - 기타,안전운전불이행,맑음,0,1
2016,경상남도 거제시2,경상남도 거제시 장평동(장평초등학교 부근),2016-11-08,21시경,중상사고,남,27세,이륜차,상해없음,남,50세,자전거,중상,차대차 - 측면직각충돌,안전운전불이행,맑음,0,1
2016,경상남도 거제시2,경상남도 거제시 장평동(장평초등학교 부근),2016-06-13,07시경,경상사고,남,30세,이륜차,상해없음,여,41세,자전거,경상,차대차 - 기타,안전운전불이행,맑음,0,1
2016,경상남도 거제시2,경상남도 거제시 장평동(장평초등학교 부근),2016-12-25,06시경,경상사고,남,31세,이륜차,상해없음,남,24세,자전거,경상,차대차 - 측면직각충돌,안전운전불이행,맑음,0,1
2016,경상남도 거제시2,경상남도 거제시 장평동(장평초등학교 부근),2016-01-22,17시경,중상사고,남,40세,자전거,중상,남,41세,이륜차,중상,차대차 - 정면충돌,차로위반,맑음,0,2
2016,경상남도 거제시2,경상남도 거제시 장평동(장평초등학교 부근),2016-11-29,07시경,경상사고,남,46세,자전거,경상,남,44세,자전거,경상,차대차 - 측면직각충돌,안전운전불이행,맑음,0,2
2016,경상남도 거제시5,경상남도 거제시 장평동(삼성중공업사원아파트 부근),2016-12-14,09시경,중상사고,여,45세,승용차,상해없음,남,42세,자전거,중상,차대차 - 기타,안전운전불이행,맑음,0,1
2016,경상남도 거제시5,경상남도 거제시 장평동(삼성중공업사원아파트 부근),2016-12-28,17시경,중상사고,남,25세,이륜차,상해없음,남,57세,자전거,중상,차대차 - 추돌 - 진행중,안전운전불이행,맑음,0,1
2016,경상남도 거제시5,경상남도 거제시 장평동(삼성중공업사원아파트 부근),2016-06-08,07시경,경상사고,남,23세,자전거,상해없음,남,37세,자전거,경상,차대차 - 측면직각충돌,중앙선침범,맑음,0,1
2016,경상남도 거제시5,경상남도 거제시 장평동(삼성중공업사원아파트 부근),2016-09-01,18시경,경상사고,남,53세,자전거,상해없음,남,31세,이륜차,경상,차대차 - 측면직각충돌,안전운전불이행,비,0,1
2016,경상남도 거제시5,경상남도 거제시 장평동(삼성중공업사원아파트 부근),2016-06-29,07시경,경상사고,남,62세,자전거,기타불명,남,33세,이륜차,경상,차대차 - 기타,안전운전불이행,맑음,0,1
2016,경상남도 거제시1,경상남도 거제시 고현동(하이프라자 부근),2016-01-13,06시경,경상사고,남,26세,승용차,상해없음,남,48세,자전거,경상,차대차 - 측면직각충돌,교차로운행방법위반,맑음,0,1
2016,경상남도 거제시1,경상남도 거제시 고현동(하이프라자 부근),2016-07-06,17시경,중상사고,남,55세,승용차,상해없음,남,51세,자전거,중상,차대차 - 기타,신호위반,맑음,0,5
2016,경상남도 거제시1,경상남도 거제시 고현동(하이프라자 부근),2016-10-09,15시경,중상사고,남,63세,승용차,상해없음,남,24세,자전거,중상,차대차 - 측면직각충돌,신호위반,맑음,0,1
2016,경상남도 거제시1,경상남도 거제시 고현동(하이프라자 부근),2016-10-13,07시경,중상사고,여,44세,승용차,상해없음,남,29세,자전거,중상,차대차 - 추돌 - 진행중,신호위반,맑음,0,1
2016,경상남도 거제시1,경상남도 거제시 고현동(하이프라자 부근),2016-10-09,17시경,경상사고,남,16세,자전거,경상,남,34세,승용차,상해없음,차대차 - 측면직각충돌,안전운전불이행,맑음,0,1
2016,경상남도 거제시3,경상남도 거제시 연초면(다이빙월드 부근),2016-09-08,05시경,중상사고,남,45세,승용차,상해없음,남,44세,자전거,중상,차대차 - 측면직각충돌,안전운전불이행,맑음,0,1
2016,경상남도 거제시3,경상남도 거제시 연초면(다이빙월드 부근),2016-11-25,22시경,중상사고,남,18세,이륜차,상해없음,남,36세,자전거,중상,차대차 - 측면직각충돌,안전운전불이행,맑음,0,1
2016,경상남도 거제시3,경상남도 거제시 연초면(다이빙월드 부근),2016-03-15,20시경,경상사고,남,44세,자전거,경상,남,38세,승용차,상해없음,차대차 - 측면직각충돌,안전운전불이행,맑음,0,1
2016,경상남도 거제시3,경상남도 거제시 연초면(다이빙월드 부근),2016-02-19,21시경,경상사고,남,44세,자전거,상해없음,여,45세,보행자,경상,차대사람 - 횡단중,보행자보호의무위반,맑음,0,1
2016,경상남도 거제시3,경상남도 거제시 연초면(다이빙월드 부근),2016-01-30,17시경,중상사고,남,46세,자전거,상해없음,여,43세,원동기장치자전거,중상,차대차 - 측면직각충돌,안전운전불이행,맑음,0,1
2016,경상남도 양산시2,경상남도 양산시 남부동(현대치과의원 부근),2016-02-29,11시경,부상신고사고,남,45세,승용차,기타불명,남,10세,자전거,부상신고,차대차 - 측면직각충돌,안전운전불이행,맑음,0,1
2016,경상남도 양산시2,경상남도 양산시 남부동(현대치과의원 부근),2016-08-14,14시경,경상사고,남,45세,승용차,상해없음,남,59세,자전거,경상,차대차 - 정면충돌,안전운전불이행,맑음,0,1
2016,경상남도 양산시2,경상남도 양산시 남부동(현대치과의원 부근),2016-07-18,08시경,중상사고,여,29세,승용차,상해없음,남,73세,자전거,중상,차대차 - 측면직각충돌,직진우회전진행방해,맑음,0,1
2016,경상남도 양산시2,경상남도 양산시 남부동(현대치과의원 부근),2016-08-08,13시경,경상사고,남,56세,승합차,상해없음,남,9세,자전거,경상,차대차 - 기타,보행자보호의무위반,맑음,0,1
2016,경상남도 양산시2,경상남도 양산시 남부동(현대치과의원 부근),2016-12-13,18시경,부상신고사고,남,17세,자전거,부상신고,여,56세,승용차,상해없음,차대차 - 측면직각충돌,안전운전불이행,맑음,0,1
2016,경상남도 양산시1,경상남도 양산시 중부동(수정원 부근),2016-09-07,19시경,부상신고사고,남,29세,승용차,상해없음,남,55세,자전거,부상신고,차대차 - 정면충돌,안전운전불이행,맑음,0,1
2016,경상남도 양산시1,경상남도 양산시 중부동(수정원 부근),2016-07-11,18시경,경상사고,남,51세,승용차,상해없음,남,9세,자전거,경상,차대차 - 정면충돌,신호위반,맑음,0,1
2016,경상남도 양산시1,경상남도 양산시 중부동(수정원 부근),2016-06-23,21시경,경상사고,여,26세,승용차,상해없음,남,17세,자전거,경상,차대차 - 기타,신호위반,맑음,0,1
2016,경상남도 양산시1,경상남도 양산시 중부동(수정원 부근),2016-06-18,18시경,경상사고,남,18세,자전거,경상,여,48세,승용차,상해없음,차대차 - 추돌 - 진행중,안전운전불이행,맑음,0,1
2016,경상남도 양산시1,경상남도 양산시 중부동(수정원 부근),2016-12-06,17시경,중상사고,남,70세,자전거,상해없음,남,20세,이륜차,중상,차대차 - 측면직각충돌,중앙선침범,맑음,0,1
2016,경상남도 창녕군1,경상남도 창녕군 남지읍(새경남약국 부근),2016-06-05,14시경,중상사고,남,38세,승용차,상해없음,여,68세,자전거,중상,차대차 - 추돌 - 진행중,안전운전불이행,맑음,0,1
2016,경상남도 창녕군1,경상남도 창녕군 남지읍(새경남약국 부근),2016-09-20,21시경,경상사고,남,66세,자전거,경상,여,55세,승합차,상해없음,차대차 - 측면직각충돌,안전운전불이행,맑음,0,1
2016,경상남도 창녕군1,경상남도 창녕군 남지읍(새경남약국 부근),2016-05-24,17시경,중상사고,남,72세,자전거,중상,여,28세,승용차,상해없음,차대차 - 정면충돌,안전운전불이행,맑음,0,1
2016,경상남도 창녕군1,경상남도 창녕군 남지읍(새경남약국 부근),2016-12-07,19시경,경상사고,여,52세,화물차,상해없음,여,57세,자전거,경상,차대차 - 기타,안전운전불이행,맑음,0,1
2016,경상남도 거창군1,경상남도 거창군 거창읍(이주형치과 부근),2016-10-21,14시경,경상사고,여,55세,이륜차,기타불명,여,73세,자전거,경상,차대차 - 정면충돌,안전운전불이행,맑음,0,1
2016,경상남도 거창군1,경상남도 거창군 거창읍(이주형치과 부근),2016-01-09,15시경,경상사고,남,13세,자전거,경상,여,53세,승용차,상해없음,차대차 - 추돌 - 진행중,안전운전불이행,맑음,0,1
2016,경상남도 거창군1,경상남도 거창군 거창읍(이주형치과 부근),2016-06-22,08시경,경상사고,남,73세,자전거,경상,여,20세,승용차,상해없음,차대차 - 측면직각충돌,안전운전불이행,맑음,0,1
2016,경상남도 거창군1,경상남도 거창군 거창읍(이주형치과 부근),2016-08-11,09시경,경상사고,남,76세,화물차,기타불명,남,77세,자전거,경상,차대차 - 기타,안전운전불이행,맑음,0,1
2016,제주특별자치도 제주시1,제주특별자치도 제주시 일도일동(중앙사거리 부근),2016-12-18,19시경,중상사고,남,56세,승용차,상해없음,남,23세,자전거,중상,차대차 - 정면충돌,안전운전불이행,맑음,0,1
2016,제주특별자치도 제주시1,제주특별자치도 제주시 일도일동(중앙사거리 부근),2016-05-19,19시경,경상사고,남,10세,자전거,경상,남,21세,승용차,상해없음,차대차 - 측면직각충돌,안전운전불이행,맑음,0,1
2016,제주특별자치도 제주시1,제주특별자치도 제주시 일도일동(중앙사거리 부근),2016-08-20,23시경,경상사고,남,48세,자전거,경상,여,52세,승용차,상해없음,차대차 - 정면충돌,안전운전불이행,기타,0,1
2016,제주특별자치도 제주시1,제주특별자치도 제주시 일도일동(중앙사거리 부근),2016-06-07,12시경,부상신고사고,남,56세,자전거,부상신고,남,18세,승용차,상해없음,차대차 - 정면충돌,차로위반,맑음,0,1
2016,제주특별자치도 제주시2,제주특별자치도 제주시 이도이동(법원사거리 부근),2016-07-12,18시경,경상사고,기타불명,불명,불명,기타불명,남,14세,자전거,경상,차대차 - 추돌 - 진행중,신호위반,비,0,1
2016,제주특별자치도 제주시2,제주특별자치도 제주시 이도이동(법원사거리 부근),2016-03-22,08시경,경상사고,여,29세,승용차,상해없음,남,12세,자전거,경상,차대차 - 측면직각충돌,신호위반,맑음,0,1
2016,제주특별자치도 제주시2,제주특별자치도 제주시 이도이동(법원사거리 부근),2016-06-01,18시경,경상사고,남,25세,이륜차,상해없음,남,17세,자전거,경상,차대차 - 측면직각충돌,안전운전불이행,맑음,0,1
2016,제주특별자치도 제주시2,제주특별자치도 제주시 이도이동(법원사거리 부근),2016-04-15,16시경,경상사고,남,13세,자전거,경상,남,40세,승용차,상해없음,차대차 - 기타,교차로운행방법위반,맑음,0,1
2017,서울특별시 종로구3,서울특별시 종로구 관철동(관수파출소 부근),2017-04-29,15시경,경상사고,남,66세,승용차,상해없음,남,40세,자전거,경상,차대차 - 측면충돌,안전운전불이행,맑음,0,1
2017,서울특별시 종로구3,서울특별시 종로구 관철동(관수파출소 부근),2017-11-21,18시경,경상사고,남,55세,원동기장치자전거,상해없음,남,41세,자전거,경상,차대차 - 측면충돌,신호위반,맑음,0,1
2017,서울특별시 종로구3,서울특별시 종로구 관철동(관수파출소 부근),2017-03-08,18시경,경상사고,남,54세,자전거,상해없음,남,37세,승용차,상해없음,차대차 - 측면충돌,신호위반,맑음,0,1
2017,서울특별시 종로구3,서울특별시 종로구 관철동(관수파출소 부근),2017-05-07,15시경,경상사고,남,61세,자전거,상해없음,여,57세,보행자,경상,차대사람 - 횡단중,기타,맑음,0,1
2017,서울특별시 종로구2,서울특별시 종로구 종로5가(종로5가역 부근),2017-03-17,11시경,경상사고,남,49세,자전거,경상,남,69세,승용차,상해없음,차대차 - 측면충돌,안전운전불이행,맑음,0,1
2017,서울특별시 종로구2,서울특별시 종로구 종로5가(종로5가역 부근),2017-12-06,12시경,중상사고,남,54세,자전거,상해없음,남,52세,승합차,상해없음,차대차 - 기타,신호위반,맑음,0,1
2017,서울특별시 종로구2,서울특별시 종로구 종로5가(종로5가역 부근),2017-06-15,22시경,부상신고사고,남,62세,자전거,부상신고,남,45세,승합차,상해없음,차대차 - 측면충돌,안전운전불이행,맑음,0,1
2017,서울특별시 종로구2,서울특별시 종로구 종로5가(종로5가역 부근),2017-10-31,11시경,부상신고사고,여,64세,자전거,부상신고,남,34세,화물차,상해없음,차대차 - 측면충돌,안전운전불이행,맑음,0,1
2017,서울특별시 종로구1,서울특별시 종로구 종로6가(동대문역 1번출구 부근),2017-07-25,15시경,중상사고,남,32세,승용차,상해없음,남,12세,자전거,중상,차대차 - 측면충돌,안전운전불이행,맑음,0,1
2017,서울특별시 종로구1,서울특별시 종로구 종로6가(동대문역 1번출구 부근),2017-12-27,14시경,사망사고,남,64세,승용차,상해없음,남,49세,자전거,사망,차대차 - 추돌,안전운전불이행,맑음,1,5
2017,서울특별시 종로구1,서울특별시 종로구 종로6가(동대문역 1번출구 부근),2017-12-16,11시경,부상신고사고,남,58세,자전거,부상신고,남,39세,승용차,상해없음,차대차 - 측면충돌,안전운전불이행,맑음,0,1
2017,서울특별시 종로구1,서울특별시 종로구 종로6가(동대문역 1번출구 부근),2017-05-19,01시경,부상신고사고,남,62세,자전거,부상신고,남,29세,승용차,상해없음,차대차 - 정면충돌,안전운전불이행,맑음,0,1
2017,서울특별시 종로구1,서울특별시 종로구 종로6가(동대문역 1번출구 부근),2017-06-15,14시경,경상사고,남,75세,자전거,상해없음,여,57세,보행자,경상,차대사람 - 길가장자리구역통행중,안전운전불이행,맑음,0,1
2017,서울특별시 종로구1,서울특별시 종로구 종로6가(동대문역 1번출구 부근),2017-03-08,13시경,중상사고,남,47세,화물차,상해없음,남,85세,자전거,중상,차대차 - 측면충돌,안전운전불이행,맑음,0,1
2017,서울특별시 용산구2,서울특별시 용산구 한강로1가(삼각지역6호선 부근),2017-08-30,21시경,중상사고,남,57세,승용차,상해없음,남,43세,자전거,중상,차대차 - 측면충돌,안전거리미확보,맑음,0,1
2017,서울특별시 용산구2,서울특별시 용산구 한강로1가(삼각지역6호선 부근),2017-11-24,09시경,중상사고,남,51세,승합차,상해없음,남,39세,자전거,중상,차대차 - 측면충돌,안전운전불이행,맑음,0,1
2017,서울특별시 용산구2,서울특별시 용산구 한강로1가(삼각지역6호선 부근),2017-05-29,12시경,경상사고,남,39세,자전거,상해없음,남,38세,이륜차,경상,차대차 - 기타,안전운전불이행,맑음,0,1
2017,서울특별시 용산구2,서울특별시 용산구 한강로1가(삼각지역6호선 부근),2017-06-20,07시경,경상사고,남,47세,자전거,경상,여,33세,승용차,상해없음,차대차 - 측면충돌,안전운전불이행,맑음,0,1
2017,서울특별시 용산구1,서울특별시 용산구 서빙고동(반포대교북단교차로 부근),2017-10-16,12시경,경상사고,여,38세,승용차,상해없음,남,71세,자전거,경상,차대차 - 기타,신호위반,맑음,0,1
2017,서울특별시 용산구1,서울특별시 용산구 서빙고동(반포대교북단교차로 부근),2017-11-02,23시경,중상사고,남,17세,원동기장치자전거,상해없음,남,30세,자전거,중상,차대차 - 측면충돌,중앙선침범,맑음,0,1
2017,서울특별시 용산구1,서울특별시 용산구 서빙고동(반포대교북단교차로 부근),2017-10-12,20시경,중상사고,남,30세,자전거,기타불명,남,52세,자전거,중상,차대차 - 추돌,안전거리미확보,맑음,0,1
2017,서울특별시 용산구1,서울특별시 용산구 서빙고동(반포대교북단교차로 부근),2017-10-05,14시경,경상사고,남,62세,자전거,상해없음,남,40세,자전거,경상,차대차 - 기타,안전운전불이행,맑음,0,1
2017,서울특별시 용산구1,서울특별시 용산구 서빙고동(반포대교북단교차로 부근),2017-06-22,11시경,중상사고,남,58세,화물차,상해없음,남,54세,자전거,중상,차대차 - 정면충돌,안전운전불이행,맑음,0,1
2017,서울특별시 성동구4,서울특별시 성동구 상왕십리동(황학교 부근),2017-06-11,04시경,중상사고,남,50세,승용차,기타불명,남,42세,자전거,중상,차대차 - 측면충돌,신호위반,맑음,0,1
2017,서울특별시 성동구4,서울특별시 성동구 상왕십리동(황학교 부근),2017-06-17,14시경,경상사고,남,55세,승용차,상해없음,남,38세,자전거,경상,차대차 - 측면충돌,안전운전불이행,맑음,0,1
2017,서울특별시 성동구4,서울특별시 성동구 상왕십리동(황학교 부근),2017-01-26,10시경,경상사고,남,43세,이륜차,상해없음,남,85세,자전거,경상,차대차 - 측면충돌,안전운전불이행,맑음,0,1
2017,서울특별시 성동구4,서울특별시 성동구 상왕십리동(황학교 부근),2017-07-31,19시경,중상사고,남,46세,자전거,상해없음,여,36세,보행자,중상,차대사람 - 기타,안전운전불이행,맑음,0,1
2017,서울특별시 성동구5,서울특별시 성동구 하왕십리동(무학교 부근),2017-06-27,12시경,부상신고사고,기타불명,불명,불명,기타불명,여,49세,자전거,부상신고,차대차 - 기타,안전운전불이행,맑음,0,1
2017,서울특별시 성동구5,서울특별시 성동구 하왕십리동(무학교 부근),2017-05-31,17시경,경상사고,남,44세,승용차,상해없음,남,49세,자전거,경상,차대차 - 측면충돌,안전운전불이행,맑음,0,1
2017,서울특별시 성동구5,서울특별시 성동구 하왕십리동(무학교 부근),2017-06-01,08시경,경상사고,여,36세,승용차,상해없음,남,59세,자전거,경상,차대차 - 측면충돌,안전운전불이행,맑음,0,1
2017,서울특별시 성동구5,서울특별시 성동구 하왕십리동(무학교 부근),2017-11-13,14시경,중상사고,남,59세,화물차,상해없음,남,28세,자전거,중상,차대차 - 기타,안전운전불이행,흐림,0,1
2017,서울특별시 성동구1,서울특별시 성동구 마장동(고산자교 부근),2017-04-10,19시경,경상사고,기타불명,불명,불명,기타불명,여,29세,자전거,경상,차대차 - 측면충돌,안전운전불이행,맑음,0,1
2017,서울특별시 성동구1,서울특별시 성동구 마장동(고산자교 부근),2017-05-22,09시경,중상사고,여,55세,승용차,상해없음,남,52세,자전거,중상,차대차 - 측면충돌,신호위반,맑음,0,1
2017,서울특별시 성동구1,서울특별시 성동구 마장동(고산자교 부근),2017-09-23,13시경,사망사고,남,52세,승합차,상해없음,남,74세,자전거,사망,차대차 - 기타,안전운전불이행,맑음,1,0
2017,서울특별시 성동구1,서울특별시 성동구 마장동(고산자교 부근),2017-03-20,08시경,부상신고사고,남,25세,자전거,부상신고,남,65세,승용차,상해없음,차대차 - 측면충돌,교차로운행방법위반,맑음,0,1
2017,서울특별시 성동구1,서울특별시 성동구 마장동(고산자교 부근),2017-09-03,15시경,경상사고,남,49세,자전거,경상,남,72세,승용차,상해없음,차대차 - 측면충돌,안전운전불이행,맑음,0,1
2017,서울특별시 성동구1,서울특별시 성동구 마장동(고산자교 부근),2017-02-25,20시경,경상사고,남,60세,자전거,경상,남,53세,승용차,상해없음,차대차 - 측면충돌,안전운전불이행,맑음,0,1
2017,서울특별시 성동구1,서울특별시 성동구 마장동(고산자교 부근),2017-06-05,16시경,경상사고,남,65세,자전거,경상,남,59세,이륜차,상해없음,차대차 - 측면충돌,안전운전불이행,맑음,0,1
2017,서울특별시 성동구2,서울특별시 성동구 성수동1가(대림공인중개사사무소 부근),2017-08-11,07시경,경상사고,남,51세,승용차,상해없음,여,27세,자전거,경상,차대차 - 기타,안전운전불이행,맑음,0,1
2017,서울특별시 성동구2,서울특별시 성동구 성수동1가(대림공인중개사사무소 부근),2017-08-11,11시경,경상사고,남,16세,자전거,경상,여,39세,승용차,상해없음,차대차 - 기타,안전운전불이행,맑음,0,1
2017,서울특별시 성동구2,서울특별시 성동구 성수동1가(대림공인중개사사무소 부근),2017-03-09,22시경,중상사고,남,54세,자전거,중상,남,29세,화물차,상해없음,차대차 - 측면충돌,중앙선침범,맑음,0,1
2017,서울특별시 성동구2,서울특별시 성동구 성수동1가(대림공인중개사사무소 부근),2017-03-04,18시경,부상신고사고,남,57세,자전거,부상신고,남,54세,화물차,상해없음,차대차 - 기타,중앙선침범,맑음,0,1
2017,서울특별시 성동구2,서울특별시 성동구 성수동1가(대림공인중개사사무소 부근),2017-02-06,07시경,경상사고,남,55세,화물차,상해없음,남,68세,자전거,경상,차대차 - 측면충돌,직진우회전진행방해,맑음,0,1
2017,서울특별시 성동구3,서울특별시 성동구 송정동(성동세무서 부근),2017-11-11,22시경,경상사고,남,36세,승용차,상해없음,남,15세,자전거,경상,차대차 - 기타,기타,맑음,0,1
2017,서울특별시 성동구3,서울특별시 성동구 송정동(성동세무서 부근),2017-02-10,19시경,경상사고,남,51세,이륜차,경상,남,49세,자전거,경상,차대차 - 측면충돌,신호위반,맑음,0,2
2017,서울특별시 성동구3,서울특별시 성동구 송정동(성동세무서 부근),2017-08-02,06시경,사망사고,남,72세,자전거,사망,남,62세,승용차,상해없음,차대차 - 측면충돌,중앙선침범,맑음,1,0
2017,서울특별시 성동구3,서울특별시 성동구 송정동(성동세무서 부근),2017-04-26,11시경,경상사고,남,77세,자전거,경상,남,46세,승용차,상해없음,차대차 - 기타,안전운전불이행,맑음,0,1
2017,서울특별시 광진구1,서울특별시 광진구 자양동(우신빌딩 부근),2017-05-28,09시경,경상사고,남,23세,승용차,상해없음,남,51세,자전거,경상,차대차 - 측면충돌,안전운전불이행,맑음,0,1
2017,서울특별시 광진구1,서울특별시 광진구 자양동(우신빌딩 부근),2017-01-12,23시경,중상사고,남,23세,승용차,상해없음,여,57세,자전거,중상,차대차 - 추돌,안전운전불이행,맑음,0,1
2017,서울특별시 광진구1,서울특별시 광진구 자양동(우신빌딩 부근),2017-11-09,05시경,경상사고,남,61세,승용차,상해없음,여,45세,자전거,경상,차대차 - 기타,신호위반,맑음,0,1
2017,서울특별시 광진구1,서울특별시 광진구 자양동(우신빌딩 부근),2017-10-23,16시경,경상사고,남,42세,이륜차,상해없음,여,75세,자전거,경상,차대차 - 기타,안전운전불이행,맑음,0,1
2017,서울특별시 광진구1,서울특별시 광진구 자양동(우신빌딩 부근),2017-04-01,09시경,중상사고,남,54세,자전거,중상,남,51세,승용차,상해없음,차대차 - 기타,안전운전불이행,맑음,0,1
2017,서울특별시 광진구1,서울특별시 광진구 자양동(우신빌딩 부근),2017-08-14,12시경,부상신고사고,남,73세,자전거,부상신고,남,57세,승용차,상해없음,차대차 - 측면충돌,안전운전불이행,흐림,0,1
2017,서울특별시 광진구1,서울특별시 광진구 자양동(우신빌딩 부근),2017-03-13,22시경,부상신고사고,여,27세,자전거,부상신고,남,64세,승용차,상해없음,차대차 - 측면충돌,중앙선침범,맑음,0,1
2017,서울특별시 광진구2,서울특별시 광진구 자양동(자양현대홈타운7차아파트후문 부근),2017-04-27,06시경,경상사고,기타불명,불명,불명,기타불명,여,13세,자전거,경상,차대차 - 기타,직진우회전진행방해,맑음,0,1
2017,서울특별시 광진구2,서울특별시 광진구 자양동(자양현대홈타운7차아파트후문 부근),2017-08-11,19시경,경상사고,남,40세,승용차,상해없음,남,58세,자전거,경상,차대차 - 측면충돌,직진우회전진행방해,비,0,1
2017,서울특별시 광진구2,서울특별시 광진구 자양동(자양현대홈타운7차아파트후문 부근),2017-04-26,22시경,경상사고,남,46세,승용차,상해없음,여,16세,자전거,경상,차대차 - 측면충돌,안전운전불이행,맑음,0,1
2017,서울특별시 광진구2,서울특별시 광진구 자양동(자양현대홈타운7차아파트후문 부근),2017-11-28,06시경,경상사고,남,49세,승용차,상해없음,남,74세,자전거,경상,차대차 - 측면충돌,중앙선침범,맑음,0,1
2017,서울특별시 광진구2,서울특별시 광진구 자양동(자양현대홈타운7차아파트후문 부근),2017-11-18,12시경,부상신고사고,남,13세,자전거,부상신고,남,28세,화물차,상해없음,차대차 - 측면충돌,안전운전불이행,맑음,0,1
2017,서울특별시 광진구2,서울특별시 광진구 자양동(자양현대홈타운7차아파트후문 부근),2017-06-04,17시경,경상사고,남,59세,화물차,상해없음,남,33세,자전거,경상,차대차 - 측면충돌,안전운전불이행,맑음,0,1
2017,서울특별시 광진구3,서울특별시 광진구 자양동(건대입구역2호선 부근),2017-12-25,09시경,경상사고,남,56세,승용차,상해없음,여,43세,자전거,경상,차대차 - 기타,안전운전불이행,맑음,0,1