사고년도,다발시군구,지점명,사고일시,사고시간대,사고등급,가해자성별,가해자연령,가해차종,가해자신체상해정도,피해자성별,피해자연령,피해차종,피해자신체상해정도,사고유형,가해자법규위반,기상상태,사망자수,부상자수
2017,서울특별시 은평구3,서울특별시 은평구 응암동(응암오거리 부근),2017-09-22,15시경,경상사고,여,72세,자전거,경상,남,47세,승용차,상해없음,차대차 - 기타,안전운전불이행,맑음,0,1
2017,서울특별시 은평구1,서울특별시 은평구 신사동(신사오거리 부근),2017-05-25,16시경,경상사고,여,34세,승용차,상해없음,남,62세,자전거,경상,차대차 - 측면충돌,기타,맑음,0,1
2017,서울특별시 은평구1,서울특별시 은평구 신사동(신사오거리 부근),2017-06-25,18시경,중상사고,남,15세,자전거,중상,남,46세,보행자,중상,차대사람 - 횡단중,신호위반,맑음,0,2
2017,서울특별시 은평구1,서울특별시 은평구 신사동(신사오거리 부근),2017-08-21,19시경,부상신고사고,남,18세,자전거,부상신고,남,45세,승용차,상해없음,차대차 - 추돌,안전운전불이행,맑음,0,1
2017,서울특별시 은평구1,서울특별시 은평구 신사동(신사오거리 부근),2017-08-11,19시경,부상신고사고,남,56세,자전거,상해없음,남,40세,자전거,부상신고,차대차 - 기타,안전운전불이행,맑음,0,1
2017,서울특별시 은평구1,서울특별시 은평구 신사동(신사오거리 부근),2017-09-21,00시경,경상사고,남,59세,자전거,경상,없음,불명,없음,없음,차량단독 - 공작물충돌,안전운전불이행,맑음,0,1
2017,서울특별시 은평구1,서울특별시 은평구 신사동(신사오거리 부근),2017-09-23,05시경,경상사고,남,60세,자전거,기타불명,남,75세,보행자,경상,차대사람 - 기타,안전운전불이행,맑음,0,1
2017,서울특별시 은평구1,서울특별시 은평구 신사동(신사오거리 부근),2017-03-04,16시경,중상사고,남,30세,화물차,상해없음,남,41세,자전거,중상,차대차 - 기타,안전운전불이행,맑음,0,1
2017,서울특별시 은평구1,서울특별시 은평구 신사동(신사오거리 부근),2017-10-11,07시경,경상사고,남,45세,화물차,상해없음,여,41세,자전거,경상,차대차 - 측면충돌,신호위반,비,0,1
2017,서울특별시 서대문구1,서울특별시 서대문구 북가좌동(북가좌사거리 부근),2017-06-16,20시경,경상사고,남,29세,승용차,상해없음,남,47세,자전거,경상,차대차 - 측면충돌,안전운전불이행,맑음,0,1
2017,서울특별시 서대문구1,서울특별시 서대문구 북가좌동(북가좌사거리 부근),2017-01-02,17시경,중상사고,남,48세,승용차,상해없음,남,72세,자전거,중상,차대차 - 측면충돌,안전운전불이행,맑음,0,1
2017,서울특별시 서대문구1,서울특별시 서대문구 북가좌동(북가좌사거리 부근),2017-10-20,19시경,부상신고사고,남,54세,승용차,상해없음,여,24세,자전거,부상신고,차대차 - 측면충돌,안전운전불이행,맑음,0,1
2017,서울특별시 서대문구1,서울특별시 서대문구 북가좌동(북가좌사거리 부근),2017-06-13,08시경,부상신고사고,남,16세,자전거,부상신고,남,58세,승합차,상해없음,차대차 - 측면충돌,교차로운행방법위반,맑음,0,1
2017,서울특별시 서대문구1,서울특별시 서대문구 북가좌동(북가좌사거리 부근),2017-06-21,08시경,부상신고사고,남,46세,자전거,부상신고,남,52세,승용차,상해없음,차대차 - 측면충돌,안전운전불이행,맑음,0,1
2017,서울특별시 마포구2,서울특별시 마포구 마포동(마포역 4번출구 부근),2017-06-13,09시경,중상사고,남,60세,승용차,상해없음,남,43세,자전거,중상,차대차 - 측면충돌,기타,맑음,0,1
2017,서울특별시 마포구2,서울특별시 마포구 마포동(마포역 4번출구 부근),2017-10-18,08시경,경상사고,남,64세,승용차,상해없음,남,39세,자전거,경상,차대차 - 기타,기타,맑음,0,1
2017,서울특별시 마포구2,서울특별시 마포구 마포동(마포역 4번출구 부근),2017-07-27,18시경,경상사고,여,48세,승용차,상해없음,남,53세,자전거,경상,차대차 - 측면충돌,기타,맑음,0,1
2017,서울특별시 마포구2,서울특별시 마포구 마포동(마포역 4번출구 부근),2017-06-29,08시경,중상사고,남,29세,자전거,중상,없음,불명,없음,없음,차량단독 - 전도전복 - 전도,안전운전불이행,맑음,0,1
2017,서울특별시 마포구2,서울특별시 마포구 마포동(마포역 4번출구 부근),2017-08-25,19시경,경상사고,남,45세,자전거,경상,여,29세,승용차,상해없음,차대차 - 기타,안전거리미확보,맑음,0,1
2017,서울특별시 마포구4,서울특별시 마포구 합정동(홀트아동복지회 부근),2017-05-03,17시경,경상사고,남,52세,승용차,상해없음,남,24세,자전거,경상,차대차 - 기타,안전운전불이행,맑음,0,1
2017,서울특별시 마포구4,서울특별시 마포구 합정동(홀트아동복지회 부근),2017-02-14,09시경,중상사고,남,79세,자전거,중상,남,42세,승용차,상해없음,차대차 - 정면충돌,기타,맑음,0,1
2017,서울특별시 마포구4,서울특별시 마포구 합정동(홀트아동복지회 부근),2017-09-04,07시경,경상사고,남,80세,자전거,경상,남,68세,화물차,상해없음,차대차 - 기타,중앙선침범,맑음,0,1
2017,서울특별시 마포구4,서울특별시 마포구 합정동(홀트아동복지회 부근),2017-01-03,09시경,경상사고,여,45세,자전거,경상,남,74세,승용차,상해없음,차대차 - 측면충돌,신호위반,흐림,0,1
2017,서울특별시 마포구1,서울특별시 마포구 망원동(한강빌딩 부근),2017-03-16,19시경,중상사고,남,22세,승용차,상해없음,여,52세,자전거,중상,차대차 - 기타,교차로운행방법위반,맑음,0,1
2017,서울특별시 마포구1,서울특별시 마포구 망원동(한강빌딩 부근),2017-06-02,20시경,중상사고,남,35세,승용차,상해없음,남,55세,자전거,중상,차대차 - 정면충돌,차로위반,맑음,0,1
2017,서울특별시 마포구1,서울특별시 마포구 망원동(한강빌딩 부근),2017-02-27,11시경,경상사고,남,70세,승용차,상해없음,여,66세,자전거,경상,차대차 - 기타,안전운전불이행,맑음,0,1
2017,서울특별시 마포구1,서울특별시 마포구 망원동(한강빌딩 부근),2017-09-29,17시경,경상사고,남,10세,자전거,경상,남,44세,승용차,상해없음,차대차 - 기타,직진우회전진행방해,맑음,0,1
2017,서울특별시 마포구1,서울특별시 마포구 망원동(한강빌딩 부근),2017-02-09,20시경,경상사고,남,40세,자전거,경상,여,55세,승용차,기타불명,차대차 - 기타,안전운전불이행,맑음,0,1
2017,서울특별시 마포구1,서울특별시 마포구 망원동(한강빌딩 부근),2017-08-22,11시경,부상신고사고,여,48세,자전거,부상신고,남,37세,승용차,상해없음,차대차 - 측면충돌,안전운전불이행,맑음,0,1
2017,서울특별시 마포구1,서울특별시 마포구 망원동(한강빌딩 부근),2017-02-13,10시경,경상사고,여,51세,자전거,경상,남,23세,이륜차,상해없음,차대차 - 기타,안전운전불이행,맑음,0,1
2017,서울특별시 마포구1,서울특별시 마포구 망원동(한강빌딩 부근),2017-08-05,08시경,경상사고,남,74세,화물차,상해없음,남,42세,자전거,경상,차대차 - 기타,안전운전불이행,맑음,0,1
2017,서울특별시 마포구3,서울특별시 마포구 망원동(망원우체국사거리 부근),2017-06-28,10시경,경상사고,남,31세,승용차,상해없음,여,76세,자전거,경상,차대차 - 기타,안전운전불이행,맑음,0,1
2017,서울특별시 마포구3,서울특별시 마포구 망원동(망원우체국사거리 부근),2017-02-18,13시경,경상사고,남,52세,승용차,상해없음,여,43세,자전거,경상,차대차 - 측면충돌,안전운전불이행,맑음,0,2
2017,서울특별시 마포구3,서울특별시 마포구 망원동(망원우체국사거리 부근),2017-04-30,14시경,부상신고사고,남,59세,승용차,상해없음,남,75세,자전거,부상신고,차대차 - 기타,신호위반,맑음,0,1
2017,서울특별시 마포구3,서울특별시 마포구 망원동(망원우체국사거리 부근),2017-05-19,11시경,중상사고,남,69세,자전거,상해없음,남,46세,이륜차,중상,차대차 - 정면충돌,중앙선침범,맑음,0,1
2017,서울특별시 마포구3,서울특별시 마포구 망원동(망원우체국사거리 부근),2017-05-02,15시경,부상신고사고,여,40세,자전거,상해없음,남,65세,보행자,부상신고,차대사람 - 보도통행중,기타,맑음,0,1
2017,서울특별시 양천구4,서울특별시 양천구 신정동(신정 야구장 부근),2017-10-22,18시경,중상사고,기타불명,불명,불명,기타불명,남,49세,자전거,중상,차대차 - 기타,안전운전불이행,맑음,0,1
2017,서울특별시 양천구4,서울특별시 양천구 신정동(신정 야구장 부근),2017-04-09,15시경,경상사고,남,27세,자전거,상해없음,여,64세,자전거,경상,차대차 - 정면충돌,안전운전불이행,맑음,0,1
2017,서울특별시 양천구4,서울특별시 양천구 신정동(신정 야구장 부근),2017-05-03,08시경,부상신고사고,남,33세,자전거,부상신고,남,45세,건설기계,상해없음,차대차 - 기타,안전운전불이행,맑음,0,1
2017,서울특별시 양천구4,서울특별시 양천구 신정동(신정 야구장 부근),2017-08-25,19시경,경상사고,남,47세,자전거,기타불명,남,76세,자전거,경상,차대차 - 측면충돌,안전운전불이행,맑음,0,1
2017,서울특별시 양천구5,서울특별시 양천구 신정동(희당한의원 부근),2017-06-23,11시경,경상사고,남,70세,자전거,경상,남,56세,화물차,상해없음,차대차 - 정면충돌,안전운전불이행,맑음,0,1
2017,서울특별시 양천구5,서울특별시 양천구 신정동(희당한의원 부근),2017-03-16,14시경,경상사고,남,78세,자전거,경상,남,72세,화물차,상해없음,차대차 - 정면충돌,중앙선침범,맑음,0,1
2017,서울특별시 양천구5,서울특별시 양천구 신정동(희당한의원 부근),2017-06-26,07시경,경상사고,여,16세,자전거,경상,여,49세,승용차,상해없음,차대차 - 기타,안전운전불이행,비,0,1
2017,서울특별시 양천구5,서울특별시 양천구 신정동(희당한의원 부근),2017-01-19,20시경,경상사고,남,43세,화물차,상해없음,남,59세,자전거,경상,차대차 - 측면충돌,안전운전불이행,맑음,0,1
2017,서울특별시 양천구1,서울특별시 양천구 목동(오목수변공원 부근),2017-04-30,17시경,부상신고사고,남,63세,승용차,상해없음,남,27세,자전거,부상신고,차대차 - 정면충돌,신호위반,맑음,0,1
2017,서울특별시 양천구1,서울특별시 양천구 목동(오목수변공원 부근),2017-06-26,16시경,부상신고사고,남,10세,자전거,부상신고,남,41세,화물차,상해없음,차대차 - 측면충돌,안전운전불이행,비,0,1
2017,서울특별시 양천구1,서울특별시 양천구 목동(오목수변공원 부근),2017-08-25,22시경,중상사고,남,46세,자전거,상해없음,남,25세,자전거,중상,차대차 - 기타,안전운전불이행,맑음,0,1
2017,서울특별시 양천구1,서울특별시 양천구 목동(오목수변공원 부근),2017-08-27,16시경,중상사고,남,47세,자전거,상해없음,남,52세,보행자,중상,차대사람 - 기타,안전운전불이행,맑음,0,1
2017,서울특별시 양천구1,서울특별시 양천구 목동(오목수변공원 부근),2017-08-13,19시경,경상사고,남,57세,자전거,상해없음,여,66세,자전거,경상,차대차 - 정면충돌,안전운전불이행,맑음,0,1
2017,서울특별시 양천구1,서울특별시 양천구 목동(오목수변공원 부근),2017-11-07,05시경,부상신고사고,남,68세,자전거,부상신고,남,58세,승용차,상해없음,차대차 - 기타,안전운전불이행,맑음,0,1
2017,서울특별시 양천구3,서울특별시 양천구 목동(파리공원 부근),2017-04-29,11시경,경상사고,기타불명,불명,불명,기타불명,여,10세,자전거,경상,차대차 - 기타,안전운전불이행,맑음,0,1
2017,서울특별시 양천구3,서울특별시 양천구 목동(파리공원 부근),2017-02-26,18시경,중상사고,남,69세,승용차,상해없음,여,58세,자전거,중상,차대차 - 정면충돌,신호위반,맑음,0,1
2017,서울특별시 양천구3,서울특별시 양천구 목동(파리공원 부근),2017-04-01,18시경,부상신고사고,남,15세,자전거,부상신고,남,40세,승용차,상해없음,차대차 - 측면충돌,안전운전불이행,맑음,0,1
2017,서울특별시 양천구3,서울특별시 양천구 목동(파리공원 부근),2017-03-16,18시경,부상신고사고,남,15세,자전거,부상신고,여,43세,승용차,상해없음,차대차 - 측면충돌,안전운전불이행,맑음,0,1
2017,서울특별시 양천구3,서울특별시 양천구 목동(파리공원 부근),2017-05-20,13시경,경상사고,남,39세,자전거,상해없음,남,4세,보행자,경상,차대사람 - 차도통행중,안전운전불이행,맑음,0,1
2017,서울특별시 양천구2,서울특별시 양천구 신월동(성창빌딩 앞 부근),2017-06-30,17시경,경상사고,기타불명,불명,불명,기타불명,남,12세,자전거,경상,차대차 - 기타,안전운전불이행,맑음,0,1
2017,서울특별시 양천구2,서울특별시 양천구 신월동(성창빌딩 앞 부근),2017-10-11,05시경,사망사고,남,62세,승용차,상해없음,남,83세,자전거,사망,차대차 - 측면충돌,안전운전불이행,비,1,0
2017,서울특별시 양천구2,서울특별시 양천구 신월동(성창빌딩 앞 부근),2017-07-05,05시경,경상사고,남,45세,원동기장치자전거,상해없음,남,50세,자전거,경상,차대차 - 측면충돌,안전운전불이행,맑음,0,1
2017,서울특별시 양천구2,서울특별시 양천구 신월동(성창빌딩 앞 부근),2017-02-17,05시경,중상사고,남,63세,자전거,중상,남,61세,승용차,상해없음,차대차 - 측면충돌,직진우회전진행방해,비,0,1
2017,서울특별시 양천구2,서울특별시 양천구 신월동(성창빌딩 앞 부근),2017-09-07,09시경,중상사고,남,57세,화물차,상해없음,남,55세,자전거,중상,차대차 - 정면충돌,안전운전불이행,맑음,0,1
2017,서울특별시 강서구1,서울특별시 강서구 화곡동(KT SIS강서점 부근),2017-03-05,19시경,경상사고,남,35세,승용차,상해없음,남,31세,자전거,경상,차대차 - 기타,안전운전불이행,비,0,1
2017,서울특별시 강서구1,서울특별시 강서구 화곡동(KT SIS강서점 부근),2017-10-20,18시경,중상사고,여,55세,승용차,상해없음,여,25세,자전거,중상,차대차 - 기타,직진우회전진행방해,맑음,0,1
2017,서울특별시 강서구1,서울특별시 강서구 화곡동(KT SIS강서점 부근),2017-03-22,07시경,중상사고,여,62세,승용차,상해없음,남,61세,자전거,중상,차대차 - 측면충돌,교차로운행방법위반,맑음,0,1
2017,서울특별시 강서구1,서울특별시 강서구 화곡동(KT SIS강서점 부근),2017-10-23,18시경,경상사고,남,38세,자전거,상해없음,남,23세,보행자,경상,차대사람 - 보도통행중,기타,맑음,0,1
2017,서울특별시 강서구1,서울특별시 강서구 화곡동(KT SIS강서점 부근),2017-10-24,20시경,부상신고사고,남,61세,자전거,부상신고,남,32세,보행자,상해없음,차대사람 - 기타,기타,맑음,0,1
2017,서울특별시 강서구1,서울특별시 강서구 화곡동(KT SIS강서점 부근),2017-08-13,21시경,경상사고,여,26세,자전거,기타불명,여,49세,보행자,경상,차대사람 - 횡단중,기타,기타,0,1
2017,서울특별시 강서구1,서울특별시 강서구 화곡동(KT SIS강서점 부근),2017-10-30,06시경,중상사고,여,66세,자전거,중상,남,56세,화물차,상해없음,차대차 - 측면충돌,중앙선침범,맑음,0,1
2017,서울특별시 강서구4,서울특별시 강서구 화곡동(목동사거리 부근),2017-04-11,20시경,중상사고,남,53세,승용차,상해없음,남,31세,자전거,중상,차대차 - 측면충돌,안전운전불이행,맑음,0,1
2017,서울특별시 강서구4,서울특별시 강서구 화곡동(목동사거리 부근),2017-04-27,18시경,경상사고,남,12세,자전거,경상,여,42세,승용차,상해없음,차대차 - 정면충돌,중앙선침범,맑음,0,1
2017,서울특별시 강서구4,서울특별시 강서구 화곡동(목동사거리 부근),2017-11-16,06시경,경상사고,남,66세,자전거,경상,남,57세,승용차,상해없음,차대차 - 기타,중앙선침범,맑음,0,1
2017,서울특별시 강서구4,서울특별시 강서구 화곡동(목동사거리 부근),2017-10-19,07시경,경상사고,남,77세,자전거,경상,남,53세,승용차,상해없음,차대차 - 기타,안전운전불이행,맑음,0,1
2017,서울특별시 강서구4,서울특별시 강서구 화곡동(목동사거리 부근),2017-08-30,15시경,부상신고사고,여,44세,자전거,부상신고,기타불명,불명,불명,기타불명,차대차 - 기타,안전운전불이행,맑음,0,1
2017,서울특별시 강서구3,서울특별시 강서구 내발산동(발산역 부근),2017-05-03,21시경,경상사고,남,49세,승용차,상해없음,남,19세,자전거,경상,차대차 - 기타,안전운전불이행,맑음,0,1
2017,서울특별시 강서구3,서울특별시 강서구 내발산동(발산역 부근),2017-01-14,18시경,중상사고,남,56세,자전거,상해없음,여,58세,보행자,중상,차대사람 - 보도통행중,기타,맑음,0,1
2017,서울특별시 강서구3,서울특별시 강서구 내발산동(발산역 부근),2017-12-10,17시경,중상사고,남,56세,자전거,중상,남,34세,승용차,상해없음,차대차 - 기타,불법유턴,맑음,0,1
2017,서울특별시 강서구3,서울특별시 강서구 내발산동(발산역 부근),2017-06-02,14시경,경상사고,남,57세,자전거,상해없음,여,33세,보행자,경상,차대사람 - 보도통행중,기타,맑음,0,1
2017,서울특별시 강서구3,서울특별시 강서구 내발산동(발산역 부근),2017-03-23,04시경,부상신고사고,남,80세,자전거,부상신고,남,39세,승용차,상해없음,차대차 - 측면충돌,중앙선침범,맑음,0,1
2017,서울특별시 강서구2,서울특별시 강서구 방화동(수정교회 부근),2017-08-16,14시경,중상사고,남,23세,승용차,상해없음,남,82세,자전거,중상,차대차 - 측면충돌,신호위반,맑음,0,1
2017,서울특별시 강서구2,서울특별시 강서구 방화동(수정교회 부근),2017-08-06,18시경,경상사고,남,64세,승용차,상해없음,여,54세,자전거,경상,차대차 - 기타,직진우회전진행방해,흐림,0,1
2017,서울특별시 강서구2,서울특별시 강서구 방화동(수정교회 부근),2017-10-30,22시경,경상사고,여,48세,승용차,상해없음,남,22세,자전거,경상,차대차 - 측면충돌,안전운전불이행,맑음,0,2
2017,서울특별시 강서구2,서울특별시 강서구 방화동(수정교회 부근),2017-01-17,22시경,중상사고,남,16세,자전거,상해없음,여,46세,자전거,중상,차대차 - 측면충돌,신호위반,맑음,0,1
2017,서울특별시 강서구2,서울특별시 강서구 방화동(수정교회 부근),2017-04-09,18시경,부상신고사고,남,30세,자전거,부상신고,남,30세,승용차,상해없음,차대차 - 기타,안전운전불이행,맑음,0,1
2017,서울특별시 강서구2,서울특별시 강서구 방화동(수정교회 부근),2017-06-17,11시경,사망사고,여,72세,자전거,사망,여,53세,승합차,상해없음,차대차 - 측면충돌,불법유턴,맑음,1,0
2017,서울특별시 구로구1,서울특별시 구로구 구로동(구로어린이공원 부근),2017-07-03,16시경,경상사고,남,37세,승용차,상해없음,남,77세,자전거,경상,차대차 - 기타,안전운전불이행,맑음,0,1
2017,서울특별시 구로구1,서울특별시 구로구 구로동(구로어린이공원 부근),2017-09-03,14시경,경상사고,남,51세,승용차,상해없음,남,9세,자전거,경상,차대차 - 측면충돌,안전운전불이행,맑음,0,1
2017,서울특별시 구로구1,서울특별시 구로구 구로동(구로어린이공원 부근),2017-06-05,19시경,중상사고,남,54세,승용차,상해없음,남,61세,자전거,중상,차대차 - 기타,기타,맑음,0,1
2017,서울특별시 구로구1,서울특별시 구로구 구로동(구로어린이공원 부근),2017-06-21,08시경,중상사고,남,57세,승용차,상해없음,여,50세,자전거,중상,차대차 - 기타,기타,맑음,0,1
2017,서울특별시 구로구1,서울특별시 구로구 구로동(구로어린이공원 부근),2017-05-22,08시경,부상신고사고,남,13세,자전거,상해없음,남,14세,자전거,상해없음,차대차 - 기타,안전운전불이행,맑음,0,1
2017,서울특별시 구로구1,서울특별시 구로구 구로동(구로어린이공원 부근),2017-08-11,08시경,경상사고,남,68세,자전거,상해없음,여,60세,보행자,경상,차대사람 - 기타,보행자보호의무위반,맑음,0,1
2017,서울특별시 구로구1,서울특별시 구로구 구로동(구로어린이공원 부근),2017-11-30,12시경,중상사고,남,79세,자전거,중상,남,71세,승용차,상해없음,차대차 - 측면충돌,안전운전불이행,맑음,0,1
2017,서울특별시 구로구1,서울특별시 구로구 구로동(구로어린이공원 부근),2017-03-29,22시경,경상사고,여,15세,자전거,상해없음,여,26세,승용차,경상,차대차 - 기타,안전운전불이행,맑음,0,1
2017,서울특별시 구로구2,서울특별시 구로구 구로동(구로거리공원 부근),2017-02-01,07시경,중상사고,남,67세,승용차,상해없음,남,87세,자전거,중상,차대차 - 측면충돌,신호위반,맑음,0,1
2017,서울특별시 구로구2,서울특별시 구로구 구로동(구로거리공원 부근),2017-01-23,07시경,중상사고,남,69세,승용차,상해없음,남,81세,자전거,중상,차대차 - 측면충돌,안전운전불이행,맑음,0,1
2017,서울특별시 구로구2,서울특별시 구로구 구로동(구로거리공원 부근),2017-12-29,16시경,중상사고,남,13세,자전거,경상,여,73세,보행자,중상,차대사람 - 보도통행중,신호위반,맑음,0,2
2017,서울특별시 구로구2,서울특별시 구로구 구로동(구로거리공원 부근),2017-10-20,11시경,경상사고,남,24세,자전거,경상,남,63세,승용차,상해없음,차대차 - 측면충돌,안전운전불이행,맑음,0,1
2017,서울특별시 구로구2,서울특별시 구로구 구로동(구로거리공원 부근),2017-07-30,14시경,중상사고,남,68세,자전거,중상,남,31세,이륜차,상해없음,차대차 - 정면충돌,안전운전불이행,맑음,0,1
2017,서울특별시 구로구2,서울특별시 구로구 구로동(구로거리공원 부근),2017-01-21,11시경,경상사고,남,72세,자전거,경상,남,64세,승용차,상해없음,차대차 - 측면충돌,중앙선침범,맑음,0,1
2017,서울특별시 구로구3,서울특별시 구로구 구로동(스타벅스 구로디지털로점 부근),2017-07-20,09시경,중상사고,남,45세,승용차,상해없음,여,55세,자전거,중상,차대차 - 측면충돌,안전운전불이행,맑음,0,1
2017,서울특별시 구로구3,서울특별시 구로구 구로동(스타벅스 구로디지털로점 부근),2017-05-29,21시경,중상사고,남,49세,승용차,상해없음,여,67세,자전거,중상,차대차 - 측면충돌,안전운전불이행,맑음,0,1
2017,서울특별시 구로구3,서울특별시 구로구 구로동(스타벅스 구로디지털로점 부근),2017-10-23,23시경,중상사고,남,58세,승용차,상해없음,남,33세,자전거,중상,차대차 - 측면충돌,신호위반,맑음,0,1
2017,서울특별시 구로구3,서울특별시 구로구 구로동(스타벅스 구로디지털로점 부근),2017-08-17,09시경,중상사고,남,62세,승용차,상해없음,남,23세,자전거,중상,차대차 - 측면충돌,기타,맑음,0,1
2017,서울특별시 구로구3,서울특별시 구로구 구로동(스타벅스 구로디지털로점 부근),2017-10-18,09시경,경상사고,남,48세,자전거,경상,남,57세,승용차,상해없음,차대차 - 측면충돌,안전운전불이행,맑음,0,1
2017,서울특별시 구로구4,서울특별시 구로구 구로동(구로구청.구의회사거리 부근),2017-07-26,05시경,경상사고,남,49세,승용차,상해없음,남,49세,자전거,경상,차대차 - 측면충돌,안전운전불이행,맑음,0,1
2017,서울특별시 구로구4,서울특별시 구로구 구로동(구로구청.구의회사거리 부근),2017-05-30,21시경,중상사고,남,21세,이륜차,경상,남,74세,자전거,중상,차대차 - 측면충돌,신호위반,맑음,0,2
2017,서울특별시 구로구4,서울특별시 구로구 구로동(구로구청.구의회사거리 부근),2017-09-21,16시경,중상사고,남,13세,자전거,중상,남,66세,승용차,상해없음,차대차 - 측면충돌,중앙선침범,맑음,0,1
2017,서울특별시 구로구4,서울특별시 구로구 구로동(구로구청.구의회사거리 부근),2017-12-06,08시경,경상사고,남,24세,자전거,상해없음,남,46세,보행자,경상,차대사람 - 횡단중,신호위반,맑음,0,1
2017,서울특별시 구로구4,서울특별시 구로구 구로동(구로구청.구의회사거리 부근),2017-11-18,13시경,경상사고,여,41세,자전거,경상,남,66세,화물차,상해없음,차대차 - 측면충돌,안전운전불이행,맑음,0,1
2017,서울특별시 구로구5,서울특별시 구로구 구로동(장의원 부근),2017-07-16,16시경,경상사고,남,39세,승용차,상해없음,남,31세,자전거,경상,차대차 - 후진중충돌,안전운전불이행,맑음,0,1
2017,서울특별시 구로구5,서울특별시 구로구 구로동(장의원 부근),2017-09-15,08시경,중상사고,남,56세,승합차,상해없음,남,53세,자전거,중상,차대차 - 기타,안전운전불이행,맑음,0,1
2017,서울특별시 구로구5,서울특별시 구로구 구로동(장의원 부근),2017-03-14,23시경,경상사고,남,63세,자전거,상해없음,남,25세,이륜차,경상,차대차 - 기타,신호위반,맑음,0,1
2017,서울특별시 구로구5,서울특별시 구로구 구로동(장의원 부근),2017-11-07,18시경,부상신고사고,남,7세,자전거,부상신고,남,58세,승용차,상해없음,차대차 - 측면충돌,안전운전불이행,맑음,0,1
2017,서울특별시 구로구5,서울특별시 구로구 구로동(장의원 부근),2017-05-18,20시경,경상사고,여,55세,자전거,경상,남,51세,승합차,상해없음,차대차 - 측면충돌,중앙선침범,맑음,0,1
2017,서울특별시 구로구6,서울특별시 구로구 개봉동(늘푸른한의원 부근),2017-05-26,08시경,부상신고사고,남,15세,자전거,부상신고,남,48세,화물차,상해없음,차대차 - 측면충돌,안전운전불이행,맑음,0,1
2017,서울특별시 구로구6,서울특별시 구로구 개봉동(늘푸른한의원 부근),2017-08-18,02시경,중상사고,남,40세,자전거,중상,없음,불명,없음,없음,차량단독 - 기타,안전운전불이행,맑음,0,1
2017,서울특별시 구로구6,서울특별시 구로구 개봉동(늘푸른한의원 부근),2017-05-01,21시경,경상사고,남,53세,자전거,경상,남,13세,자전거,상해없음,차대차 - 정면충돌,안전운전불이행,맑음,0,1
2017,서울특별시 구로구6,서울특별시 구로구 개봉동(늘푸른한의원 부근),2017-11-03,07시경,경상사고,남,70세,자전거,경상,남,58세,승용차,상해없음,차대차 - 측면충돌,안전운전불이행,비,0,1
2017,서울특별시 금천구1,서울특별시 금천구 독산동(홈플러스금천점 앞 부근),2017-12-05,13시경,중상사고,남,22세,승용차,상해없음,남,55세,자전거,중상,차대차 - 기타,안전운전불이행,맑음,0,1
2017,서울특별시 금천구1,서울특별시 금천구 독산동(홈플러스금천점 앞 부근),2017-11-16,06시경,경상사고,남,44세,승용차,상해없음,남,44세,자전거,경상,차대차 - 측면충돌,안전운전불이행,맑음,0,1
2017,서울특별시 금천구1,서울특별시 금천구 독산동(홈플러스금천점 앞 부근),2017-05-14,05시경,경상사고,남,51세,승용차,상해없음,남,55세,자전거,경상,차대차 - 기타,안전운전불이행,맑음,0,1
2017,서울특별시 금천구1,서울특별시 금천구 독산동(홈플러스금천점 앞 부근),2017-08-30,08시경,부상신고사고,여,33세,자전거,부상신고,여,55세,승용차,상해없음,차대차 - 측면충돌,안전운전불이행,맑음,0,1
2017,서울특별시 금천구2,서울특별시 금천구 시흥동(은행나무시장 부근),2017-03-02,08시경,중상사고,남,35세,승용차,상해없음,남,14세,자전거,중상,차대차 - 측면충돌,직진우회전진행방해,맑음,0,1
2017,서울특별시 금천구2,서울특별시 금천구 시흥동(은행나무시장 부근),2017-04-07,00시경,부상신고사고,남,18세,자전거,상해없음,남,52세,보행자,부상신고,차대사람 - 횡단중,안전운전불이행,맑음,0,1
2017,서울특별시 금천구2,서울특별시 금천구 시흥동(은행나무시장 부근),2017-06-23,13시경,경상사고,남,77세,자전거,경상,여,59세,승용차,상해없음,차대차 - 기타,안전운전불이행,맑음,0,1
2017,서울특별시 금천구2,서울특별시 금천구 시흥동(은행나무시장 부근),2017-07-04,11시경,부상신고사고,여,63세,자전거,부상신고,남,42세,승용차,상해없음,차대차 - 측면충돌,안전운전불이행,맑음,0,1
2017,서울특별시 금천구3,서울특별시 금천구 시흥동(시흥사거리 부근),2017-08-17,12시경,경상사고,남,59세,승용차,상해없음,남,73세,자전거,경상,차대차 - 측면충돌,기타,맑음,0,1
2017,서울특별시 금천구3,서울특별시 금천구 시흥동(시흥사거리 부근),2017-07-12,12시경,경상사고,남,28세,승합차,상해없음,남,81세,자전거,경상,차대차 - 측면충돌,안전운전불이행,맑음,0,1
2017,서울특별시 금천구3,서울특별시 금천구 시흥동(시흥사거리 부근),2017-06-05,11시경,경상사고,남,48세,자전거,경상,여,60세,승용차,상해없음,차대차 - 측면충돌,안전운전불이행,맑음,0,1
2017,서울특별시 금천구3,서울특별시 금천구 시흥동(시흥사거리 부근),2017-07-09,10시경,부상신고사고,남,50세,자전거,부상신고,남,47세,승용차,상해없음,차대차 - 측면충돌,안전운전불이행,맑음,0,1