사고년도,다발시군구,지점명,사고일시,사고시간대,사고등급,가해자성별,가해자연령,가해차종,가해자신체상해정도,피해자성별,피해자연령,피해차종,피해자신체상해정도,사고유형,가해자법규위반,기상상태,사망자수,부상자수
2017,서울특별시 송파구26,서울특별시 송파구 잠실동(잠실3사거리 부근),2017-08-08,23시경,경상사고,남,39세,자전거,부상신고,남,33세,보행자,경상,차대사람 - 기타,안전운전불이행,맑음,0,2
2017,서울특별시 송파구22,서울특별시 송파구 신천동(올림픽회관삼거리 부근),2017-09-14,19시경,경상사고,남,62세,승용차,상해없음,남,14세,자전거,경상,차대차 - 측면충돌,안전운전불이행,맑음,0,1
2017,서울특별시 송파구22,서울특별시 송파구 신천동(올림픽회관삼거리 부근),2017-10-05,15시경,중상사고,남,68세,승용차,상해없음,남,11세,자전거,중상,차대차 - 측면충돌,신호위반,맑음,0,1
2017,서울특별시 송파구22,서울특별시 송파구 신천동(올림픽회관삼거리 부근),2017-08-29,16시경,경상사고,여,50세,승용차,상해없음,남,19세,자전거,경상,차대차 - 기타,안전운전불이행,맑음,0,1
2017,서울특별시 송파구22,서울특별시 송파구 신천동(올림픽회관삼거리 부근),2017-09-09,16시경,경상사고,남,14세,자전거,경상,여,66세,보행자,경상,차대사람 - 보도통행중,안전운전불이행,맑음,0,2
2017,서울특별시 송파구9,서울특별시 송파구 풍납동(풍납중학교 부근),2017-11-05,14시경,경상사고,남,12세,자전거,부상신고,여,63세,보행자,경상,차대사람 - 기타,안전운전불이행,맑음,0,2
2017,서울특별시 송파구9,서울특별시 송파구 풍납동(풍납중학교 부근),2017-04-12,08시경,경상사고,남,24세,자전거,경상,기타불명,불명,원동기장치자전거,기타불명,차대차 - 측면충돌,기타,맑음,0,1
2017,서울특별시 송파구9,서울특별시 송파구 풍납동(풍납중학교 부근),2017-06-16,18시경,경상사고,남,39세,자전거,경상,여,16세,보행자,부상신고,차대사람 - 기타,안전운전불이행,맑음,0,2
2017,서울특별시 송파구9,서울특별시 송파구 풍납동(풍납중학교 부근),2017-05-04,23시경,경상사고,남,41세,자전거,경상,여,35세,승용차,상해없음,차대차 - 측면충돌,안전운전불이행,맑음,0,1
2017,서울특별시 송파구9,서울특별시 송파구 풍납동(풍납중학교 부근),2017-05-01,16시경,중상사고,남,47세,자전거,상해없음,남,66세,보행자,중상,차대사람 - 기타,안전운전불이행,맑음,0,1
2017,서울특별시 송파구9,서울특별시 송파구 풍납동(풍납중학교 부근),2017-11-30,16시경,경상사고,남,69세,자전거,경상,남,59세,승합차,상해없음,차대차 - 측면충돌,안전운전불이행,맑음,0,1
2017,서울특별시 송파구20,서울특별시 송파구 풍납동(풍납2동주민센터 부근),2017-08-22,12시경,중상사고,남,58세,승용차,상해없음,여,71세,자전거,중상,차대차 - 정면충돌,안전운전불이행,맑음,0,1
2017,서울특별시 송파구20,서울특별시 송파구 풍납동(풍납2동주민센터 부근),2017-01-11,06시경,중상사고,남,65세,승용차,상해없음,남,69세,자전거,중상,차대차 - 정면충돌,안전운전불이행,맑음,0,1
2017,서울특별시 송파구20,서울특별시 송파구 풍납동(풍납2동주민센터 부근),2017-06-22,08시경,경상사고,남,12세,자전거,경상,남,62세,승용차,상해없음,차대차 - 기타,안전운전불이행,맑음,0,1
2017,서울특별시 송파구20,서울특별시 송파구 풍납동(풍납2동주민센터 부근),2017-10-11,10시경,부상신고사고,여,75세,자전거,부상신고,여,62세,승용차,상해없음,차대차 - 측면충돌,안전운전불이행,비,0,1
2017,서울특별시 송파구28,서울특별시 송파구 풍납동(퀴너스 화덕피자 부근),2017-09-09,23시경,부상신고사고,남,13세,자전거,부상신고,남,57세,승용차,상해없음,차대차 - 측면충돌,안전운전불이행,맑음,0,1
2017,서울특별시 송파구28,서울특별시 송파구 풍납동(퀴너스 화덕피자 부근),2017-01-05,23시경,경상사고,남,19세,자전거,경상,남,17세,이륜차,경상,차대차 - 정면충돌,안전운전불이행,맑음,0,2
2017,서울특별시 송파구28,서울특별시 송파구 풍납동(퀴너스 화덕피자 부근),2017-05-21,18시경,부상신고사고,남,48세,자전거,부상신고,남,51세,승용차,상해없음,차대차 - 정면충돌,신호위반,맑음,0,1
2017,서울특별시 송파구28,서울특별시 송파구 풍납동(퀴너스 화덕피자 부근),2017-03-18,19시경,부상신고사고,남,73세,자전거,부상신고,남,30세,승용차,상해없음,차대차 - 정면충돌,안전운전불이행,맑음,0,1
2017,서울특별시 송파구16,서울특별시 송파구 송파동(가락시장사거리 부근),2017-09-13,08시경,중상사고,남,51세,승용차,상해없음,남,80세,자전거,중상,차대차 - 측면충돌,안전운전불이행,맑음,0,1
2017,서울특별시 송파구16,서울특별시 송파구 송파동(가락시장사거리 부근),2017-04-03,03시경,중상사고,남,53세,승용차,상해없음,여,28세,자전거,중상,차대차 - 정면충돌,안전운전불이행,맑음,0,1
2017,서울특별시 송파구16,서울특별시 송파구 송파동(가락시장사거리 부근),2017-06-20,08시경,사망사고,남,62세,승합차,상해없음,남,74세,자전거,사망,차대차 - 측면충돌,안전운전불이행,맑음,1,1
2017,서울특별시 송파구16,서울특별시 송파구 송파동(가락시장사거리 부근),2017-01-17,18시경,중상사고,여,31세,자전거,중상,남,70세,승용차,상해없음,차대차 - 측면충돌,안전운전불이행,맑음,0,1
2017,서울특별시 송파구18,서울특별시 송파구 송파동(송파사거리 부근),2017-11-28,07시경,중상사고,기타불명,불명,불명,기타불명,남,74세,자전거,중상,차대차 - 기타,안전운전불이행,맑음,0,1
2017,서울특별시 송파구18,서울특별시 송파구 송파동(송파사거리 부근),2017-05-16,08시경,중상사고,남,15세,자전거,기타불명,남,80세,보행자,중상,차대사람 - 횡단중,안전운전불이행,맑음,0,1
2017,서울특별시 송파구18,서울특별시 송파구 송파동(송파사거리 부근),2017-02-28,12시경,경상사고,남,76세,자전거,경상,없음,불명,없음,없음,차량단독 - 전도전복 - 전도,안전운전불이행,맑음,0,1
2017,서울특별시 송파구18,서울특별시 송파구 송파동(송파사거리 부근),2017-09-18,20시경,경상사고,여,57세,자전거,경상,남,15세,자전거,상해없음,차대차 - 측면충돌,안전운전불이행,맑음,0,1
2017,서울특별시 송파구27,서울특별시 송파구 송파동(송파한양2차아파트정문 부근),2017-05-13,20시경,부상신고사고,남,28세,승용차,상해없음,남,16세,자전거,부상신고,차대차 - 측면충돌,교차로운행방법위반,맑음,0,1
2017,서울특별시 송파구27,서울특별시 송파구 송파동(송파한양2차아파트정문 부근),2017-06-01,07시경,경상사고,여,52세,승용차,상해없음,남,17세,자전거,경상,차대차 - 정면충돌,안전운전불이행,맑음,0,1
2017,서울특별시 송파구27,서울특별시 송파구 송파동(송파한양2차아파트정문 부근),2017-10-16,18시경,경상사고,남,13세,자전거,경상,남,32세,화물차,상해없음,차대차 - 기타,안전운전불이행,맑음,0,1
2017,서울특별시 송파구27,서울특별시 송파구 송파동(송파한양2차아파트정문 부근),2017-08-16,17시경,경상사고,남,44세,자전거,경상,남,67세,승용차,상해없음,차대차 - 측면충돌,안전운전불이행,흐림,0,1
2017,서울특별시 송파구1,서울특별시 송파구 석촌동(석촌역 부근),2017-06-17,15시경,경상사고,기타불명,불명,불명,기타불명,남,18세,자전거,경상,차대차 - 기타,안전운전불이행,맑음,0,1
2017,서울특별시 송파구1,서울특별시 송파구 석촌동(석촌역 부근),2017-06-27,21시경,중상사고,남,34세,승용차,상해없음,남,74세,자전거,중상,차대차 - 측면충돌,안전운전불이행,맑음,0,1
2017,서울특별시 송파구1,서울특별시 송파구 석촌동(석촌역 부근),2017-04-21,20시경,경상사고,남,49세,승용차,기타불명,남,51세,자전거,경상,차대차 - 기타,기타,맑음,0,1
2017,서울특별시 송파구1,서울특별시 송파구 석촌동(석촌역 부근),2017-08-13,09시경,중상사고,남,70세,승용차,상해없음,여,55세,자전거,중상,차대차 - 측면충돌,안전운전불이행,맑음,0,1
2017,서울특별시 송파구1,서울특별시 송파구 석촌동(석촌역 부근),2017-11-02,17시경,중상사고,남,21세,자전거,부상신고,남,75세,자전거,중상,차대차 - 측면충돌,안전운전불이행,맑음,0,2
2017,서울특별시 송파구1,서울특별시 송파구 석촌동(석촌역 부근),2017-06-16,20시경,중상사고,남,47세,자전거,부상신고,여,61세,보행자,중상,차대사람 - 횡단중,안전운전불이행,맑음,0,2
2017,서울특별시 송파구1,서울특별시 송파구 석촌동(석촌역 부근),2017-03-11,06시경,경상사고,남,70세,자전거,경상,남,46세,특수차,상해없음,차대차 - 추돌,안전운전불이행,맑음,0,1
2017,서울특별시 송파구1,서울특별시 송파구 석촌동(석촌역 부근),2017-11-29,09시경,중상사고,여,52세,자전거,중상,남,63세,승합차,상해없음,차대차 - 측면충돌,안전운전불이행,맑음,0,1
2017,서울특별시 송파구1,서울특별시 송파구 석촌동(석촌역 부근),2017-11-03,08시경,부상신고사고,여,55세,자전거,부상신고,남,32세,승용차,상해없음,차대차 - 측면충돌,안전운전불이행,흐림,0,1
2017,서울특별시 송파구8,서울특별시 송파구 석촌동(배명사거리 부근),2017-04-08,16시경,중상사고,남,44세,승용차,상해없음,여,55세,자전거,중상,차대차 - 정면충돌,신호위반,맑음,0,1
2017,서울특별시 송파구8,서울특별시 송파구 석촌동(배명사거리 부근),2017-11-05,08시경,중상사고,남,69세,승용차,상해없음,여,58세,자전거,중상,차대차 - 측면충돌,안전운전불이행,맑음,0,1
2017,서울특별시 송파구8,서울특별시 송파구 석촌동(배명사거리 부근),2017-08-03,10시경,중상사고,여,44세,승용차,상해없음,여,54세,자전거,중상,차대차 - 측면충돌,직진우회전진행방해,맑음,0,1
2017,서울특별시 송파구8,서울특별시 송파구 석촌동(배명사거리 부근),2017-08-03,18시경,경상사고,남,14세,자전거,경상,남,64세,승용차,상해없음,차대차 - 측면충돌,안전운전불이행,맑음,0,1
2017,서울특별시 송파구8,서울특별시 송파구 석촌동(배명사거리 부근),2017-09-09,15시경,부상신고사고,남,24세,자전거,부상신고,남,36세,승용차,상해없음,차대차 - 측면충돌,직진우회전진행방해,맑음,0,1
2017,서울특별시 송파구8,서울특별시 송파구 석촌동(배명사거리 부근),2017-06-10,11시경,부상신고사고,남,9세,자전거,부상신고,남,53세,화물차,상해없음,차대차 - 추돌,안전운전불이행,맑음,0,1
2017,서울특별시 송파구3,서울특별시 송파구 삼전동(삼전사거리 부근),2017-01-23,09시경,중상사고,남,54세,승용차,상해없음,여,50세,자전거,중상,차대차 - 측면충돌,신호위반,맑음,0,1
2017,서울특별시 송파구3,서울특별시 송파구 삼전동(삼전사거리 부근),2017-12-26,08시경,경상사고,남,66세,승용차,상해없음,남,55세,자전거,경상,차대차 - 측면충돌,안전운전불이행,맑음,0,1
2017,서울특별시 송파구3,서울특별시 송파구 삼전동(삼전사거리 부근),2017-01-09,16시경,중상사고,남,74세,승용차,상해없음,여,62세,자전거,중상,차대차 - 측면충돌,신호위반,맑음,0,1
2017,서울특별시 송파구3,서울특별시 송파구 삼전동(삼전사거리 부근),2017-11-23,12시경,경상사고,여,53세,승용차,상해없음,남,16세,자전거,경상,차대차 - 기타,안전운전불이행,맑음,0,1
2017,서울특별시 송파구3,서울특별시 송파구 삼전동(삼전사거리 부근),2017-10-24,15시경,경상사고,여,54세,승용차,상해없음,남,58세,자전거,경상,차대차 - 측면충돌,안전운전불이행,맑음,0,1
2017,서울특별시 송파구3,서울특별시 송파구 삼전동(삼전사거리 부근),2017-03-18,14시경,부상신고사고,남,14세,자전거,부상신고,남,60세,승용차,상해없음,차대차 - 측면충돌,안전운전불이행,맑음,0,1
2017,서울특별시 송파구3,서울특별시 송파구 삼전동(삼전사거리 부근),2017-04-09,23시경,부상신고사고,여,41세,자전거,부상신고,남,54세,승용차,상해없음,차대차 - 정면충돌,안전운전불이행,맑음,0,1
2017,서울특별시 송파구3,서울특별시 송파구 삼전동(삼전사거리 부근),2017-11-30,12시경,부상신고사고,여,60세,자전거,부상신고,남,28세,승용차,상해없음,차대차 - 측면충돌,기타,맑음,0,1
2017,서울특별시 송파구7,서울특별시 송파구 삼전동(잠실학원사거리 부근),2017-12-24,15시경,중상사고,남,25세,승용차,상해없음,여,53세,자전거,중상,차대차 - 기타,신호위반,비,0,1
2017,서울특별시 송파구7,서울특별시 송파구 삼전동(잠실학원사거리 부근),2017-10-27,22시경,중상사고,여,50세,승용차,상해없음,남,15세,자전거,중상,차대차 - 기타,안전운전불이행,맑음,0,1
2017,서울특별시 송파구7,서울특별시 송파구 삼전동(잠실학원사거리 부근),2017-03-28,20시경,중상사고,남,58세,승합차,상해없음,남,12세,자전거,중상,차대차 - 측면충돌,안전운전불이행,맑음,0,1
2017,서울특별시 송파구7,서울특별시 송파구 삼전동(잠실학원사거리 부근),2017-10-04,20시경,경상사고,여,24세,자전거,경상,여,37세,승용차,상해없음,차대차 - 측면충돌,안전운전불이행,맑음,0,1
2017,서울특별시 송파구7,서울특별시 송파구 삼전동(잠실학원사거리 부근),2017-09-18,09시경,중상사고,여,64세,자전거,중상,남,31세,승용차,상해없음,차대차 - 추돌,안전운전불이행,맑음,0,1
2017,서울특별시 송파구7,서울특별시 송파구 삼전동(잠실학원사거리 부근),2017-10-21,00시경,경상사고,여,78세,자전거,경상,남,27세,이륜차,상해없음,차대차 - 측면충돌,안전운전불이행,맑음,0,1
2017,서울특별시 송파구14,서울특별시 송파구 삼전동(세명주유소 부근),2017-02-09,08시경,중상사고,여,46세,승용차,상해없음,여,47세,자전거,중상,차대차 - 정면충돌,안전운전불이행,맑음,0,1
2017,서울특별시 송파구14,서울특별시 송파구 삼전동(세명주유소 부근),2017-05-12,20시경,경상사고,여,58세,승용차,상해없음,남,38세,자전거,경상,차대차 - 정면충돌,신호위반,맑음,0,1
2017,서울특별시 송파구14,서울특별시 송파구 삼전동(세명주유소 부근),2017-06-10,23시경,경상사고,남,65세,승합차,상해없음,남,55세,자전거,경상,차대차 - 정면충돌,안전운전불이행,맑음,0,1
2017,서울특별시 송파구14,서울특별시 송파구 삼전동(세명주유소 부근),2017-10-19,15시경,중상사고,남,75세,승합차,상해없음,남,29세,자전거,중상,차대차 - 측면충돌,신호위반,맑음,0,1
2017,서울특별시 송파구14,서울특별시 송파구 삼전동(세명주유소 부근),2017-09-21,16시경,경상사고,남,14세,자전거,경상,남,57세,승용차,상해없음,차대차 - 측면충돌,안전운전불이행,맑음,0,1
2017,서울특별시 송파구15,서울특별시 송파구 삼전동(광원빌딩 부근),2017-04-08,18시경,경상사고,남,53세,승용차,상해없음,남,24세,자전거,경상,차대차 - 측면충돌,기타,맑음,0,1
2017,서울특별시 송파구15,서울특별시 송파구 삼전동(광원빌딩 부근),2017-07-25,00시경,경상사고,남,59세,승용차,상해없음,남,43세,자전거,경상,차대차 - 정면충돌,안전운전불이행,흐림,0,1
2017,서울특별시 송파구15,서울특별시 송파구 삼전동(광원빌딩 부근),2017-09-05,19시경,경상사고,남,42세,원동기장치자전거,상해없음,남,13세,자전거,경상,차대차 - 정면충돌,안전운전불이행,맑음,0,1
2017,서울특별시 송파구15,서울특별시 송파구 삼전동(광원빌딩 부근),2017-05-08,16시경,경상사고,남,49세,자전거,경상,여,43세,승용차,상해없음,차대차 - 측면충돌,안전운전불이행,맑음,0,1
2017,서울특별시 송파구15,서울특별시 송파구 삼전동(광원빌딩 부근),2017-06-24,14시경,부상신고사고,남,8세,자전거,부상신고,남,32세,승용차,상해없음,차대차 - 정면충돌,안전운전불이행,흐림,0,1
2017,서울특별시 송파구4,서울특별시 송파구 가락동(가락시장역 1번출구 부근),2017-01-17,20시경,경상사고,남,53세,승용차,상해없음,여,17세,자전거,경상,차대차 - 측면충돌,기타,맑음,0,1
2017,서울특별시 송파구4,서울특별시 송파구 가락동(가락시장역 1번출구 부근),2017-11-30,07시경,경상사고,남,63세,승용차,상해없음,남,17세,자전거,경상,차대차 - 기타,안전운전불이행,맑음,0,1
2017,서울특별시 송파구4,서울특별시 송파구 가락동(가락시장역 1번출구 부근),2017-09-13,08시경,중상사고,남,41세,승합차,상해없음,남,60세,자전거,중상,차대차 - 측면충돌,안전운전불이행,맑음,0,1
2017,서울특별시 송파구4,서울특별시 송파구 가락동(가락시장역 1번출구 부근),2017-07-27,14시경,경상사고,남,60세,자전거,경상,여,39세,승용차,상해없음,차대차 - 정면충돌,안전운전불이행,맑음,0,1
2017,서울특별시 송파구4,서울특별시 송파구 가락동(가락시장역 1번출구 부근),2017-08-05,09시경,경상사고,남,61세,자전거,경상,남,42세,승합차,상해없음,차대차 - 기타,안전운전불이행,맑음,0,1
2017,서울특별시 송파구4,서울특별시 송파구 가락동(가락시장역 1번출구 부근),2017-07-05,08시경,경상사고,여,23세,자전거,경상,기타불명,불명,불명,기타불명,차대차 - 측면충돌,안전운전불이행,맑음,0,1
2017,서울특별시 송파구4,서울특별시 송파구 가락동(가락시장역 1번출구 부근),2017-07-17,05시경,경상사고,남,45세,화물차,상해없음,남,61세,자전거,경상,차대차 - 기타,안전운전불이행,흐림,0,1
2017,서울특별시 송파구6,서울특별시 송파구 가락동(가락중고교 부근),2017-04-12,18시경,경상사고,기타불명,불명,불명,기타불명,여,32세,자전거,경상,차대차 - 추돌,안전운전불이행,맑음,0,1
2017,서울특별시 송파구6,서울특별시 송파구 가락동(가락중고교 부근),2017-11-22,18시경,중상사고,남,55세,승용차,상해없음,남,45세,자전거,중상,차대차 - 정면충돌,교차로운행방법위반,맑음,0,1
2017,서울특별시 송파구6,서울특별시 송파구 가락동(가락중고교 부근),2017-12-10,18시경,경상사고,여,40세,승용차,상해없음,남,54세,자전거,경상,차대차 - 측면충돌,안전운전불이행,흐림,0,1
2017,서울특별시 송파구6,서울특별시 송파구 가락동(가락중고교 부근),2017-06-22,17시경,부상신고사고,남,16세,자전거,부상신고,남,21세,이륜차,부상신고,차대차 - 측면충돌,안전운전불이행,맑음,0,2
2017,서울특별시 송파구6,서울특별시 송파구 가락동(가락중고교 부근),2017-05-20,16시경,경상사고,남,27세,자전거,상해없음,남,8세,자전거,경상,차대차 - 정면충돌,안전운전불이행,맑음,0,1
2017,서울특별시 송파구6,서울특별시 송파구 가락동(가락중고교 부근),2017-12-02,07시경,부상신고사고,남,56세,자전거,부상신고,남,34세,승용차,상해없음,차대차 - 측면충돌,안전운전불이행,맑음,0,1
2017,서울특별시 송파구6,서울특별시 송파구 가락동(가락중고교 부근),2017-06-16,16시경,경상사고,남,67세,자전거,경상,남,37세,화물차,상해없음,차대차 - 정면충돌,중앙선침범,맑음,0,1
2017,서울특별시 송파구23,서울특별시 송파구 가락동(오금역 부근),2017-06-11,09시경,경상사고,남,35세,승용차,상해없음,여,45세,자전거,경상,차대차 - 측면충돌,신호위반,맑음,0,1
2017,서울특별시 송파구23,서울특별시 송파구 가락동(오금역 부근),2017-09-30,08시경,중상사고,남,49세,승용차,상해없음,남,60세,자전거,중상,차대차 - 측면충돌,안전운전불이행,맑음,0,1
2017,서울특별시 송파구23,서울특별시 송파구 가락동(오금역 부근),2017-05-19,20시경,경상사고,남,59세,승용차,상해없음,남,13세,자전거,경상,차대차 - 측면충돌,안전운전불이행,맑음,0,1
2017,서울특별시 송파구23,서울특별시 송파구 가락동(오금역 부근),2017-06-08,09시경,경상사고,여,62세,자전거,경상,여,38세,승용차,상해없음,차대차 - 측면충돌,안전운전불이행,맑음,0,1
2017,서울특별시 송파구25,서울특별시 송파구 가락동(경찰병원역 부근),2017-09-20,17시경,경상사고,남,27세,승용차,상해없음,남,58세,자전거,경상,차대차 - 측면충돌,안전운전불이행,맑음,0,1
2017,서울특별시 송파구25,서울특별시 송파구 가락동(경찰병원역 부근),2017-01-06,19시경,경상사고,남,32세,승용차,상해없음,여,43세,자전거,경상,차대차 - 측면충돌,안전운전불이행,맑음,0,1
2017,서울특별시 송파구25,서울특별시 송파구 가락동(경찰병원역 부근),2017-04-28,09시경,중상사고,남,58세,승용차,상해없음,여,57세,자전거,중상,차대차 - 측면충돌,기타,맑음,0,1
2017,서울특별시 송파구25,서울특별시 송파구 가락동(경찰병원역 부근),2017-06-18,11시경,경상사고,남,12세,자전거,경상,기타불명,불명,기타,기타불명,차대차 - 기타,안전운전불이행,맑음,0,1
2017,서울특별시 송파구11,서울특별시 송파구 문정동(장지역사거리 부근),2017-11-24,13시경,경상사고,남,31세,승용차,기타불명,여,45세,자전거,경상,차대차 - 기타,안전운전불이행,맑음,0,1
2017,서울특별시 송파구11,서울특별시 송파구 문정동(장지역사거리 부근),2017-02-13,19시경,경상사고,남,31세,승용차,상해없음,여,59세,자전거,경상,차대차 - 측면충돌,안전운전불이행,맑음,0,1
2017,서울특별시 송파구11,서울특별시 송파구 문정동(장지역사거리 부근),2017-01-24,09시경,경상사고,여,29세,승용차,상해없음,남,24세,자전거,경상,차대차 - 측면충돌,안전운전불이행,맑음,0,1
2017,서울특별시 송파구11,서울특별시 송파구 문정동(장지역사거리 부근),2017-03-13,16시경,부상신고사고,남,14세,자전거,부상신고,남,66세,승합차,상해없음,차대차 - 정면충돌,안전운전불이행,맑음,0,1
2017,서울특별시 송파구11,서울특별시 송파구 문정동(장지역사거리 부근),2017-05-14,13시경,중상사고,남,69세,자전거,상해없음,여,55세,보행자,중상,차대사람 - 횡단중,보행자보호의무위반,맑음,0,1
2017,서울특별시 송파구11,서울특별시 송파구 문정동(장지역사거리 부근),2017-07-19,08시경,경상사고,남,113세,자전거,경상,남,40세,승용차,상해없음,차대차 - 측면충돌,안전운전불이행,맑음,0,1
2017,서울특별시 송파구19,서울특별시 송파구 문정동(문정현대아파트 앞 부근),2017-06-18,09시경,경상사고,남,28세,승용차,상해없음,여,54세,자전거,경상,차대차 - 측면충돌,기타,맑음,0,1
2017,서울특별시 송파구19,서울특별시 송파구 문정동(문정현대아파트 앞 부근),2017-09-02,12시경,중상사고,여,53세,승합차,상해없음,남,8세,자전거,중상,차대차 - 측면충돌,안전운전불이행,맑음,0,1
2017,서울특별시 송파구19,서울특별시 송파구 문정동(문정현대아파트 앞 부근),2017-05-22,08시경,경상사고,남,10세,자전거,경상,남,44세,승용차,상해없음,차대차 - 정면충돌,안전운전불이행,맑음,0,1
2017,서울특별시 송파구19,서울특별시 송파구 문정동(문정현대아파트 앞 부근),2017-01-17,16시경,중상사고,남,32세,자전거,중상,남,57세,화물차,상해없음,차대차 - 측면충돌,신호위반,맑음,0,1
2017,서울특별시 송파구2,서울특별시 송파구 방이동(둔촌사거리 부근),2017-08-12,10시경,중상사고,남,49세,승용차,상해없음,남,14세,자전거,중상,차대차 - 측면충돌,안전운전불이행,맑음,0,1
2017,서울특별시 송파구2,서울특별시 송파구 방이동(둔촌사거리 부근),2017-09-09,21시경,중상사고,남,57세,승용차,상해없음,남,22세,자전거,중상,차대차 - 측면충돌,신호위반,맑음,0,1
2017,서울특별시 송파구2,서울특별시 송파구 방이동(둔촌사거리 부근),2017-05-21,20시경,경상사고,남,70세,승용차,상해없음,남,20세,자전거,경상,차대차 - 측면충돌,안전운전불이행,맑음,0,1
2017,서울특별시 송파구2,서울특별시 송파구 방이동(둔촌사거리 부근),2017-05-04,22시경,경상사고,여,60세,승용차,상해없음,여,28세,자전거,경상,차대차 - 정면충돌,안전운전불이행,맑음,0,1
2017,서울특별시 송파구2,서울특별시 송파구 방이동(둔촌사거리 부근),2017-11-13,17시경,부상신고사고,남,46세,자전거,부상신고,여,24세,승용차,상해없음,차대차 - 측면충돌,안전운전불이행,흐림,0,1
2017,서울특별시 송파구2,서울특별시 송파구 방이동(둔촌사거리 부근),2017-06-15,19시경,중상사고,남,58세,자전거,중상,남,45세,승용차,상해없음,차대차 - 측면충돌,안전운전불이행,맑음,0,1
2017,서울특별시 송파구2,서울특별시 송파구 방이동(둔촌사거리 부근),2017-06-28,22시경,경상사고,여,52세,자전거,경상,남,65세,승용차,상해없음,차대차 - 측면충돌,불법유턴,맑음,0,1
2017,서울특별시 송파구2,서울특별시 송파구 방이동(둔촌사거리 부근),2017-07-18,15시경,경상사고,여,57세,자전거,경상,남,46세,승용차,상해없음,차대차 - 기타,안전운전불이행,맑음,0,1
2017,서울특별시 송파구10,서울특별시 송파구 방이동(두양빌딩 부근),2017-09-18,23시경,중상사고,남,25세,승용차,상해없음,여,52세,자전거,중상,차대차 - 측면충돌,신호위반,맑음,0,1
2017,서울특별시 송파구10,서울특별시 송파구 방이동(두양빌딩 부근),2017-09-20,08시경,경상사고,여,50세,승용차,상해없음,남,17세,자전거,경상,차대차 - 측면충돌,신호위반,맑음,0,1
2017,서울특별시 송파구10,서울특별시 송파구 방이동(두양빌딩 부근),2017-11-07,17시경,경상사고,여,59세,승용차,상해없음,남,57세,자전거,경상,차대차 - 측면충돌,안전운전불이행,맑음,0,1
2017,서울특별시 송파구10,서울특별시 송파구 방이동(두양빌딩 부근),2017-11-09,19시경,경상사고,남,12세,자전거,경상,남,69세,승용차,상해없음,차대차 - 기타,안전운전불이행,맑음,0,1
2017,서울특별시 송파구10,서울특별시 송파구 방이동(두양빌딩 부근),2017-10-12,13시경,경상사고,남,24세,자전거,상해없음,남,55세,보행자,경상,차대사람 - 기타,안전운전불이행,맑음,0,1
2017,서울특별시 송파구10,서울특별시 송파구 방이동(두양빌딩 부근),2017-10-18,08시경,부상신고사고,남,60세,자전거,부상신고,여,46세,승용차,상해없음,차대차 - 측면충돌,신호위반,맑음,0,1
2017,서울특별시 송파구12,서울특별시 송파구 방이동(방이사거리 부근),2017-05-12,14시경,경상사고,여,44세,승용차,상해없음,여,55세,자전거,경상,차대차 - 측면충돌,신호위반,맑음,0,1
2017,서울특별시 송파구12,서울특별시 송파구 방이동(방이사거리 부근),2017-05-13,11시경,경상사고,여,61세,승용차,상해없음,남,49세,자전거,경상,차대차 - 정면충돌,안전운전불이행,맑음,0,1
2017,서울특별시 송파구12,서울특별시 송파구 방이동(방이사거리 부근),2017-08-08,22시경,부상신고사고,남,19세,자전거,부상신고,남,58세,승용차,상해없음,차대차 - 정면충돌,안전운전불이행,맑음,0,1
2017,서울특별시 송파구12,서울특별시 송파구 방이동(방이사거리 부근),2017-12-21,09시경,경상사고,남,49세,자전거,경상,남,59세,승용차,상해없음,차대차 - 기타,안전운전불이행,맑음,0,1
2017,서울특별시 송파구12,서울특별시 송파구 방이동(방이사거리 부근),2017-09-04,21시경,부상신고사고,남,64세,자전거,부상신고,남,74세,승용차,상해없음,차대차 - 정면충돌,안전운전불이행,맑음,0,1
2017,서울특별시 송파구12,서울특별시 송파구 방이동(방이사거리 부근),2017-01-18,08시경,부상신고사고,여,44세,자전거,부상신고,남,58세,승용차,상해없음,차대차 - 정면충돌,안전운전불이행,맑음,0,1
2017,서울특별시 송파구17,서울특별시 송파구 오금동(올림픽공원사거리 부근),2017-02-23,08시경,중상사고,남,60세,승용차,상해없음,여,61세,자전거,중상,차대차 - 정면충돌,안전운전불이행,맑음,0,1
2017,서울특별시 송파구17,서울특별시 송파구 오금동(올림픽공원사거리 부근),2017-05-05,13시경,중상사고,여,58세,승용차,상해없음,남,13세,자전거,중상,차대차 - 측면충돌,안전운전불이행,맑음,0,1
2017,서울특별시 송파구17,서울특별시 송파구 오금동(올림픽공원사거리 부근),2017-02-21,22시경,경상사고,남,14세,자전거,경상,남,15세,자전거,부상신고,차대차 - 정면충돌,안전운전불이행,맑음,0,2
2017,서울특별시 송파구17,서울특별시 송파구 오금동(올림픽공원사거리 부근),2017-02-15,21시경,경상사고,남,32세,자전거,경상,남,49세,승용차,상해없음,차대차 - 측면충돌,안전운전불이행,맑음,0,1
2017,서울특별시 송파구21,서울특별시 송파구 마천동(마천사거리 부근),2017-08-13,11시경,부상신고사고,기타불명,불명,불명,기타불명,여,58세,자전거,부상신고,차대차 - 기타,안전운전불이행,맑음,0,1