사고년도,다발시군구,지점명,사고일시,사고시간대,사고등급,가해자성별,가해자연령,가해차종,가해자신체상해정도,피해자성별,피해자연령,피해차종,피해자신체상해정도,사고유형,가해자법규위반,기상상태,사망자수,부상자수
2017,경기도 수원시 권선구3,경기도 수원시 권선구 세류동(미영아파트정문 부근),2017-06-10,17시경,부상신고사고,남,61세,자전거,부상신고,없음,불명,없음,없음,차량단독 - 기타,안전운전불이행,맑음,0,1
2017,경기도 수원시 권선구2,경기도 수원시 권선구 금곡동(가람한의원 부근),2017-07-19,16시경,중상사고,남,60세,승용차,상해없음,남,10세,자전거,중상,차대차 - 측면충돌,안전운전불이행,맑음,0,1
2017,경기도 수원시 권선구2,경기도 수원시 권선구 금곡동(가람한의원 부근),2017-05-17,16시경,중상사고,여,29세,승용차,상해없음,남,8세,자전거,중상,차대차 - 정면충돌,신호위반,맑음,0,1
2017,경기도 수원시 권선구2,경기도 수원시 권선구 금곡동(가람한의원 부근),2017-10-15,18시경,경상사고,여,48세,승용차,상해없음,남,11세,자전거,경상,차대차 - 기타,안전운전불이행,맑음,0,1
2017,경기도 수원시 권선구2,경기도 수원시 권선구 금곡동(가람한의원 부근),2017-06-08,17시경,경상사고,여,49세,승용차,상해없음,남,43세,자전거,경상,차대차 - 기타,교차로운행방법위반,맑음,0,1
2017,경기도 수원시 권선구1,경기도 수원시 권선구 권선동(농수산시장사거리 부근),2017-05-06,10시경,경상사고,기타불명,불명,불명,기타불명,남,16세,자전거,경상,차대차 - 측면충돌,안전운전불이행,맑음,0,1
2017,경기도 수원시 권선구1,경기도 수원시 권선구 권선동(농수산시장사거리 부근),2017-11-05,12시경,경상사고,남,37세,승용차,상해없음,남,75세,자전거,경상,차대차 - 측면충돌,안전운전불이행,맑음,0,1
2017,경기도 수원시 권선구1,경기도 수원시 권선구 권선동(농수산시장사거리 부근),2017-10-19,07시경,중상사고,여,63세,승용차,상해없음,남,30세,자전거,중상,차대차 - 측면충돌,안전운전불이행,맑음,0,1
2017,경기도 수원시 권선구1,경기도 수원시 권선구 권선동(농수산시장사거리 부근),2017-04-23,07시경,중상사고,남,77세,이륜차,상해없음,남,36세,자전거,중상,차대차 - 기타,안전운전불이행,맑음,0,1
2017,경기도 수원시 권선구1,경기도 수원시 권선구 권선동(농수산시장사거리 부근),2017-06-03,13시경,부상신고사고,남,7세,자전거,부상신고,남,34세,화물차,상해없음,차대차 - 기타,교차로운행방법위반,맑음,0,1
2017,경기도 수원시 팔달구3,경기도 수원시 팔달구 화서동(화서문로터리 부근),2017-08-30,05시경,경상사고,남,55세,승용차,상해없음,남,46세,자전거,경상,차대차 - 정면충돌,안전운전불이행,맑음,0,1
2017,경기도 수원시 팔달구3,경기도 수원시 팔달구 화서동(화서문로터리 부근),2017-04-03,07시경,경상사고,여,50세,승합차,상해없음,남,16세,자전거,경상,차대차 - 기타,안전운전불이행,맑음,0,1
2017,경기도 수원시 팔달구3,경기도 수원시 팔달구 화서동(화서문로터리 부근),2017-03-20,17시경,경상사고,남,14세,자전거,상해없음,여,16세,보행자,경상,차대사람 - 횡단중,신호위반,맑음,0,1
2017,경기도 수원시 팔달구3,경기도 수원시 팔달구 화서동(화서문로터리 부근),2017-10-17,10시경,경상사고,남,74세,자전거,경상,남,75세,승용차,상해없음,차대차 - 측면충돌,신호위반,맑음,0,1
2017,경기도 수원시 팔달구1,경기도 수원시 팔달구 인계동(동수원사거리 부근),2017-03-01,11시경,경상사고,기타불명,불명,승용차,기타불명,남,26세,자전거,경상,차대차 - 기타,안전운전불이행,맑음,0,1
2017,경기도 수원시 팔달구1,경기도 수원시 팔달구 인계동(동수원사거리 부근),2017-04-02,19시경,경상사고,남,14세,자전거,경상,남,57세,승용차,상해없음,차대차 - 측면충돌,안전운전불이행,맑음,0,1
2017,경기도 수원시 팔달구1,경기도 수원시 팔달구 인계동(동수원사거리 부근),2017-05-01,10시경,부상신고사고,남,18세,자전거,부상신고,남,61세,승용차,상해없음,차대차 - 측면충돌,안전운전불이행,맑음,0,1
2017,경기도 수원시 팔달구1,경기도 수원시 팔달구 인계동(동수원사거리 부근),2017-12-14,12시경,경상사고,남,75세,자전거,경상,남,69세,승용차,상해없음,차대차 - 기타,안전운전불이행,맑음,0,1
2017,경기도 수원시 팔달구1,경기도 수원시 팔달구 인계동(동수원사거리 부근),2017-05-16,23시경,경상사고,여,23세,자전거,경상,남,32세,승용차,상해없음,차대차 - 측면충돌,안전운전불이행,맑음,0,1
2017,경기도 수원시 팔달구1,경기도 수원시 팔달구 인계동(동수원사거리 부근),2017-10-01,16시경,부상신고사고,여,50세,자전거,부상신고,남,64세,승용차,상해없음,차대차 - 측면충돌,안전운전불이행,맑음,0,1
2017,경기도 수원시 팔달구2,경기도 수원시 팔달구 인계동(문화의전당사거리 부근),2017-07-04,18시경,경상사고,기타불명,불명,불명,기타불명,남,18세,자전거,경상,차대차 - 측면충돌,안전운전불이행,맑음,0,1
2017,경기도 수원시 팔달구2,경기도 수원시 팔달구 인계동(문화의전당사거리 부근),2017-05-24,19시경,경상사고,남,60세,승용차,상해없음,남,19세,자전거,경상,차대차 - 기타,안전운전불이행,맑음,0,1
2017,경기도 수원시 팔달구2,경기도 수원시 팔달구 인계동(문화의전당사거리 부근),2017-06-13,17시경,경상사고,남,17세,자전거,상해없음,여,35세,보행자,경상,차대사람 - 보도통행중,기타,맑음,0,1
2017,경기도 수원시 팔달구2,경기도 수원시 팔달구 인계동(문화의전당사거리 부근),2017-10-11,11시경,중상사고,남,82세,자전거,중상,남,54세,화물차,상해없음,차대차 - 기타,중앙선침범,흐림,0,1
2017,경기도 수원시 영통구1,경기도 수원시 영통구 매탄동(법원사거리 부근),2017-05-29,17시경,경상사고,남,42세,승용차,상해없음,남,18세,자전거,경상,차대차 - 측면충돌,안전운전불이행,맑음,0,1
2017,경기도 수원시 영통구1,경기도 수원시 영통구 매탄동(법원사거리 부근),2017-12-28,21시경,경상사고,남,46세,승용차,상해없음,남,15세,자전거,경상,차대차 - 기타,안전운전불이행,맑음,0,1
2017,경기도 수원시 영통구1,경기도 수원시 영통구 매탄동(법원사거리 부근),2017-05-11,14시경,중상사고,남,46세,승용차,상해없음,남,60세,자전거,중상,차대차 - 측면충돌,안전운전불이행,맑음,0,1
2017,경기도 수원시 영통구1,경기도 수원시 영통구 매탄동(법원사거리 부근),2017-03-03,11시경,부상신고사고,남,51세,승용차,상해없음,여,47세,자전거,부상신고,차대차 - 기타,직진우회전진행방해,맑음,0,1
2017,경기도 수원시 영통구1,경기도 수원시 영통구 매탄동(법원사거리 부근),2017-08-12,14시경,경상사고,남,52세,승용차,상해없음,남,14세,자전거,경상,차대차 - 측면충돌,안전운전불이행,맑음,0,1
2017,경기도 성남시 수정구1,경기도 성남시 수정구 수진동(모란사거리 부근),2017-04-22,22시경,중상사고,남,31세,승용차,상해없음,남,49세,자전거,중상,차대차 - 기타,신호위반,맑음,0,1
2017,경기도 성남시 수정구1,경기도 성남시 수정구 수진동(모란사거리 부근),2017-06-26,14시경,중상사고,여,40세,승용차,기타불명,남,73세,자전거,중상,차대차 - 측면충돌,신호위반,맑음,0,1
2017,경기도 성남시 수정구1,경기도 성남시 수정구 수진동(모란사거리 부근),2017-07-01,16시경,경상사고,남,32세,자전거,상해없음,남,17세,사륜오토바이(ATV),상해없음,차대차 - 측면충돌,중앙선침범,맑음,0,1
2017,경기도 성남시 수정구1,경기도 성남시 수정구 수진동(모란사거리 부근),2017-11-16,15시경,부상신고사고,남,51세,자전거,부상신고,여,37세,승용차,상해없음,차대차 - 기타,중앙선침범,맑음,0,1
2017,경기도 성남시 수정구1,경기도 성남시 수정구 수진동(모란사거리 부근),2017-05-08,16시경,부상신고사고,남,56세,자전거,부상신고,남,42세,승합차,상해없음,차대차 - 기타,중앙선침범,맑음,0,1
2017,경기도 성남시 중원구1,경기도 성남시 중원구 하대원동(모란시장사거리 부근),2017-11-08,05시경,경상사고,남,63세,승용차,상해없음,남,73세,자전거,경상,차대차 - 기타,안전운전불이행,맑음,0,1
2017,경기도 성남시 중원구1,경기도 성남시 중원구 하대원동(모란시장사거리 부근),2017-05-24,18시경,중상사고,남,60세,이륜차,상해없음,남,33세,자전거,중상,차대차 - 기타,중앙선침범,맑음,0,1
2017,경기도 성남시 중원구1,경기도 성남시 중원구 하대원동(모란시장사거리 부근),2017-09-18,20시경,경상사고,남,51세,자전거,경상,남,49세,승용차,상해없음,차대차 - 기타,교차로운행방법위반,맑음,0,1
2017,경기도 성남시 중원구1,경기도 성남시 중원구 하대원동(모란시장사거리 부근),2017-09-15,08시경,경상사고,남,61세,특수차,상해없음,남,58세,자전거,경상,차대차 - 기타,안전운전불이행,맑음,0,1
2017,경기도 성남시 중원구1,경기도 성남시 중원구 하대원동(모란시장사거리 부근),2017-07-25,15시경,부상신고사고,남,40세,화물차,상해없음,남,52세,자전거,부상신고,차대차 - 후진중충돌,안전운전불이행,맑음,0,1
2017,경기도 성남시 중원구1,경기도 성남시 중원구 하대원동(모란시장사거리 부근),2017-06-28,15시경,경상사고,남,57세,화물차,상해없음,남,57세,자전거,경상,차대차 - 측면충돌,안전운전불이행,맑음,0,1
2017,경기도 의정부시1,경기도 의정부시 의정부동(범골입구사거리 부근),2017-06-13,18시경,경상사고,남,30세,승용차,상해없음,남,58세,자전거,경상,차대차 - 정면충돌,신호위반,맑음,0,1
2017,경기도 의정부시1,경기도 의정부시 의정부동(범골입구사거리 부근),2017-05-06,13시경,사망사고,여,54세,승용차,상해없음,남,80세,자전거,사망,차대차 - 측면충돌,안전운전불이행,맑음,1,0
2017,경기도 의정부시1,경기도 의정부시 의정부동(범골입구사거리 부근),2017-07-25,11시경,경상사고,남,31세,승합차,상해없음,여,47세,자전거,경상,차대차 - 정면충돌,신호위반,맑음,0,1
2017,경기도 의정부시1,경기도 의정부시 의정부동(범골입구사거리 부근),2017-04-18,17시경,경상사고,남,60세,화물차,상해없음,남,11세,자전거,경상,차대차 - 정면충돌,안전운전불이행,맑음,0,1
2017,경기도 의정부시2,경기도 의정부시 신곡동(장암초교 부근),2017-06-17,04시경,중상사고,남,43세,승용차,상해없음,남,64세,자전거,중상,차대차 - 정면충돌,안전운전불이행,맑음,0,1
2017,경기도 의정부시2,경기도 의정부시 신곡동(장암초교 부근),2017-04-25,08시경,부상신고사고,남,52세,승용차,상해없음,남,39세,자전거,부상신고,차대차 - 정면충돌,안전운전불이행,맑음,0,1
2017,경기도 의정부시2,경기도 의정부시 신곡동(장암초교 부근),2017-07-29,00시경,부상신고사고,남,67세,승용차,상해없음,남,26세,자전거,부상신고,차대차 - 정면충돌,교차로운행방법위반,흐림,0,1
2017,경기도 의정부시2,경기도 의정부시 신곡동(장암초교 부근),2017-06-28,17시경,부상신고사고,남,14세,자전거,상해없음,남,23세,이륜차,부상신고,차대차 - 측면충돌,불법유턴,맑음,0,1
2017,경기도 안양시 동안구2,경기도 안양시 동안구 비산동(비산사거리 부근),2017-03-20,09시경,중상사고,남,55세,건설기계,상해없음,남,65세,자전거,중상,차대차 - 측면충돌,안전운전불이행,맑음,0,1
2017,경기도 안양시 동안구2,경기도 안양시 동안구 비산동(비산사거리 부근),2017-03-10,21시경,경상사고,여,50세,승용차,상해없음,남,41세,자전거,경상,차대차 - 추돌,신호위반,맑음,0,1
2017,경기도 안양시 동안구2,경기도 안양시 동안구 비산동(비산사거리 부근),2017-05-15,11시경,중상사고,여,60세,승용차,상해없음,남,56세,자전거,중상,차대차 - 측면충돌,신호위반,맑음,0,1
2017,경기도 안양시 동안구2,경기도 안양시 동안구 비산동(비산사거리 부근),2017-04-11,00시경,중상사고,남,36세,자전거,경상,남,33세,자전거,중상,차대차 - 정면충돌,안전운전불이행,맑음,0,2
2017,경기도 안양시 동안구1,경기도 안양시 동안구 평촌동(목련마을평촌두산6단지아파트입구 부근),2017-10-24,18시경,중상사고,남,67세,승용차,상해없음,남,14세,자전거,중상,차대차 - 기타,안전운전불이행,맑음,0,1
2017,경기도 안양시 동안구1,경기도 안양시 동안구 평촌동(목련마을평촌두산6단지아파트입구 부근),2017-03-18,14시경,중상사고,남,13세,자전거,상해없음,여,40세,승용차,상해없음,차대차 - 기타,신호위반,맑음,0,3
2017,경기도 안양시 동안구1,경기도 안양시 동안구 평촌동(목련마을평촌두산6단지아파트입구 부근),2017-11-03,20시경,중상사고,남,15세,자전거,상해없음,남,28세,보행자,중상,차대사람 - 기타,안전운전불이행,맑음,0,1
2017,경기도 안양시 동안구1,경기도 안양시 동안구 평촌동(목련마을평촌두산6단지아파트입구 부근),2017-09-15,16시경,경상사고,남,17세,자전거,상해없음,남,11세,보행자,경상,차대사람 - 보도통행중,안전운전불이행,맑음,0,1
2017,경기도 안양시 동안구1,경기도 안양시 동안구 평촌동(목련마을평촌두산6단지아파트입구 부근),2017-04-07,22시경,경상사고,여,19세,자전거,상해없음,남,54세,보행자,경상,차대사람 - 기타,안전운전불이행,맑음,0,1
2017,경기도 부천시16,경기도 부천시 심곡동(부천대학교사거리 부근),2017-04-03,21시경,중상사고,남,54세,자전거,상해없음,남,52세,보행자,중상,차대사람 - 횡단중,보행자보호의무위반,맑음,0,1
2017,경기도 부천시16,경기도 부천시 심곡동(부천대학교사거리 부근),2017-12-29,14시경,중상사고,남,56세,자전거,중상,여,42세,승용차,상해없음,차대차 - 측면충돌,안전운전불이행,맑음,0,1
2017,경기도 부천시16,경기도 부천시 심곡동(부천대학교사거리 부근),2017-11-05,04시경,부상신고사고,여,56세,자전거,상해없음,남,44세,이륜차,부상신고,차대차 - 기타,안전운전불이행,맑음,0,1
2017,경기도 부천시16,경기도 부천시 심곡동(부천대학교사거리 부근),2017-11-06,15시경,경상사고,남,43세,화물차,상해없음,남,15세,자전거,경상,차대차 - 측면충돌,안전운전불이행,맑음,0,1
2017,경기도 부천시17,경기도 부천시 심곡동(소방서사거리 부근),2017-09-01,18시경,경상사고,기타불명,불명,불명,기타불명,남,27세,자전거,경상,차대차 - 기타,안전운전불이행,맑음,0,1
2017,경기도 부천시17,경기도 부천시 심곡동(소방서사거리 부근),2017-09-17,06시경,경상사고,여,39세,승용차,상해없음,남,26세,자전거,경상,차대차 - 측면충돌,교차로운행방법위반,맑음,0,1
2017,경기도 부천시17,경기도 부천시 심곡동(소방서사거리 부근),2017-01-02,02시경,중상사고,여,54세,승용차,상해없음,남,72세,자전거,중상,차대차 - 정면충돌,안전운전불이행,맑음,0,1
2017,경기도 부천시17,경기도 부천시 심곡동(소방서사거리 부근),2017-06-15,20시경,경상사고,남,13세,자전거,경상,남,62세,승용차,상해없음,차대차 - 측면충돌,신호위반,맑음,0,1
2017,경기도 부천시18,경기도 부천시 심곡동(장말삼거리 부근),2017-07-12,08시경,중상사고,기타불명,불명,불명,기타불명,남,67세,자전거,중상,차대차 - 측면충돌,안전운전불이행,맑음,0,1
2017,경기도 부천시18,경기도 부천시 심곡동(장말삼거리 부근),2017-04-20,15시경,경상사고,여,51세,승용차,상해없음,남,20세,자전거,경상,차대차 - 정면충돌,신호위반,맑음,0,1
2017,경기도 부천시18,경기도 부천시 심곡동(장말삼거리 부근),2017-02-23,15시경,경상사고,여,51세,승용차,상해없음,남,69세,자전거,경상,차대차 - 기타,신호위반,맑음,0,1
2017,경기도 부천시18,경기도 부천시 심곡동(장말삼거리 부근),2017-09-15,20시경,경상사고,여,9세,자전거,경상,남,27세,원동기장치자전거,상해없음,차대차 - 측면충돌,안전운전불이행,맑음,0,1
2017,경기도 부천시1,경기도 부천시 중동(신중동역 부근),2017-06-12,21시경,중상사고,남,59세,승용차,상해없음,남,28세,자전거,중상,차대차 - 측면충돌,안전운전불이행,맑음,0,1
2017,경기도 부천시1,경기도 부천시 중동(신중동역 부근),2017-08-21,06시경,경상사고,여,38세,승용차,상해없음,남,37세,자전거,경상,차대차 - 기타,안전운전불이행,맑음,0,1
2017,경기도 부천시1,경기도 부천시 중동(신중동역 부근),2017-10-30,17시경,경상사고,여,51세,승용차,상해없음,여,37세,자전거,경상,차대차 - 측면충돌,안전운전불이행,맑음,0,1
2017,경기도 부천시1,경기도 부천시 중동(신중동역 부근),2017-12-15,11시경,중상사고,여,52세,승용차,상해없음,여,68세,자전거,중상,차대차 - 측면충돌,교차로운행방법위반,맑음,0,1
2017,경기도 부천시1,경기도 부천시 중동(신중동역 부근),2017-04-11,07시경,경상사고,남,64세,자전거,경상,남,67세,승용차,상해없음,차대차 - 측면충돌,안전운전불이행,맑음,0,1
2017,경기도 부천시1,경기도 부천시 중동(신중동역 부근),2017-06-05,13시경,경상사고,남,77세,자전거,상해없음,여,46세,승용차,상해없음,차대차 - 측면충돌,안전운전불이행,맑음,0,1
2017,경기도 부천시1,경기도 부천시 중동(신중동역 부근),2017-07-06,07시경,중상사고,남,41세,화물차,상해없음,남,36세,자전거,중상,차대차 - 기타,안전운전불이행,맑음,0,1
2017,경기도 부천시3,경기도 부천시 중동(중동대로사거리 부근),2017-07-23,19시경,경상사고,남,29세,승용차,상해없음,남,47세,자전거,경상,차대차 - 측면충돌,안전운전불이행,맑음,0,1
2017,경기도 부천시3,경기도 부천시 중동(중동대로사거리 부근),2017-07-20,18시경,경상사고,남,40세,승용차,상해없음,남,47세,자전거,경상,차대차 - 측면충돌,안전운전불이행,맑음,0,1
2017,경기도 부천시3,경기도 부천시 중동(중동대로사거리 부근),2017-09-29,08시경,경상사고,남,34세,이륜차,상해없음,남,15세,자전거,경상,차대차 - 기타,안전운전불이행,맑음,0,1
2017,경기도 부천시3,경기도 부천시 중동(중동대로사거리 부근),2017-09-02,08시경,중상사고,남,62세,자전거,중상,남,28세,화물차,상해없음,차대차 - 측면충돌,교차로운행방법위반,맑음,0,1
2017,경기도 부천시3,경기도 부천시 중동(중동대로사거리 부근),2017-10-23,05시경,부상신고사고,여,72세,자전거,부상신고,남,57세,자전거,상해없음,차대차 - 기타,안전운전불이행,맑음,0,1
2017,경기도 부천시3,경기도 부천시 중동(중동대로사거리 부근),2017-05-20,09시경,중상사고,남,57세,화물차,상해없음,남,17세,자전거,중상,차대차 - 측면충돌,안전운전불이행,맑음,0,1
2017,경기도 부천시3,경기도 부천시 중동(중동대로사거리 부근),2017-07-01,13시경,부상신고사고,남,63세,화물차,상해없음,남,11세,자전거,부상신고,차대차 - 기타,안전운전불이행,맑음,0,1
2017,경기도 부천시5,경기도 부천시 중동(여의도순복음 중동교회 부근),2017-03-15,13시경,중상사고,남,35세,승용차,상해없음,남,61세,자전거,중상,차대차 - 측면충돌,신호위반,맑음,0,1
2017,경기도 부천시5,경기도 부천시 중동(여의도순복음 중동교회 부근),2017-09-02,18시경,경상사고,여,49세,승용차,상해없음,남,6세,자전거,경상,차대차 - 측면충돌,안전운전불이행,맑음,0,1
2017,경기도 부천시5,경기도 부천시 중동(여의도순복음 중동교회 부근),2017-06-12,12시경,경상사고,남,74세,자전거,경상,남,44세,승용차,상해없음,차대차 - 측면충돌,안전운전불이행,맑음,0,1
2017,경기도 부천시5,경기도 부천시 중동(여의도순복음 중동교회 부근),2017-08-21,09시경,경상사고,여,45세,자전거,경상,남,60세,승용차,상해없음,차대차 - 측면충돌,안전운전불이행,맑음,0,1
2017,경기도 부천시5,경기도 부천시 중동(여의도순복음 중동교회 부근),2017-07-28,19시경,중상사고,여,55세,자전거,중상,남,44세,승용차,상해없음,차대차 - 측면충돌,안전운전불이행,맑음,0,1
2017,경기도 부천시5,경기도 부천시 중동(여의도순복음 중동교회 부근),2017-06-26,13시경,경상사고,여,58세,자전거,경상,여,37세,승용차,상해없음,차대차 - 측면충돌,안전운전불이행,맑음,0,1
2017,경기도 부천시6,경기도 부천시 중동(복사골아파트사거리 부근),2017-12-08,05시경,중상사고,남,27세,승용차,상해없음,남,63세,자전거,중상,차대차 - 기타,신호위반,맑음,0,1
2017,경기도 부천시6,경기도 부천시 중동(복사골아파트사거리 부근),2017-06-14,16시경,경상사고,여,60세,승용차,상해없음,남,13세,자전거,경상,차대차 - 추돌,신호위반,맑음,0,1
2017,경기도 부천시6,경기도 부천시 중동(복사골아파트사거리 부근),2017-12-08,18시경,경상사고,남,47세,자전거,경상,없음,불명,없음,없음,차량단독 - 전도전복,안전운전불이행,맑음,0,1
2017,경기도 부천시6,경기도 부천시 중동(복사골아파트사거리 부근),2017-06-01,18시경,중상사고,남,48세,자전거,중상,남,61세,승합차,상해없음,차대차 - 정면충돌,안전운전불이행,맑음,0,1
2017,경기도 부천시6,경기도 부천시 중동(복사골아파트사거리 부근),2017-07-17,12시경,경상사고,남,72세,자전거,상해없음,여,62세,자전거,경상,차대차 - 정면충돌,안전운전불이행,맑음,0,1
2017,경기도 부천시6,경기도 부천시 중동(복사골아파트사거리 부근),2017-08-03,05시경,경상사고,남,82세,자전거,경상,남,59세,화물차,상해없음,차대차 - 측면충돌,안전운전불이행,맑음,0,1
2017,경기도 부천시7,경기도 부천시 중동(중앙공원사거리 부근),2017-09-29,04시경,경상사고,기타불명,불명,불명,기타불명,남,69세,자전거,경상,차대차 - 측면충돌,안전운전불이행,맑음,0,1
2017,경기도 부천시7,경기도 부천시 중동(중앙공원사거리 부근),2017-10-05,17시경,중상사고,남,43세,승용차,상해없음,남,76세,자전거,중상,차대차 - 측면충돌,신호위반,맑음,0,1
2017,경기도 부천시7,경기도 부천시 중동(중앙공원사거리 부근),2017-09-07,17시경,경상사고,여,37세,승용차,상해없음,남,11세,자전거,경상,차대차 - 측면충돌,교차로운행방법위반,맑음,0,1
2017,경기도 부천시7,경기도 부천시 중동(중앙공원사거리 부근),2017-10-01,11시경,중상사고,남,51세,이륜차,상해없음,여,57세,자전거,중상,차대차 - 측면충돌,신호위반,맑음,0,1
2017,경기도 부천시7,경기도 부천시 중동(중앙공원사거리 부근),2017-05-28,20시경,부상신고사고,남,16세,자전거,상해없음,남,18세,이륜차,상해없음,차대차 - 측면충돌,안전운전불이행,맑음,0,1
2017,경기도 부천시7,경기도 부천시 중동(중앙공원사거리 부근),2017-08-27,09시경,경상사고,남,40세,자전거,상해없음,여,5세,보행자,경상,차대사람 - 기타,신호위반,맑음,0,1
2017,경기도 부천시9,경기도 부천시 중동(투다리희망점 앞사거리 부근),2017-04-17,16시경,중상사고,여,35세,승용차,상해없음,여,76세,자전거,중상,차대차 - 측면충돌,안전운전불이행,맑음,0,1
2017,경기도 부천시9,경기도 부천시 중동(투다리희망점 앞사거리 부근),2017-10-31,12시경,경상사고,여,42세,승용차,상해없음,남,81세,자전거,경상,차대차 - 측면충돌,신호위반,맑음,0,1
2017,경기도 부천시9,경기도 부천시 중동(투다리희망점 앞사거리 부근),2017-02-10,15시경,사망사고,남,50세,승합차,상해없음,남,80세,자전거,사망,차대차 - 추돌,안전운전불이행,맑음,1,0
2017,경기도 부천시9,경기도 부천시 중동(투다리희망점 앞사거리 부근),2017-12-07,17시경,경상사고,남,48세,자전거,상해없음,남,65세,자전거,경상,차대차 - 기타,안전운전불이행,맑음,0,1
2017,경기도 부천시9,경기도 부천시 중동(투다리희망점 앞사거리 부근),2017-07-19,20시경,중상사고,남,49세,자전거,중상,남,33세,승용차,상해없음,차대차 - 측면충돌,신호위반,맑음,0,1
2017,경기도 부천시10,경기도 부천시 중동(금강어린이공원 부근),2017-06-24,08시경,중상사고,남,39세,승용차,상해없음,남,73세,자전거,중상,차대차 - 측면충돌,안전운전불이행,맑음,0,1
2017,경기도 부천시10,경기도 부천시 중동(금강어린이공원 부근),2017-08-25,22시경,부상신고사고,남,61세,승용차,상해없음,남,60세,자전거,부상신고,차대차 - 측면충돌,교차로운행방법위반,맑음,0,1
2017,경기도 부천시10,경기도 부천시 중동(금강어린이공원 부근),2017-09-11,12시경,중상사고,남,57세,승합차,상해없음,여,71세,자전거,중상,차대차 - 측면충돌,안전운전불이행,맑음,0,1
2017,경기도 부천시10,경기도 부천시 중동(금강어린이공원 부근),2017-06-17,21시경,경상사고,남,34세,원동기장치자전거,경상,여,58세,자전거,상해없음,차대차 - 측면충돌,신호위반,맑음,0,1
2017,경기도 부천시10,경기도 부천시 중동(금강어린이공원 부근),2017-06-16,06시경,중상사고,남,45세,화물차,상해없음,남,79세,자전거,중상,차대차 - 측면충돌,안전운전불이행,맑음,0,1
2017,경기도 부천시13,경기도 부천시 중동(부명사거리 부근),2017-09-28,10시경,경상사고,여,54세,승용차,기타불명,여,51세,자전거,경상,차대차 - 측면충돌,교차로운행방법위반,맑음,0,1
2017,경기도 부천시13,경기도 부천시 중동(부명사거리 부근),2017-09-13,12시경,경상사고,남,55세,승합차,상해없음,남,61세,자전거,경상,차대차 - 측면충돌,안전운전불이행,맑음,0,1
2017,경기도 부천시13,경기도 부천시 중동(부명사거리 부근),2017-03-22,15시경,경상사고,남,57세,이륜차,상해없음,남,11세,자전거,경상,차대차 - 기타,신호위반,맑음,0,1
2017,경기도 부천시13,경기도 부천시 중동(부명사거리 부근),2017-06-14,21시경,경상사고,남,13세,자전거,상해없음,여,54세,보행자,경상,차대사람 - 횡단중,안전운전불이행,맑음,0,1
2017,경기도 부천시13,경기도 부천시 중동(부명사거리 부근),2017-04-09,16시경,경상사고,여,9세,자전거,상해없음,남,4세,기타,경상,차대차 - 측면충돌,안전운전불이행,맑음,0,1
2017,경기도 부천시14,경기도 부천시 중동(본죽 부천위브더스테이트점 부근),2017-06-17,20시경,경상사고,남,29세,승용차,상해없음,남,7세,자전거,경상,차대차 - 정면충돌,신호위반,맑음,0,1
2017,경기도 부천시14,경기도 부천시 중동(본죽 부천위브더스테이트점 부근),2017-10-01,21시경,경상사고,남,48세,승용차,상해없음,여,42세,자전거,경상,차대차 - 측면충돌,안전운전불이행,맑음,0,1
2017,경기도 부천시14,경기도 부천시 중동(본죽 부천위브더스테이트점 부근),2017-10-20,19시경,경상사고,여,57세,승용차,상해없음,남,69세,자전거,경상,차대차 - 추돌,안전운전불이행,맑음,0,1
2017,경기도 부천시14,경기도 부천시 중동(본죽 부천위브더스테이트점 부근),2017-12-14,22시경,경상사고,남,22세,자전거,경상,여,38세,승용차,상해없음,차대차 - 측면충돌,안전거리미확보,맑음,0,1
2017,경기도 부천시14,경기도 부천시 중동(본죽 부천위브더스테이트점 부근),2017-08-01,20시경,부상신고사고,남,55세,자전거,부상신고,남,52세,승용차,상해없음,차대차 - 정면충돌,안전운전불이행,맑음,0,1
2017,경기도 부천시19,경기도 부천시 중동(현대자동차 부천서부지점 부근),2017-11-24,19시경,경상사고,남,34세,승용차,상해없음,남,64세,자전거,경상,차대차 - 기타,안전운전불이행,맑음,0,1
2017,경기도 부천시19,경기도 부천시 중동(현대자동차 부천서부지점 부근),2017-08-26,23시경,경상사고,남,43세,승용차,상해없음,남,19세,자전거,경상,차대차 - 측면충돌,안전운전불이행,맑음,0,1
2017,경기도 부천시19,경기도 부천시 중동(현대자동차 부천서부지점 부근),2017-03-08,18시경,중상사고,남,19세,자전거,상해없음,여,24세,보행자,중상,차대사람 - 횡단중,안전운전불이행,맑음,0,1
2017,경기도 부천시19,경기도 부천시 중동(현대자동차 부천서부지점 부근),2017-10-25,20시경,부상신고사고,여,48세,자전거,상해없음,남,16세,이륜차,부상신고,차대차 - 측면충돌,안전거리미확보,맑음,0,1
2017,경기도 부천시2,경기도 부천시 상동(상동역사거리 부근),2017-07-14,22시경,중상사고,남,20세,승용차,상해없음,남,56세,자전거,중상,차대차 - 측면충돌,신호위반,맑음,0,1
2017,경기도 부천시2,경기도 부천시 상동(상동역사거리 부근),2017-01-05,08시경,경상사고,남,65세,승용차,상해없음,남,17세,자전거,경상,차대차 - 측면충돌,신호위반,맑음,0,1