사고년도,다발시군구,지점명,사고일시,사고시간대,사고등급,가해자성별,가해자연령,가해차종,가해자신체상해정도,피해자성별,피해자연령,피해차종,피해자신체상해정도,사고유형,가해자법규위반,기상상태,사망자수,부상자수
2017,경기도 부천시2,경기도 부천시 상동(상동역사거리 부근),2017-10-30,14시경,경상사고,여,38세,승용차,상해없음,남,67세,자전거,경상,차대차 - 측면충돌,안전운전불이행,맑음,0,1
2017,경기도 부천시2,경기도 부천시 상동(상동역사거리 부근),2017-10-01,05시경,경상사고,남,43세,승합차,상해없음,남,68세,자전거,경상,차대차 - 측면충돌,교차로운행방법위반,맑음,0,1
2017,경기도 부천시2,경기도 부천시 상동(상동역사거리 부근),2017-04-04,13시경,중상사고,남,53세,승합차,상해없음,여,51세,자전거,중상,차대차 - 정면충돌,안전운전불이행,맑음,0,1
2017,경기도 부천시2,경기도 부천시 상동(상동역사거리 부근),2017-09-03,18시경,경상사고,남,36세,원동기장치자전거,경상,남,17세,자전거,경상,차대차 - 측면충돌,신호위반,맑음,0,2
2017,경기도 부천시2,경기도 부천시 상동(상동역사거리 부근),2017-02-24,19시경,경상사고,기타불명,불명,자전거,기타불명,여,57세,보행자,경상,차대사람 - 기타,보행자보호의무위반,맑음,0,1
2017,경기도 부천시4,경기도 부천시 상동(중앙사거리 부근),2017-03-30,00시경,중상사고,남,46세,승용차,상해없음,남,28세,자전거,중상,차대차 - 기타,안전운전불이행,맑음,0,1
2017,경기도 부천시4,경기도 부천시 상동(중앙사거리 부근),2017-10-30,14시경,경상사고,여,38세,승용차,상해없음,남,67세,자전거,경상,차대차 - 측면충돌,안전운전불이행,맑음,0,1
2017,경기도 부천시4,경기도 부천시 상동(중앙사거리 부근),2017-05-07,09시경,중상사고,여,59세,승용차,상해없음,남,25세,자전거,중상,차대차 - 측면충돌,신호위반,맑음,0,1
2017,경기도 부천시4,경기도 부천시 상동(중앙사거리 부근),2017-01-10,13시경,경상사고,남,50세,원동기장치자전거,상해없음,남,14세,자전거,경상,차대차 - 측면충돌,안전운전불이행,맑음,0,1
2017,경기도 부천시4,경기도 부천시 상동(중앙사거리 부근),2017-01-08,16시경,중상사고,남,12세,자전거,상해없음,남,7세,보행자,중상,차대사람 - 기타,안전운전불이행,맑음,0,1
2017,경기도 부천시4,경기도 부천시 상동(중앙사거리 부근),2017-10-17,12시경,중상사고,남,84세,자전거,중상,여,52세,승합차,상해없음,차대차 - 추돌,안전운전불이행,맑음,0,1
2017,경기도 부천시12,경기도 부천시 상동(상동21세기교회 부근),2017-09-23,19시경,부상신고사고,기타불명,불명,불명,기타불명,남,20세,자전거,부상신고,차대차 - 후진중충돌,안전운전불이행,맑음,0,1
2017,경기도 부천시12,경기도 부천시 상동(상동21세기교회 부근),2017-05-30,18시경,경상사고,남,51세,승용차,상해없음,여,26세,자전거,경상,차대차 - 측면충돌,안전운전불이행,맑음,0,1
2017,경기도 부천시12,경기도 부천시 상동(상동21세기교회 부근),2017-08-10,09시경,경상사고,여,65세,승용차,상해없음,여,69세,자전거,경상,차대차 - 측면충돌,안전운전불이행,맑음,0,1
2017,경기도 부천시12,경기도 부천시 상동(상동21세기교회 부근),2017-11-06,17시경,중상사고,여,54세,자전거,중상,남,17세,자전거,상해없음,차대차 - 기타,안전운전불이행,맑음,0,1
2017,경기도 부천시12,경기도 부천시 상동(상동21세기교회 부근),2017-05-01,08시경,경상사고,여,62세,자전거,경상,남,59세,승용차,상해없음,차대차 - 측면충돌,안전운전불이행,맑음,0,1
2017,경기도 부천시15,경기도 부천시 상동(삼산체육관사거리 부근),2017-07-01,21시경,경상사고,남,28세,승용차,상해없음,남,68세,자전거,경상,차대차 - 기타,안전운전불이행,비,0,1
2017,경기도 부천시15,경기도 부천시 상동(삼산체육관사거리 부근),2017-04-24,18시경,경상사고,여,23세,승용차,상해없음,여,46세,자전거,경상,차대차 - 측면충돌,안전운전불이행,맑음,0,1
2017,경기도 부천시15,경기도 부천시 상동(삼산체육관사거리 부근),2017-09-04,14시경,중상사고,여,58세,승용차,상해없음,남,67세,자전거,중상,차대차 - 기타,신호위반,맑음,0,1
2017,경기도 부천시15,경기도 부천시 상동(삼산체육관사거리 부근),2017-02-13,17시경,중상사고,남,38세,화물차,상해없음,여,45세,자전거,중상,차대차 - 측면충돌,신호위반,맑음,0,1
2017,경기도 부천시8,경기도 부천시 괴안동(홈플러스 부천소사점 부근),2017-09-22,03시경,경상사고,기타불명,불명,불명,기타불명,여,52세,자전거,경상,차대차 - 측면충돌,중앙선침범,맑음,0,1
2017,경기도 부천시8,경기도 부천시 괴안동(홈플러스 부천소사점 부근),2017-09-21,09시경,경상사고,여,36세,승용차,상해없음,남,60세,자전거,경상,차대차 - 측면충돌,직진우회전진행방해,맑음,0,1
2017,경기도 부천시8,경기도 부천시 괴안동(홈플러스 부천소사점 부근),2017-05-16,19시경,경상사고,여,46세,승용차,기타불명,남,16세,자전거,경상,차대차 - 정면충돌,안전운전불이행,맑음,0,1
2017,경기도 부천시8,경기도 부천시 괴안동(홈플러스 부천소사점 부근),2017-08-08,06시경,부상신고사고,남,73세,자전거,부상신고,남,50세,화물차,상해없음,차대차 - 기타,안전운전불이행,맑음,0,1
2017,경기도 부천시8,경기도 부천시 괴안동(홈플러스 부천소사점 부근),2017-10-29,16시경,중상사고,남,9세,자전거,중상,남,40세,승용차,상해없음,차대차 - 측면충돌,교차로운행방법위반,맑음,0,1
2017,경기도 부천시8,경기도 부천시 괴안동(홈플러스 부천소사점 부근),2017-03-05,07시경,중상사고,남,75세,화물차,상해없음,남,76세,자전거,중상,차대차 - 정면충돌,안전운전불이행,맑음,0,1
2017,경기도 부천시11,경기도 부천시 내동(약대오거리 부근),2017-03-20,05시경,중상사고,남,61세,승용차,상해없음,남,74세,자전거,중상,차대차 - 기타,안전운전불이행,맑음,0,1
2017,경기도 부천시11,경기도 부천시 내동(약대오거리 부근),2017-02-08,19시경,경상사고,여,57세,승용차,상해없음,남,57세,자전거,경상,차대차 - 측면충돌,안전운전불이행,맑음,0,1
2017,경기도 부천시11,경기도 부천시 내동(약대오거리 부근),2017-08-29,16시경,경상사고,남,56세,자전거,경상,남,62세,승용차,상해없음,차대차 - 측면충돌,교차로운행방법위반,맑음,0,1
2017,경기도 부천시11,경기도 부천시 내동(약대오거리 부근),2017-09-20,06시경,경상사고,남,59세,자전거,경상,여,64세,승용차,상해없음,차대차 - 기타,안전운전불이행,맑음,0,1
2017,경기도 부천시11,경기도 부천시 내동(약대오거리 부근),2017-06-11,14시경,경상사고,여,54세,자전거,경상,남,34세,승용차,상해없음,차대차 - 측면충돌,직진우회전진행방해,맑음,0,1
2017,경기도 광명시1,경기도 광명시 철산동(경찰서삼거리 부근),2017-03-14,16시경,중상사고,남,57세,승합차,상해없음,여,72세,자전거,중상,차대차 - 측면충돌,안전운전불이행,맑음,0,1
2017,경기도 광명시1,경기도 광명시 철산동(경찰서삼거리 부근),2017-08-08,08시경,부상신고사고,남,22세,자전거,부상신고,남,52세,승용차,상해없음,차대차 - 측면충돌,중앙선침범,맑음,0,1
2017,경기도 광명시1,경기도 광명시 철산동(경찰서삼거리 부근),2017-01-06,20시경,중상사고,남,64세,자전거,상해없음,여,51세,보행자,중상,차대사람 - 횡단중,신호위반,맑음,0,1
2017,경기도 광명시1,경기도 광명시 철산동(경찰서삼거리 부근),2017-10-18,11시경,중상사고,남,68세,자전거,중상,남,55세,승합차,상해없음,차대차 - 측면충돌,안전운전불이행,맑음,0,1
2017,경기도 광명시1,경기도 광명시 철산동(경찰서삼거리 부근),2017-01-05,14시경,경상사고,남,55세,화물차,상해없음,남,14세,자전거,경상,차대차 - 측면충돌,안전거리미확보,맑음,0,1
2017,경기도 광명시2,경기도 광명시 소하동(시흥대교교차로 부근),2017-03-08,22시경,경상사고,남,32세,승용차,기타불명,남,15세,자전거,경상,차대차 - 측면충돌,신호위반,맑음,0,1
2017,경기도 광명시2,경기도 광명시 소하동(시흥대교교차로 부근),2017-10-17,17시경,중상사고,남,39세,승용차,상해없음,남,70세,자전거,중상,차대차 - 측면충돌,안전운전불이행,맑음,0,1
2017,경기도 광명시2,경기도 광명시 소하동(시흥대교교차로 부근),2017-07-26,05시경,중상사고,남,57세,승용차,상해없음,남,68세,자전거,중상,차대차 - 측면충돌,신호위반,맑음,0,1
2017,경기도 광명시2,경기도 광명시 소하동(시흥대교교차로 부근),2017-05-12,19시경,경상사고,남,51세,자전거,경상,남,58세,화물차,상해없음,차대차 - 측면충돌,불법유턴,맑음,0,1
2017,경기도 평택시1,경기도 평택시 비전동(한성아파트사거리 부근),2017-03-22,08시경,경상사고,남,32세,승용차,상해없음,여,45세,자전거,경상,차대차 - 정면충돌,안전운전불이행,맑음,0,1
2017,경기도 평택시1,경기도 평택시 비전동(한성아파트사거리 부근),2017-02-25,11시경,중상사고,남,46세,승용차,상해없음,남,71세,자전거,중상,차대차 - 정면충돌,신호위반,맑음,0,1
2017,경기도 평택시1,경기도 평택시 비전동(한성아파트사거리 부근),2017-07-29,19시경,경상사고,남,13세,자전거,상해없음,남,37세,이륜차,경상,차대차 - 측면충돌,신호위반,맑음,0,1
2017,경기도 평택시1,경기도 평택시 비전동(한성아파트사거리 부근),2017-10-09,09시경,중상사고,남,72세,자전거,중상,남,66세,승용차,상해없음,차대차 - 정면충돌,안전운전불이행,맑음,0,1
2017,경기도 평택시1,경기도 평택시 비전동(한성아파트사거리 부근),2017-10-21,04시경,중상사고,남,76세,자전거,상해없음,여,57세,보행자,중상,차대사람 - 기타,안전운전불이행,맑음,0,1
2017,경기도 평택시2,경기도 평택시 비전동(성동초등학교사거리 부근),2017-02-06,14시경,중상사고,기타불명,불명,불명,기타불명,남,58세,자전거,중상,차대차 - 측면충돌,안전운전불이행,맑음,0,1
2017,경기도 평택시2,경기도 평택시 비전동(성동초등학교사거리 부근),2017-12-05,17시경,부상신고사고,남,70세,승용차,상해없음,남,72세,자전거,부상신고,차대차 - 기타,안전운전불이행,맑음,0,1
2017,경기도 평택시2,경기도 평택시 비전동(성동초등학교사거리 부근),2017-01-08,10시경,부상신고사고,기타불명,불명,자전거,기타불명,여,60세,보행자,부상신고,차대사람 - 횡단중,안전운전불이행,맑음,0,1
2017,경기도 평택시2,경기도 평택시 비전동(성동초등학교사거리 부근),2017-05-13,20시경,중상사고,남,16세,자전거,상해없음,여,55세,보행자,중상,차대사람 - 횡단중,안전운전불이행,맑음,0,1
2017,경기도 평택시3,경기도 평택시 안중읍(롯데리아 평택안중DI점 부근),2017-07-05,21시경,경상사고,여,21세,승용차,상해없음,남,39세,자전거,경상,차대차 - 정면충돌,중앙선침범,맑음,0,1
2017,경기도 평택시3,경기도 평택시 안중읍(롯데리아 평택안중DI점 부근),2017-03-29,08시경,중상사고,여,32세,승용차,상해없음,여,22세,자전거,중상,차대차 - 기타,신호위반,맑음,0,1
2017,경기도 평택시3,경기도 평택시 안중읍(롯데리아 평택안중DI점 부근),2017-11-13,12시경,경상사고,남,53세,승합차,상해없음,남,75세,자전거,경상,차대차 - 기타,안전운전불이행,맑음,0,1
2017,경기도 평택시3,경기도 평택시 안중읍(롯데리아 평택안중DI점 부근),2017-08-29,08시경,경상사고,남,14세,자전거,경상,남,37세,승용차,상해없음,차대차 - 정면충돌,불법유턴,맑음,0,1
2017,경기도 동두천시1,경기도 동두천시 지행동(지행역 부근),2017-08-27,17시경,중상사고,남,27세,승용차,상해없음,남,14세,자전거,중상,차대차 - 측면충돌,안전운전불이행,맑음,0,1
2017,경기도 동두천시1,경기도 동두천시 지행동(지행역 부근),2017-09-07,17시경,중상사고,여,44세,승용차,상해없음,남,69세,자전거,중상,차대차 - 측면충돌,안전운전불이행,맑음,0,1
2017,경기도 동두천시1,경기도 동두천시 지행동(지행역 부근),2017-07-09,13시경,경상사고,남,15세,자전거,기타불명,남,20세,보행자,경상,차대사람 - 횡단중,안전운전불이행,맑음,0,1
2017,경기도 동두천시1,경기도 동두천시 지행동(지행역 부근),2017-08-23,20시경,부상신고사고,남,15세,자전거,부상신고,남,50세,승용차,상해없음,차대차 - 측면충돌,신호위반,맑음,0,1
2017,경기도 동두천시1,경기도 동두천시 지행동(지행역 부근),2017-08-26,14시경,경상사고,남,8세,자전거,상해없음,여,5세,보행자,경상,차대사람 - 보도통행중,안전운전불이행,맑음,0,1
2017,경기도 안산시 상록구2,경기도 안산시 상록구 이동(신반월새마을금고 이동지점 앞사거리 부근),2017-03-15,08시경,중상사고,남,23세,승용차,상해없음,남,14세,자전거,중상,차대차 - 측면충돌,신호위반,맑음,0,1
2017,경기도 안산시 상록구2,경기도 안산시 상록구 이동(신반월새마을금고 이동지점 앞사거리 부근),2017-04-20,13시경,경상사고,여,40세,승용차,상해없음,여,15세,자전거,경상,차대차 - 기타,안전운전불이행,맑음,0,1
2017,경기도 안산시 상록구2,경기도 안산시 상록구 이동(신반월새마을금고 이동지점 앞사거리 부근),2017-09-23,20시경,중상사고,여,54세,승용차,상해없음,남,24세,자전거,중상,차대차 - 측면충돌,안전운전불이행,맑음,0,1
2017,경기도 안산시 상록구2,경기도 안산시 상록구 이동(신반월새마을금고 이동지점 앞사거리 부근),2017-05-25,11시경,중상사고,남,48세,자전거,상해없음,여,66세,자전거,중상,차대차 - 추돌,안전운전불이행,맑음,0,1
2017,경기도 안산시 상록구2,경기도 안산시 상록구 이동(신반월새마을금고 이동지점 앞사거리 부근),2017-08-15,09시경,중상사고,남,56세,자전거,상해없음,남,57세,승용차,상해없음,차대차 - 기타,불법유턴,비,0,1
2017,경기도 안산시 상록구3,경기도 안산시 상록구 사동(한대앞역삼거리 부근),2017-03-23,23시경,중상사고,기타불명,불명,불명,기타불명,남,76세,자전거,중상,차대차 - 기타,안전운전불이행,맑음,0,1
2017,경기도 안산시 상록구3,경기도 안산시 상록구 사동(한대앞역삼거리 부근),2017-03-13,08시경,경상사고,여,46세,승용차,상해없음,남,76세,자전거,경상,차대차 - 측면충돌,신호위반,맑음,0,1
2017,경기도 안산시 상록구3,경기도 안산시 상록구 사동(한대앞역삼거리 부근),2017-09-07,08시경,중상사고,남,15세,자전거,상해없음,여,34세,보행자,중상,차대사람 - 횡단중,보행자보호의무위반,맑음,0,1
2017,경기도 안산시 상록구3,경기도 안산시 상록구 사동(한대앞역삼거리 부근),2017-07-08,17시경,경상사고,남,52세,자전거,경상,여,54세,승용차,상해없음,차대차 - 측면충돌,불법유턴,맑음,0,1
2017,경기도 안산시 상록구3,경기도 안산시 상록구 사동(한대앞역삼거리 부근),2017-09-25,09시경,중상사고,남,79세,자전거,상해없음,여,72세,보행자,중상,차대사람 - 횡단중,안전운전불이행,맑음,0,1
2017,경기도 안산시 상록구1,경기도 안산시 상록구 성포동(터미널사거리 부근),2017-05-19,12시경,경상사고,남,36세,승용차,상해없음,남,17세,자전거,경상,차대차 - 정면충돌,안전운전불이행,맑음,0,1
2017,경기도 안산시 상록구1,경기도 안산시 상록구 성포동(터미널사거리 부근),2017-07-17,18시경,경상사고,남,40세,승용차,상해없음,여,46세,자전거,경상,차대차 - 기타,신호위반,맑음,0,2
2017,경기도 안산시 상록구1,경기도 안산시 상록구 성포동(터미널사거리 부근),2017-05-15,09시경,중상사고,남,49세,승용차,상해없음,남,76세,자전거,중상,차대차 - 측면충돌,안전운전불이행,맑음,0,1
2017,경기도 안산시 상록구1,경기도 안산시 상록구 성포동(터미널사거리 부근),2017-02-13,18시경,경상사고,남,53세,승용차,상해없음,여,55세,자전거,경상,차대차 - 기타,안전운전불이행,비,0,1
2017,경기도 안산시 상록구1,경기도 안산시 상록구 성포동(터미널사거리 부근),2017-07-21,15시경,중상사고,남,25세,이륜차,상해없음,남,11세,자전거,중상,차대차 - 정면충돌,안전운전불이행,맑음,0,1
2017,경기도 안산시 상록구1,경기도 안산시 상록구 성포동(터미널사거리 부근),2017-10-13,01시경,중상사고,남,26세,자전거,중상,여,44세,승용차,상해없음,차대차 - 측면충돌,불법유턴,맑음,0,1
2017,경기도 안산시 상록구1,경기도 안산시 상록구 성포동(터미널사거리 부근),2017-06-08,07시경,중상사고,여,48세,자전거,상해없음,남,15세,자전거,중상,차대차 - 추돌,안전운전불이행,흐림,0,1
2017,경기도 안산시 단원구1,경기도 안산시 단원구 고잔동(안산교 부근),2017-07-26,21시경,중상사고,여,25세,승용차,상해없음,여,58세,자전거,중상,차대차 - 정면충돌,교차로운행방법위반,맑음,0,1
2017,경기도 안산시 단원구1,경기도 안산시 단원구 고잔동(안산교 부근),2017-06-20,18시경,경상사고,여,50세,승용차,상해없음,여,25세,자전거,경상,차대차 - 정면충돌,안전운전불이행,맑음,0,1
2017,경기도 안산시 단원구1,경기도 안산시 단원구 고잔동(안산교 부근),2017-05-30,23시경,경상사고,남,64세,승합차,상해없음,남,14세,자전거,경상,차대차 - 기타,교차로운행방법위반,맑음,0,1
2017,경기도 안산시 단원구1,경기도 안산시 단원구 고잔동(안산교 부근),2017-06-19,18시경,중상사고,남,18세,자전거,상해없음,여,63세,보행자,중상,차대사람 - 횡단중,안전거리미확보,맑음,0,1
2017,경기도 안산시 단원구1,경기도 안산시 단원구 고잔동(안산교 부근),2017-04-16,15시경,경상사고,남,9세,자전거,상해없음,남,83세,자전거,경상,차대차 - 정면충돌,안전운전불이행,맑음,0,1
2017,경기도 안산시 단원구2,경기도 안산시 단원구 고잔동(화정교 부근),2017-05-02,09시경,경상사고,기타불명,불명,불명,기타불명,남,76세,자전거,경상,차대차 - 측면충돌,신호위반,맑음,0,1
2017,경기도 안산시 단원구2,경기도 안산시 단원구 고잔동(화정교 부근),2017-06-21,18시경,중상사고,남,23세,자전거,상해없음,여,60세,자전거,중상,차대차 - 정면충돌,안전운전불이행,맑음,0,1
2017,경기도 안산시 단원구2,경기도 안산시 단원구 고잔동(화정교 부근),2017-10-19,07시경,경상사고,남,25세,자전거,경상,남,43세,승용차,상해없음,차대차 - 기타,안전운전불이행,맑음,0,1
2017,경기도 안산시 단원구2,경기도 안산시 단원구 고잔동(화정교 부근),2017-09-12,08시경,중상사고,남,25세,자전거,중상,여,48세,승용차,상해없음,차대차 - 기타,신호위반,맑음,0,1
2017,경기도 안산시 단원구2,경기도 안산시 단원구 고잔동(화정교 부근),2017-04-21,21시경,부상신고사고,남,50세,자전거,부상신고,남,49세,승용차,상해없음,차대차 - 기타,안전운전불이행,맑음,0,1
2017,경기도 안산시 단원구3,경기도 안산시 단원구 고잔동(문화광장사거리 부근),2017-03-01,02시경,경상사고,남,25세,승용차,상해없음,남,48세,자전거,경상,차대차 - 정면충돌,안전운전불이행,맑음,0,1
2017,경기도 안산시 단원구3,경기도 안산시 단원구 고잔동(문화광장사거리 부근),2017-05-03,20시경,경상사고,남,30세,승용차,상해없음,남,33세,자전거,경상,차대차 - 정면충돌,신호위반,맑음,0,1
2017,경기도 안산시 단원구3,경기도 안산시 단원구 고잔동(문화광장사거리 부근),2017-03-08,15시경,경상사고,남,63세,승용차,상해없음,여,51세,자전거,경상,차대차 - 정면충돌,신호위반,맑음,0,1
2017,경기도 안산시 단원구3,경기도 안산시 단원구 고잔동(문화광장사거리 부근),2017-10-11,19시경,경상사고,남,12세,자전거,상해없음,여,24세,보행자,경상,차대사람 - 기타,보행자보호의무위반,맑음,0,1
2017,경기도 안산시 단원구3,경기도 안산시 단원구 고잔동(문화광장사거리 부근),2017-03-12,15시경,부상신고사고,남,50세,자전거,부상신고,남,58세,승용차,상해없음,차대차 - 정면충돌,안전운전불이행,맑음,0,1
2017,경기도 안산시 단원구4,경기도 안산시 단원구 고잔동(덕성초교사거리 부근),2017-08-08,16시경,경상사고,남,50세,승용차,상해없음,남,87세,자전거,경상,차대차 - 정면충돌,기타,맑음,0,1
2017,경기도 안산시 단원구4,경기도 안산시 단원구 고잔동(덕성초교사거리 부근),2017-08-24,21시경,경상사고,남,59세,자전거,상해없음,남,16세,이륜차,경상,차대차 - 정면충돌,안전운전불이행,맑음,0,1
2017,경기도 안산시 단원구4,경기도 안산시 단원구 고잔동(덕성초교사거리 부근),2017-04-07,11시경,사망사고,남,79세,자전거,사망,여,36세,승용차,상해없음,차대차 - 정면충돌,신호위반,맑음,1,0
2017,경기도 안산시 단원구4,경기도 안산시 단원구 고잔동(덕성초교사거리 부근),2017-04-07,15시경,부상신고사고,남,88세,자전거,부상신고,남,59세,승용차,상해없음,차대차 - 정면충돌,안전운전불이행,맑음,0,1
2017,경기도 안산시 단원구5,경기도 안산시 단원구 고잔동(충효입구삼거리 부근),2017-06-14,23시경,중상사고,남,27세,승용차,상해없음,남,15세,자전거,중상,차대차 - 측면충돌,안전운전불이행,맑음,0,1
2017,경기도 안산시 단원구5,경기도 안산시 단원구 고잔동(충효입구삼거리 부근),2017-04-30,10시경,중상사고,남,41세,승용차,상해없음,남,12세,자전거,중상,차대차 - 정면충돌,신호위반,맑음,0,1
2017,경기도 안산시 단원구5,경기도 안산시 단원구 고잔동(충효입구삼거리 부근),2017-11-08,08시경,중상사고,여,52세,승용차,상해없음,여,16세,자전거,중상,차대차 - 기타,안전운전불이행,맑음,0,1
2017,경기도 안산시 단원구5,경기도 안산시 단원구 고잔동(충효입구삼거리 부근),2017-05-16,11시경,경상사고,남,79세,자전거,상해없음,남,53세,보행자,경상,차대사람 - 횡단중,기타,맑음,0,1
2017,경기도 안산시 단원구8,경기도 안산시 단원구 고잔동(문화광장공용주차장사거리 부근),2017-03-15,19시경,경상사고,기타불명,불명,불명,기타불명,남,10세,자전거,경상,차대차 - 측면충돌,신호위반,맑음,0,1
2017,경기도 안산시 단원구8,경기도 안산시 단원구 고잔동(문화광장공용주차장사거리 부근),2017-01-14,22시경,경상사고,남,25세,승용차,상해없음,남,34세,자전거,경상,차대차 - 측면충돌,신호위반,맑음,0,1
2017,경기도 안산시 단원구8,경기도 안산시 단원구 고잔동(문화광장공용주차장사거리 부근),2017-02-13,15시경,경상사고,여,29세,승용차,상해없음,남,13세,자전거,경상,차대차 - 기타,안전운전불이행,맑음,0,1
2017,경기도 안산시 단원구8,경기도 안산시 단원구 고잔동(문화광장공용주차장사거리 부근),2017-07-14,17시경,중상사고,여,17세,자전거,경상,여,53세,자전거,중상,차대차 - 정면충돌,안전운전불이행,맑음,0,2
2017,경기도 안산시 단원구7,경기도 안산시 단원구 원곡동(원곡지하차도 부근),2017-08-11,11시경,부상신고사고,남,49세,승용차,상해없음,남,26세,자전거,부상신고,차대차 - 정면충돌,안전운전불이행,맑음,0,1
2017,경기도 안산시 단원구7,경기도 안산시 단원구 원곡동(원곡지하차도 부근),2017-06-28,21시경,경상사고,남,59세,승용차,상해없음,남,40세,자전거,경상,차대차 - 정면충돌,신호위반,맑음,0,1
2017,경기도 안산시 단원구7,경기도 안산시 단원구 원곡동(원곡지하차도 부근),2017-04-19,08시경,중상사고,여,33세,승용차,상해없음,남,14세,자전거,중상,차대차 - 정면충돌,안전운전불이행,맑음,0,1
2017,경기도 안산시 단원구7,경기도 안산시 단원구 원곡동(원곡지하차도 부근),2017-04-21,09시경,중상사고,남,57세,승합차,상해없음,여,57세,자전거,중상,차대차 - 정면충돌,교차로운행방법위반,맑음,0,1
2017,경기도 안산시 단원구6,경기도 안산시 단원구 선부동(차량등록사업소서사거리 부근),2017-12-09,17시경,중상사고,여,41세,승용차,상해없음,남,64세,자전거,중상,차대차 - 기타,안전운전불이행,맑음,0,1
2017,경기도 안산시 단원구6,경기도 안산시 단원구 선부동(차량등록사업소서사거리 부근),2017-05-21,18시경,중상사고,여,41세,승용차,상해없음,여,69세,자전거,중상,차대차 - 기타,안전운전불이행,맑음,0,1
2017,경기도 안산시 단원구6,경기도 안산시 단원구 선부동(차량등록사업소서사거리 부근),2017-08-01,12시경,경상사고,여,44세,승용차,상해없음,남,38세,자전거,경상,차대차 - 정면충돌,교차로운행방법위반,맑음,0,1
2017,경기도 안산시 단원구6,경기도 안산시 단원구 선부동(차량등록사업소서사거리 부근),2017-03-02,22시경,경상사고,남,17세,자전거,경상,남,34세,이륜차,경상,차대차 - 정면충돌,중앙선침범,맑음,0,2
2017,경기도 고양시 덕양구1,경기도 고양시 덕양구 행신동(가라뫼사거리 부근),2017-11-18,06시경,중상사고,기타불명,불명,불명,기타불명,남,75세,자전거,중상,차대차 - 측면충돌,안전운전불이행,맑음,0,1
2017,경기도 고양시 덕양구1,경기도 고양시 덕양구 행신동(가라뫼사거리 부근),2017-06-17,06시경,중상사고,남,60세,승용차,상해없음,남,60세,자전거,중상,차대차 - 측면충돌,안전운전불이행,맑음,0,1
2017,경기도 고양시 덕양구1,경기도 고양시 덕양구 행신동(가라뫼사거리 부근),2017-07-03,13시경,중상사고,여,49세,승용차,상해없음,여,62세,자전거,중상,차대차 - 기타,안전운전불이행,맑음,0,1
2017,경기도 고양시 덕양구1,경기도 고양시 덕양구 행신동(가라뫼사거리 부근),2017-07-21,06시경,경상사고,남,39세,자전거,경상,남,40세,승용차,상해없음,차대차 - 추돌,안전운전불이행,맑음,0,1
2017,경기도 고양시 덕양구2,경기도 고양시 덕양구 행신동(능곡지하차도위교차로 부근),2017-04-20,13시경,중상사고,남,24세,승용차,상해없음,남,67세,자전거,중상,차대차 - 기타,안전운전불이행,맑음,0,1
2017,경기도 고양시 덕양구2,경기도 고양시 덕양구 행신동(능곡지하차도위교차로 부근),2017-10-10,18시경,경상사고,남,50세,승용차,상해없음,여,56세,자전거,경상,차대차 - 기타,안전운전불이행,맑음,0,1
2017,경기도 고양시 덕양구2,경기도 고양시 덕양구 행신동(능곡지하차도위교차로 부근),2017-04-07,12시경,경상사고,여,55세,승용차,상해없음,여,45세,자전거,경상,차대차 - 기타,안전운전불이행,맑음,0,1
2017,경기도 고양시 덕양구2,경기도 고양시 덕양구 행신동(능곡지하차도위교차로 부근),2017-07-26,16시경,경상사고,여,69세,자전거,경상,남,59세,승용차,상해없음,차대차 - 측면충돌,안전운전불이행,맑음,0,1
2017,경기도 고양시 일산동구1,경기도 고양시 일산동구 장항동(강선17단지삼거리 부근),2017-08-16,16시경,부상신고사고,여,52세,승용차,상해없음,남,12세,자전거,부상신고,차대차 - 측면충돌,교차로운행방법위반,맑음,0,1
2017,경기도 고양시 일산동구1,경기도 고양시 일산동구 장항동(강선17단지삼거리 부근),2017-05-21,15시경,경상사고,남,14세,자전거,부상신고,여,27세,자전거,경상,차대차 - 기타,안전운전불이행,맑음,0,2
2017,경기도 고양시 일산동구1,경기도 고양시 일산동구 장항동(강선17단지삼거리 부근),2017-07-29,07시경,중상사고,남,43세,자전거,상해없음,남,77세,자전거,중상,차대차 - 기타,안전운전불이행,맑음,0,1
2017,경기도 고양시 일산동구1,경기도 고양시 일산동구 장항동(강선17단지삼거리 부근),2017-09-24,10시경,경상사고,남,86세,자전거,경상,여,49세,승용차,상해없음,차대차 - 측면충돌,안전운전불이행,맑음,0,1
2017,경기도 고양시 일산동구1,경기도 고양시 일산동구 장항동(강선17단지삼거리 부근),2017-09-20,12시경,경상사고,여,58세,자전거,상해없음,여,74세,자전거,경상,차대차 - 측면충돌,안전운전불이행,맑음,0,1
2017,경기도 고양시 일산동구2,경기도 고양시 일산동구 장항동(일산동구청사거리 부근),2017-06-19,15시경,중상사고,남,44세,승용차,상해없음,남,12세,자전거,중상,차대차 - 측면충돌,신호위반,맑음,0,1
2017,경기도 고양시 일산동구2,경기도 고양시 일산동구 장항동(일산동구청사거리 부근),2017-09-22,09시경,중상사고,남,44세,승용차,상해없음,여,54세,자전거,중상,차대차 - 기타,안전운전불이행,맑음,0,1
2017,경기도 고양시 일산동구2,경기도 고양시 일산동구 장항동(일산동구청사거리 부근),2017-05-20,10시경,경상사고,남,63세,승용차,상해없음,남,17세,자전거,경상,차대차 - 측면충돌,안전운전불이행,맑음,0,1