사고년도,다발시군구,지점명,사고일시,사고시간대,사고등급,가해자성별,가해자연령,가해차종,가해자신체상해정도,피해자성별,피해자연령,피해차종,피해자신체상해정도,사고유형,가해자법규위반,기상상태,사망자수,부상자수
2017,경기도 고양시 일산동구2,경기도 고양시 일산동구 장항동(일산동구청사거리 부근),2017-03-05,05시경,중상사고,여,37세,승용차,상해없음,남,20세,자전거,중상,차대차 - 측면충돌,안전운전불이행,맑음,0,1
2017,경기도 고양시 일산동구3,경기도 고양시 일산동구 장항동(호수공원제2주차장삼거리 부근),2017-03-15,19시경,경상사고,여,23세,승용차,상해없음,여,38세,자전거,경상,차대차 - 기타,안전운전불이행,맑음,0,1
2017,경기도 고양시 일산동구3,경기도 고양시 일산동구 장항동(호수공원제2주차장삼거리 부근),2017-10-07,08시경,경상사고,남,65세,자전거,상해없음,여,52세,자전거,경상,차대차 - 측면충돌,안전운전불이행,맑음,0,1
2017,경기도 고양시 일산동구3,경기도 고양시 일산동구 장항동(호수공원제2주차장삼거리 부근),2017-11-05,05시경,부상신고사고,남,67세,자전거,부상신고,여,31세,승용차,상해없음,차대차 - 측면충돌,안전운전불이행,맑음,0,1
2017,경기도 고양시 일산동구3,경기도 고양시 일산동구 장항동(호수공원제2주차장삼거리 부근),2017-09-10,14시경,중상사고,남,90세,자전거,중상,남,56세,자전거,중상,차대차 - 정면충돌,안전운전불이행,맑음,0,2
2017,경기도 고양시 일산동구5,경기도 고양시 일산동구 장항동(일산문화공원 부근),2017-09-15,21시경,부상신고사고,기타불명,불명,불명,기타불명,남,13세,자전거,부상신고,차대차 - 측면충돌,기타,맑음,0,1
2017,경기도 고양시 일산동구5,경기도 고양시 일산동구 장항동(일산문화공원 부근),2017-07-08,19시경,중상사고,남,27세,승용차,상해없음,남,29세,자전거,중상,차대차 - 기타,교차로운행방법위반,흐림,0,1
2017,경기도 고양시 일산동구5,경기도 고양시 일산동구 장항동(일산문화공원 부근),2017-10-11,21시경,경상사고,남,63세,자전거,경상,남,41세,승용차,상해없음,차대차 - 측면충돌,신호위반,맑음,0,1
2017,경기도 고양시 일산동구5,경기도 고양시 일산동구 장항동(일산문화공원 부근),2017-11-21,11시경,중상사고,남,77세,자전거,중상,남,34세,승용차,상해없음,차대차 - 기타,안전운전불이행,맑음,0,1
2017,경기도 고양시 일산동구6,경기도 고양시 일산동구 장항동(법원공무원교육원 부근),2017-06-09,20시경,경상사고,남,31세,이륜차,상해없음,남,16세,자전거,경상,차대차 - 측면충돌,안전운전불이행,맑음,0,1
2017,경기도 고양시 일산동구6,경기도 고양시 일산동구 장항동(법원공무원교육원 부근),2017-07-03,12시경,중상사고,남,64세,자전거,경상,남,23세,자전거,중상,차대차 - 측면충돌,안전운전불이행,맑음,0,2
2017,경기도 고양시 일산동구6,경기도 고양시 일산동구 장항동(법원공무원교육원 부근),2017-06-04,15시경,부상신고사고,여,41세,자전거,상해없음,남,5세,보행자,부상신고,차대사람 - 횡단중,안전운전불이행,맑음,0,1
2017,경기도 고양시 일산동구6,경기도 고양시 일산동구 장항동(법원공무원교육원 부근),2017-10-20,12시경,경상사고,여,59세,자전거,상해없음,여,57세,보행자,경상,차대사람 - 기타,안전운전불이행,맑음,0,1
2017,경기도 고양시 일산동구4,경기도 고양시 일산동구 백석동(어린이교통광장사거리 부근),2017-10-31,08시경,경상사고,남,42세,승용차,상해없음,여,44세,자전거,경상,차대차 - 측면충돌,안전운전불이행,맑음,0,1
2017,경기도 고양시 일산동구4,경기도 고양시 일산동구 백석동(어린이교통광장사거리 부근),2017-10-12,13시경,중상사고,남,59세,승용차,상해없음,남,81세,자전거,중상,차대차 - 측면충돌,교차로운행방법위반,맑음,0,1
2017,경기도 고양시 일산동구4,경기도 고양시 일산동구 백석동(어린이교통광장사거리 부근),2017-03-08,20시경,경상사고,남,59세,승용차,상해없음,여,24세,자전거,경상,차대차 - 기타,안전운전불이행,맑음,0,1
2017,경기도 고양시 일산동구4,경기도 고양시 일산동구 백석동(어린이교통광장사거리 부근),2017-09-22,13시경,중상사고,남,63세,승용차,상해없음,여,58세,자전거,중상,차대차 - 측면충돌,신호위반,맑음,0,1
2017,경기도 고양시 일산서구1,경기도 고양시 일산서구 주엽동(주엽역사거리 부근),2017-06-27,20시경,경상사고,남,48세,승용차,상해없음,남,14세,자전거,경상,차대차 - 기타,신호위반,맑음,0,1
2017,경기도 고양시 일산서구1,경기도 고양시 일산서구 주엽동(주엽역사거리 부근),2017-06-14,20시경,경상사고,남,55세,승용차,상해없음,남,13세,자전거,경상,차대차 - 기타,신호위반,맑음,0,1
2017,경기도 고양시 일산서구1,경기도 고양시 일산서구 주엽동(주엽역사거리 부근),2017-12-27,18시경,경상사고,여,48세,승용차,상해없음,남,63세,자전거,경상,차대차 - 측면충돌,신호위반,맑음,0,1
2017,경기도 고양시 일산서구1,경기도 고양시 일산서구 주엽동(주엽역사거리 부근),2017-09-11,13시경,부상신고사고,남,26세,자전거,부상신고,없음,불명,없음,없음,차량단독 - 기타,안전운전불이행,맑음,0,1
2017,경기도 고양시 일산서구1,경기도 고양시 일산서구 주엽동(주엽역사거리 부근),2017-02-09,12시경,경상사고,남,82세,자전거,경상,남,49세,승용차,상해없음,차대차 - 측면충돌,불법유턴,맑음,0,1
2017,경기도 고양시 일산서구2,경기도 고양시 일산서구 주엽동(문촌6단지사거리 부근),2017-03-07,08시경,경상사고,남,57세,승용차,상해없음,여,15세,자전거,경상,차대차 - 기타,신호위반,맑음,0,1
2017,경기도 고양시 일산서구2,경기도 고양시 일산서구 주엽동(문촌6단지사거리 부근),2017-05-15,17시경,경상사고,여,36세,승용차,상해없음,여,29세,자전거,경상,차대차 - 기타,안전운전불이행,맑음,0,1
2017,경기도 고양시 일산서구2,경기도 고양시 일산서구 주엽동(문촌6단지사거리 부근),2017-11-30,08시경,중상사고,여,42세,승용차,상해없음,여,57세,자전거,중상,차대차 - 측면충돌,교차로운행방법위반,맑음,0,1
2017,경기도 고양시 일산서구2,경기도 고양시 일산서구 주엽동(문촌6단지사거리 부근),2017-03-09,11시경,경상사고,여,47세,승용차,상해없음,남,81세,자전거,경상,차대차 - 측면충돌,안전운전불이행,맑음,0,1
2017,경기도 구리시1,경기도 구리시 수택동(돌다리사거리 부근),2017-08-23,21시경,경상사고,남,34세,승용차,상해없음,여,52세,자전거,경상,차대차 - 정면충돌,안전운전불이행,비,0,1
2017,경기도 구리시1,경기도 구리시 수택동(돌다리사거리 부근),2017-08-19,16시경,중상사고,남,46세,승용차,상해없음,남,46세,자전거,중상,차대차 - 기타,안전운전불이행,맑음,0,1
2017,경기도 구리시1,경기도 구리시 수택동(돌다리사거리 부근),2017-02-02,06시경,중상사고,남,61세,승용차,상해없음,남,74세,자전거,중상,차대차 - 측면충돌,안전운전불이행,맑음,0,1
2017,경기도 구리시1,경기도 구리시 수택동(돌다리사거리 부근),2017-04-29,22시경,경상사고,여,43세,승용차,상해없음,남,14세,자전거,경상,차대차 - 정면충돌,불법유턴,맑음,0,1
2017,경기도 구리시1,경기도 구리시 수택동(돌다리사거리 부근),2017-10-20,13시경,경상사고,남,64세,자전거,경상,남,28세,이륜차,경상,차대차 - 정면충돌,중앙선침범,맑음,0,2
2017,경기도 남양주시1,경기도 남양주시 와부읍(팔당육교 부근),2017-09-10,11시경,중상사고,남,45세,자전거,상해없음,남,50세,자전거,중상,차대차 - 측면충돌,안전운전불이행,맑음,0,1
2017,경기도 남양주시1,경기도 남양주시 와부읍(팔당육교 부근),2017-04-09,17시경,경상사고,남,49세,자전거,경상,남,32세,자전거,경상,차대차 - 측면충돌,안전운전불이행,맑음,0,3
2017,경기도 남양주시1,경기도 남양주시 와부읍(팔당육교 부근),2017-10-28,11시경,부상신고사고,남,53세,자전거,부상신고,남,54세,자전거,상해없음,차대차 - 추돌,안전운전불이행,맑음,0,1
2017,경기도 남양주시1,경기도 남양주시 와부읍(팔당육교 부근),2017-09-10,12시경,경상사고,여,46세,자전거,경상,남,33세,자전거,경상,차대차 - 기타,중앙선침범,맑음,0,2
2017,경기도 오산시1,경기도 오산시 오산동(오산우체국 부근),2017-11-02,09시경,경상사고,남,40세,승용차,상해없음,남,55세,자전거,경상,차대차 - 기타,안전운전불이행,맑음,0,1
2017,경기도 오산시1,경기도 오산시 오산동(오산우체국 부근),2017-09-04,11시경,경상사고,남,76세,승용차,상해없음,여,57세,자전거,경상,차대차 - 측면충돌,안전운전불이행,맑음,0,1
2017,경기도 오산시1,경기도 오산시 오산동(오산우체국 부근),2017-10-19,08시경,중상사고,남,49세,자전거,중상,남,73세,승용차,상해없음,차대차 - 측면충돌,안전운전불이행,맑음,0,1
2017,경기도 오산시1,경기도 오산시 오산동(오산우체국 부근),2017-03-17,15시경,중상사고,남,66세,자전거,중상,남,43세,승용차,상해없음,차대차 - 측면충돌,안전운전불이행,맑음,0,1
2017,경기도 오산시1,경기도 오산시 오산동(오산우체국 부근),2017-03-14,19시경,경상사고,남,68세,자전거,상해없음,여,31세,보행자,경상,차대사람 - 기타,안전운전불이행,맑음,0,1
2017,경기도 오산시1,경기도 오산시 오산동(오산우체국 부근),2017-07-30,10시경,경상사고,여,21세,자전거,경상,남,51세,승용차,상해없음,차대차 - 측면충돌,중앙선침범,맑음,0,1
2017,경기도 오산시2,경기도 오산시 오산동(오산시민회관 부근),2017-09-27,09시경,중상사고,남,33세,승용차,상해없음,여,62세,자전거,중상,차대차 - 측면충돌,안전운전불이행,비,0,1
2017,경기도 오산시2,경기도 오산시 오산동(오산시민회관 부근),2017-07-21,20시경,경상사고,남,37세,승용차,상해없음,여,29세,자전거,상해없음,차대차 - 후진중충돌,안전운전불이행,맑음,0,1
2017,경기도 오산시2,경기도 오산시 오산동(오산시민회관 부근),2017-09-26,17시경,경상사고,남,65세,자전거,경상,남,19세,이륜차,부상신고,차대차 - 측면충돌,안전운전불이행,맑음,0,2
2017,경기도 오산시2,경기도 오산시 오산동(오산시민회관 부근),2017-02-22,10시경,경상사고,남,80세,자전거,경상,남,28세,화물차,상해없음,차대차 - 기타,안전운전불이행,눈,0,1
2017,경기도 오산시2,경기도 오산시 오산동(오산시민회관 부근),2017-09-30,13시경,부상신고사고,남,53세,화물차,상해없음,여,68세,자전거,부상신고,차대차 - 기타,안전운전불이행,맑음,0,1
2017,경기도 시흥시1,경기도 시흥시 정왕동(정왕역앞 부근),2017-07-06,16시경,경상사고,남,41세,승용차,기타불명,여,33세,자전거,경상,차대차 - 기타,안전운전불이행,맑음,0,1
2017,경기도 시흥시1,경기도 시흥시 정왕동(정왕역앞 부근),2017-11-27,08시경,경상사고,남,49세,승용차,상해없음,남,14세,자전거,경상,차대차 - 기타,안전운전불이행,맑음,0,1
2017,경기도 시흥시1,경기도 시흥시 정왕동(정왕역앞 부근),2017-01-09,20시경,경상사고,남,55세,승용차,상해없음,남,55세,자전거,경상,차대차 - 측면충돌,안전운전불이행,맑음,0,1
2017,경기도 시흥시1,경기도 시흥시 정왕동(정왕역앞 부근),2017-10-25,19시경,경상사고,여,47세,승용차,상해없음,남,74세,자전거,경상,차대차 - 측면충돌,안전운전불이행,맑음,0,1
2017,경기도 시흥시1,경기도 시흥시 정왕동(정왕역앞 부근),2017-03-17,07시경,부상신고사고,여,22세,자전거,부상신고,남,38세,승용차,상해없음,차대차 - 측면충돌,안전운전불이행,맑음,0,1
2017,경기도 시흥시1,경기도 시흥시 정왕동(정왕역앞 부근),2017-09-27,07시경,중상사고,여,60세,자전거,중상,남,36세,승용차,상해없음,차대차 - 측면충돌,불법유턴,맑음,0,1
2017,경기도 시흥시1,경기도 시흥시 정왕동(정왕역앞 부근),2017-11-25,16시경,중상사고,남,27세,화물차,상해없음,남,68세,자전거,중상,차대차 - 기타,직진우회전진행방해,비,0,1
2017,경기도 시흥시2,경기도 시흥시 정왕동(수자원공사앞 부근),2017-09-18,20시경,부상신고사고,기타불명,불명,불명,기타불명,남,38세,자전거,부상신고,차대차 - 기타,안전운전불이행,맑음,0,1
2017,경기도 시흥시2,경기도 시흥시 정왕동(수자원공사앞 부근),2017-03-02,07시경,경상사고,남,60세,승용차,상해없음,여,29세,자전거,경상,차대차 - 기타,신호위반,맑음,0,1
2017,경기도 시흥시2,경기도 시흥시 정왕동(수자원공사앞 부근),2017-10-24,19시경,중상사고,남,54세,승합차,상해없음,남,24세,자전거,중상,차대차 - 측면충돌,안전운전불이행,맑음,0,1
2017,경기도 시흥시2,경기도 시흥시 정왕동(수자원공사앞 부근),2017-05-28,17시경,중상사고,남,38세,이륜차,상해없음,남,59세,자전거,중상,차대차 - 정면충돌,안전운전불이행,맑음,0,1
2017,경기도 시흥시2,경기도 시흥시 정왕동(수자원공사앞 부근),2017-12-23,21시경,경상사고,남,44세,자전거,상해없음,남,41세,이륜차,경상,차대차 - 측면충돌,불법유턴,맑음,0,1
2017,경기도 시흥시2,경기도 시흥시 정왕동(수자원공사앞 부근),2017-09-04,05시경,중상사고,남,76세,자전거,중상,여,41세,승합차,상해없음,차대차 - 기타,안전운전불이행,맑음,0,1
2017,경기도 시흥시3,경기도 시흥시 정왕동(정왕1교사거리 부근),2017-03-17,20시경,경상사고,기타불명,불명,불명,기타불명,여,12세,자전거,경상,차대차 - 측면충돌,신호위반,맑음,0,1
2017,경기도 시흥시3,경기도 시흥시 정왕동(정왕1교사거리 부근),2017-05-08,20시경,경상사고,남,46세,승용차,상해없음,여,31세,자전거,경상,차대차 - 정면충돌,안전운전불이행,맑음,0,1
2017,경기도 시흥시3,경기도 시흥시 정왕동(정왕1교사거리 부근),2017-01-04,12시경,사망사고,남,59세,승용차,상해없음,남,70세,자전거,사망,차대차 - 측면충돌,안전운전불이행,맑음,1,0
2017,경기도 시흥시3,경기도 시흥시 정왕동(정왕1교사거리 부근),2017-08-18,08시경,중상사고,여,33세,자전거,상해없음,여,69세,보행자,중상,차대사람 - 기타,안전운전불이행,맑음,0,1
2017,경기도 시흥시3,경기도 시흥시 정왕동(정왕1교사거리 부근),2017-07-31,06시경,중상사고,여,64세,자전거,중상,남,64세,승용차,상해없음,차대차 - 정면충돌,불법유턴,비,0,1
2017,경기도 시흥시4,경기도 시흥시 정왕동(오토큐 정왕점 부근),2017-03-19,09시경,중상사고,남,52세,승용차,상해없음,남,10세,자전거,중상,차대차 - 측면충돌,신호위반,맑음,0,1
2017,경기도 시흥시4,경기도 시흥시 정왕동(오토큐 정왕점 부근),2017-06-02,23시경,중상사고,남,65세,승용차,상해없음,여,28세,자전거,중상,차대차 - 측면충돌,신호위반,맑음,0,1
2017,경기도 시흥시4,경기도 시흥시 정왕동(오토큐 정왕점 부근),2017-04-15,09시경,중상사고,여,39세,승용차,상해없음,남,62세,자전거,중상,차대차 - 정면충돌,안전운전불이행,맑음,0,1
2017,경기도 시흥시4,경기도 시흥시 정왕동(오토큐 정왕점 부근),2017-07-24,17시경,중상사고,남,56세,화물차,상해없음,여,46세,자전거,중상,차대차 - 정면충돌,신호위반,맑음,0,1
2017,경기도 시흥시4,경기도 시흥시 정왕동(오토큐 정왕점 부근),2017-12-08,10시경,중상사고,남,66세,화물차,상해없음,남,34세,자전거,중상,차대차 - 기타,기타,맑음,0,1
2017,경기도 시흥시5,경기도 시흥시 정왕동(시흥소방서 부근),2017-10-10,20시경,경상사고,남,40세,승용차,상해없음,남,24세,자전거,경상,차대차 - 측면충돌,안전운전불이행,맑음,0,1
2017,경기도 시흥시5,경기도 시흥시 정왕동(시흥소방서 부근),2017-08-17,15시경,중상사고,남,46세,승용차,상해없음,여,66세,자전거,중상,차대차 - 기타,안전운전불이행,맑음,0,1
2017,경기도 시흥시5,경기도 시흥시 정왕동(시흥소방서 부근),2017-05-15,08시경,중상사고,여,45세,승용차,상해없음,남,36세,자전거,중상,차대차 - 정면충돌,안전운전불이행,맑음,0,1
2017,경기도 시흥시5,경기도 시흥시 정왕동(시흥소방서 부근),2017-09-30,20시경,경상사고,남,55세,화물차,상해없음,남,17세,자전거,경상,차대차 - 측면충돌,신호위반,맑음,0,1
2017,경기도 군포시1,경기도 군포시 산본동(한얼공원삼거리 부근),2017-09-24,05시경,경상사고,남,79세,승용차,상해없음,여,34세,자전거,경상,차대차 - 측면충돌,안전운전불이행,맑음,0,1
2017,경기도 군포시1,경기도 군포시 산본동(한얼공원삼거리 부근),2017-04-19,16시경,중상사고,남,23세,원동기장치자전거,상해없음,남,70세,자전거,중상,차대차 - 측면충돌,신호위반,맑음,0,1
2017,경기도 군포시1,경기도 군포시 산본동(한얼공원삼거리 부근),2017-09-21,19시경,중상사고,남,19세,이륜차,중상,남,17세,자전거,경상,차대차 - 측면충돌,신호위반,맑음,0,2
2017,경기도 군포시1,경기도 군포시 산본동(한얼공원삼거리 부근),2017-10-09,17시경,중상사고,남,17세,자전거,기타불명,여,56세,보행자,중상,차대사람 - 기타,중앙선침범,맑음,0,1
2017,경기도 하남시1,경기도 하남시 덕풍동(덕풍골입구삼거리 부근),2017-01-31,18시경,경상사고,여,23세,승용차,상해없음,남,60세,자전거,경상,차대차 - 추돌,안전운전불이행,맑음,0,1
2017,경기도 하남시1,경기도 하남시 덕풍동(덕풍골입구삼거리 부근),2017-07-24,07시경,중상사고,여,40세,승용차,상해없음,남,85세,자전거,중상,차대차 - 측면충돌,안전운전불이행,맑음,0,1
2017,경기도 하남시1,경기도 하남시 덕풍동(덕풍골입구삼거리 부근),2017-09-09,19시경,중상사고,남,18세,자전거,중상,남,19세,이륜차,상해없음,차대차 - 정면충돌,안전운전불이행,맑음,0,1
2017,경기도 하남시1,경기도 하남시 덕풍동(덕풍골입구삼거리 부근),2017-05-11,06시경,경상사고,남,38세,자전거,경상,남,55세,승용차,상해없음,차대차 - 정면충돌,안전운전불이행,맑음,0,1
2017,경기도 하남시1,경기도 하남시 덕풍동(덕풍골입구삼거리 부근),2017-11-06,09시경,중상사고,여,40세,자전거,중상,남,59세,승용차,상해없음,차대차 - 기타,불법유턴,맑음,0,2
2017,경기도 하남시2,경기도 하남시 덕풍동(IBK기업은행 하남지점 부근),2017-05-12,16시경,경상사고,기타불명,불명,불명,기타불명,남,13세,자전거,경상,차대차 - 정면충돌,안전운전불이행,맑음,0,1
2017,경기도 하남시2,경기도 하남시 덕풍동(IBK기업은행 하남지점 부근),2017-01-05,23시경,경상사고,남,50세,승용차,상해없음,남,55세,자전거,경상,차대차 - 기타,교차로운행방법위반,맑음,0,1
2017,경기도 하남시2,경기도 하남시 덕풍동(IBK기업은행 하남지점 부근),2017-04-12,18시경,중상사고,남,13세,자전거,상해없음,남,86세,자전거,중상,차대차 - 정면충돌,안전운전불이행,맑음,0,1
2017,경기도 하남시2,경기도 하남시 덕풍동(IBK기업은행 하남지점 부근),2017-05-17,13시경,중상사고,남,73세,자전거,중상,여,50세,승용차,부상신고,차대차 - 정면충돌,교차로운행방법위반,맑음,0,2
2017,경기도 하남시2,경기도 하남시 덕풍동(IBK기업은행 하남지점 부근),2017-06-24,06시경,중상사고,여,56세,자전거,기타불명,여,62세,보행자,중상,차대사람 - 횡단중,기타,맑음,0,1
2017,경기도 용인시 기흥구1,경기도 용인시 기흥구 마북동(마북삼거리 부근),2017-03-09,15시경,경상사고,남,71세,승용차,상해없음,남,35세,자전거,경상,차대차 - 기타,신호위반,맑음,0,1
2017,경기도 용인시 기흥구1,경기도 용인시 기흥구 마북동(마북삼거리 부근),2017-11-14,09시경,경상사고,여,55세,승용차,상해없음,여,24세,자전거,경상,차대차 - 측면충돌,신호위반,맑음,0,1
2017,경기도 용인시 기흥구1,경기도 용인시 기흥구 마북동(마북삼거리 부근),2017-08-06,16시경,중상사고,남,54세,승합차,상해없음,남,34세,자전거,중상,차대차 - 측면충돌,안전운전불이행,맑음,0,1
2017,경기도 용인시 기흥구1,경기도 용인시 기흥구 마북동(마북삼거리 부근),2017-03-03,09시경,중상사고,남,75세,승합차,상해없음,남,41세,자전거,중상,차대차 - 기타,안전운전불이행,맑음,0,1
2017,경기도 용인시 기흥구1,경기도 용인시 기흥구 마북동(마북삼거리 부근),2017-08-09,12시경,부상신고사고,남,18세,자전거,부상신고,남,62세,승용차,상해없음,차대차 - 측면충돌,신호위반,맑음,0,1
2017,경기도 용인시 기흥구1,경기도 용인시 기흥구 마북동(마북삼거리 부근),2017-02-27,09시경,경상사고,남,61세,자전거,경상,남,57세,승합차,상해없음,차대차 - 추돌,안전운전불이행,맑음,0,1
2017,경기도 파주시1,경기도 파주시 야당동(한빛지하차도 부근),2017-07-30,05시경,사망사고,남,50세,건설기계,상해없음,남,66세,자전거,사망,차대차 - 측면충돌,안전운전불이행,흐림,1,0
2017,경기도 파주시1,경기도 파주시 야당동(한빛지하차도 부근),2017-09-29,13시경,중상사고,남,55세,승용차,상해없음,남,74세,자전거,중상,차대차 - 측면충돌,안전운전불이행,맑음,0,1
2017,경기도 파주시1,경기도 파주시 야당동(한빛지하차도 부근),2017-01-20,14시경,경상사고,여,50세,승용차,상해없음,남,26세,자전거,경상,차대차 - 측면충돌,교차로운행방법위반,맑음,0,1
2017,경기도 파주시1,경기도 파주시 야당동(한빛지하차도 부근),2017-05-19,10시경,중상사고,여,67세,승용차,상해없음,남,48세,자전거,중상,차대차 - 정면충돌,안전운전불이행,맑음,0,1
2017,강원도 춘천시2,강원도 춘천시 효자동(가람약국 부근),2017-05-26,16시경,경상사고,남,25세,승용차,상해없음,남,10세,자전거,경상,차대차 - 측면충돌,안전운전불이행,맑음,0,1
2017,강원도 춘천시2,강원도 춘천시 효자동(가람약국 부근),2017-08-05,11시경,사망사고,남,13세,자전거,사망,없음,불명,없음,없음,차량단독 - 기타,안전운전불이행,맑음,1,0
2017,강원도 춘천시2,강원도 춘천시 효자동(가람약국 부근),2017-05-23,13시경,중상사고,남,45세,자전거,중상,남,53세,승용차,상해없음,차대차 - 측면충돌,안전운전불이행,맑음,0,1
2017,강원도 춘천시1,강원도 춘천시 우두동(사우사거리 부근),2017-04-04,16시경,경상사고,기타불명,불명,불명,기타불명,남,11세,자전거,경상,차대차 - 측면충돌,안전운전불이행,맑음,0,1
2017,강원도 춘천시1,강원도 춘천시 우두동(사우사거리 부근),2017-08-14,14시경,경상사고,남,53세,승용차,상해없음,남,10세,자전거,경상,차대차 - 측면충돌,안전운전불이행,흐림,0,1
2017,강원도 춘천시1,강원도 춘천시 우두동(사우사거리 부근),2017-09-06,16시경,경상사고,남,58세,승용차,상해없음,남,12세,자전거,경상,차대차 - 측면충돌,안전운전불이행,비,0,1
2017,강원도 춘천시1,강원도 춘천시 우두동(사우사거리 부근),2017-10-19,08시경,경상사고,남,73세,승용차,상해없음,남,12세,자전거,경상,차대차 - 측면충돌,안전운전불이행,맑음,0,1
2017,강원도 원주시1,강원도 원주시 원동(천주교원주교구청 부근),2017-08-02,09시경,중상사고,남,28세,승용차,상해없음,여,57세,자전거,중상,차대차 - 측면충돌,안전운전불이행,맑음,0,1
2017,강원도 원주시1,강원도 원주시 원동(천주교원주교구청 부근),2017-08-18,15시경,부상신고사고,남,60세,승용차,상해없음,남,72세,자전거,부상신고,차대차 - 측면충돌,안전운전불이행,맑음,0,1
2017,강원도 원주시1,강원도 원주시 원동(천주교원주교구청 부근),2017-12-22,15시경,중상사고,남,68세,승용차,상해없음,남,79세,자전거,중상,차대차 - 측면충돌,안전운전불이행,맑음,0,1
2017,강원도 원주시1,강원도 원주시 원동(천주교원주교구청 부근),2017-09-24,16시경,경상사고,여,49세,승용차,상해없음,남,14세,자전거,경상,차대차 - 측면충돌,안전운전불이행,맑음,0,1
2017,강원도 원주시1,강원도 원주시 원동(천주교원주교구청 부근),2017-01-02,12시경,중상사고,여,52세,승용차,상해없음,남,77세,자전거,중상,차대차 - 측면충돌,안전운전불이행,맑음,0,1
2017,강원도 원주시3,강원도 원주시 개운동(향교사거리 부근),2017-09-29,18시경,경상사고,남,23세,승용차,상해없음,여,24세,자전거,경상,차대차 - 측면충돌,안전운전불이행,맑음,0,1
2017,강원도 원주시3,강원도 원주시 개운동(향교사거리 부근),2017-12-30,04시경,사망사고,남,35세,승용차,상해없음,남,47세,자전거,사망,차대차 - 측면충돌,안전운전불이행,맑음,1,0
2017,강원도 원주시3,강원도 원주시 개운동(향교사거리 부근),2017-09-07,15시경,중상사고,여,50세,승용차,상해없음,여,63세,자전거,중상,차대차 - 측면충돌,안전운전불이행,맑음,0,1
2017,강원도 원주시2,강원도 원주시 학성동(우산철교사거리 부근),2017-06-29,17시경,경상사고,남,72세,승용차,상해없음,남,19세,자전거,경상,차대차 - 측면충돌,교차로운행방법위반,맑음,0,1
2017,강원도 원주시2,강원도 원주시 학성동(우산철교사거리 부근),2017-03-27,13시경,중상사고,남,80세,승용차,상해없음,남,72세,자전거,중상,차대차 - 측면충돌,안전운전불이행,맑음,0,1
2017,강원도 원주시2,강원도 원주시 학성동(우산철교사거리 부근),2017-10-20,11시경,경상사고,남,54세,화물차,상해없음,남,26세,자전거,경상,차대차 - 측면충돌,안전운전불이행,맑음,0,1
2017,강원도 원주시2,강원도 원주시 학성동(우산철교사거리 부근),2017-05-13,14시경,부상신고사고,남,59세,화물차,상해없음,남,20세,자전거,부상신고,차대차 - 측면충돌,안전운전불이행,흐림,0,1
2017,충청북도 청주시 상당구1,충청북도 청주시 상당구 남문로2가동(GS25남문로점 부근),2017-02-23,17시경,사망사고,남,48세,건설기계,상해없음,남,78세,자전거,사망,차대차 - 측면충돌,안전운전불이행,맑음,1,0
2017,충청북도 청주시 상당구1,충청북도 청주시 상당구 남문로2가동(GS25남문로점 부근),2017-11-10,12시경,경상사고,남,23세,승용차,상해없음,여,69세,자전거,경상,차대차 - 기타,교차로운행방법위반,맑음,0,1
2017,충청북도 청주시 상당구1,충청북도 청주시 상당구 남문로2가동(GS25남문로점 부근),2017-05-01,18시경,중상사고,남,29세,승용차,상해없음,여,75세,자전거,중상,차대차 - 기타,안전운전불이행,맑음,0,1
2017,충청북도 청주시 상당구1,충청북도 청주시 상당구 남문로2가동(GS25남문로점 부근),2017-10-09,11시경,중상사고,남,55세,승용차,상해없음,남,77세,자전거,중상,차대차 - 측면충돌,안전운전불이행,맑음,0,1
2017,충청북도 청주시 상당구1,충청북도 청주시 상당구 남문로2가동(GS25남문로점 부근),2017-08-06,10시경,경상사고,남,59세,승용차,상해없음,남,75세,자전거,경상,차대차 - 측면충돌,교차로운행방법위반,맑음,0,1
2017,충청북도 청주시 상당구1,충청북도 청주시 상당구 남문로2가동(GS25남문로점 부근),2017-04-13,08시경,경상사고,여,29세,승용차,상해없음,여,61세,자전거,경상,차대차 - 측면충돌,안전운전불이행,맑음,0,1
2017,충청북도 청주시 상당구1,충청북도 청주시 상당구 남문로2가동(GS25남문로점 부근),2017-11-03,14시경,중상사고,여,74세,승용차,기타불명,남,72세,자전거,중상,차대차 - 기타,교차로운행방법위반,맑음,0,1
2017,충청북도 청주시 서원구3,충청북도 청주시 서원구 사직동(사직사거리 부근),2017-11-04,14시경,경상사고,남,31세,승용차,상해없음,남,75세,자전거,경상,차대차 - 정면충돌,교차로운행방법위반,맑음,0,1
2017,충청북도 청주시 서원구3,충청북도 청주시 서원구 사직동(사직사거리 부근),2017-08-06,11시경,중상사고,남,32세,승용차,상해없음,남,66세,자전거,중상,차대차 - 정면충돌,안전운전불이행,맑음,0,1
2017,충청북도 청주시 서원구3,충청북도 청주시 서원구 사직동(사직사거리 부근),2017-06-13,09시경,경상사고,남,49세,승용차,상해없음,남,75세,자전거,경상,차대차 - 측면충돌,안전운전불이행,맑음,0,1
2017,충청북도 청주시 서원구3,충청북도 청주시 서원구 사직동(사직사거리 부근),2017-10-19,23시경,중상사고,남,31세,이륜차,상해없음,남,69세,자전거,중상,차대차 - 기타,교차로운행방법위반,맑음,0,1
2017,충청북도 청주시 서원구3,충청북도 청주시 서원구 사직동(사직사거리 부근),2017-03-31,12시경,경상사고,남,50세,자전거,경상,여,31세,승용차,상해없음,차대차 - 정면충돌,중앙선침범,맑음,0,1