사고년도,다발시군구,지점명,사고일시,사고시간대,사고등급,가해자성별,가해자연령,가해차종,가해자신체상해정도,피해자성별,피해자연령,피해차종,피해자신체상해정도,사고유형,가해자법규위반,기상상태,사망자수,부상자수
2017,충청북도 청주시 서원구6,충청북도 청주시 서원구 사직동(모빌팩토리 부근),2017-11-13,21시경,중상사고,기타불명,불명,불명,기타불명,여,62세,자전거,중상,차대차 - 기타,안전운전불이행,맑음,0,1
2017,충청북도 청주시 서원구6,충청북도 청주시 서원구 사직동(모빌팩토리 부근),2017-04-01,16시경,경상사고,여,56세,승용차,상해없음,남,13세,자전거,경상,차대차 - 기타,안전운전불이행,맑음,0,1
2017,충청북도 청주시 서원구6,충청북도 청주시 서원구 사직동(모빌팩토리 부근),2017-03-22,16시경,경상사고,남,74세,자전거,경상,남,65세,승용차,상해없음,차대차 - 측면충돌,불법유턴,맑음,0,1
2017,충청북도 청주시 서원구6,충청북도 청주시 서원구 사직동(모빌팩토리 부근),2017-03-24,15시경,경상사고,남,74세,자전거,경상,여,23세,승용차,상해없음,차대차 - 기타,안전운전불이행,맑음,0,1
2017,충청북도 청주시 서원구1,충청북도 청주시 서원구 모충동(모충사거리 부근),2017-07-12,19시경,중상사고,남,29세,승용차,상해없음,남,72세,자전거,중상,차대차 - 측면충돌,안전운전불이행,맑음,0,1
2017,충청북도 청주시 서원구1,충청북도 청주시 서원구 모충동(모충사거리 부근),2017-09-03,19시경,사망사고,남,33세,승용차,상해없음,남,78세,자전거,사망,차대차 - 측면충돌,신호위반,맑음,1,0
2017,충청북도 청주시 서원구1,충청북도 청주시 서원구 모충동(모충사거리 부근),2017-09-27,14시경,경상사고,남,60세,승용차,상해없음,남,80세,자전거,경상,차대차 - 기타,신호위반,맑음,0,1
2017,충청북도 청주시 서원구1,충청북도 청주시 서원구 모충동(모충사거리 부근),2017-04-02,11시경,중상사고,남,63세,승용차,상해없음,여,75세,자전거,중상,차대차 - 측면충돌,교차로운행방법위반,맑음,0,1
2017,충청북도 청주시 서원구1,충청북도 청주시 서원구 모충동(모충사거리 부근),2017-04-22,09시경,경상사고,남,65세,승용차,상해없음,여,59세,자전거,경상,차대차 - 측면충돌,신호위반,맑음,0,1
2017,충청북도 청주시 서원구1,충청북도 청주시 서원구 모충동(모충사거리 부근),2017-02-25,10시경,중상사고,남,40세,자전거,상해없음,남,62세,보행자,중상,차대사람 - 횡단중,안전운전불이행,맑음,0,1
2017,충청북도 청주시 서원구1,충청북도 청주시 서원구 모충동(모충사거리 부근),2017-09-05,10시경,경상사고,남,87세,자전거,경상,남,51세,보행자,상해없음,차대사람 - 기타,안전운전불이행,맑음,0,1
2017,충청북도 청주시 서원구1,충청북도 청주시 서원구 모충동(모충사거리 부근),2017-07-08,12시경,경상사고,남,44세,화물차,상해없음,남,82세,자전거,경상,차대차 - 기타,안전운전불이행,비,0,1
2017,충청북도 청주시 서원구2,충청북도 청주시 서원구 모충동(SK엔크린 신세계주유소 부근),2017-06-23,22시경,경상사고,남,18세,승용차,상해없음,남,52세,자전거,경상,차대차 - 측면충돌,안전운전불이행,맑음,0,1
2017,충청북도 청주시 서원구2,충청북도 청주시 서원구 모충동(SK엔크린 신세계주유소 부근),2017-01-14,09시경,중상사고,남,32세,승용차,상해없음,여,76세,자전거,중상,차대차 - 기타,교차로운행방법위반,맑음,0,1
2017,충청북도 청주시 서원구2,충청북도 청주시 서원구 모충동(SK엔크린 신세계주유소 부근),2017-05-07,19시경,경상사고,남,62세,승용차,상해없음,여,64세,자전거,경상,차대차 - 측면충돌,안전운전불이행,맑음,0,1
2017,충청북도 청주시 서원구2,충청북도 청주시 서원구 모충동(SK엔크린 신세계주유소 부근),2017-12-23,23시경,중상사고,남,61세,자전거,중상,남,61세,승용차,상해없음,차대차 - 기타,교차로운행방법위반,맑음,0,1
2017,충청북도 청주시 서원구2,충청북도 청주시 서원구 모충동(SK엔크린 신세계주유소 부근),2017-09-12,16시경,중상사고,남,60세,화물차,상해없음,남,65세,자전거,중상,차대차 - 측면충돌,교차로운행방법위반,맑음,0,1
2017,충청북도 청주시 서원구5,충청북도 청주시 서원구 분평동(남평초교 부근),2017-06-29,15시경,경상사고,남,30세,승용차,상해없음,남,12세,자전거,경상,차대차 - 측면충돌,안전운전불이행,맑음,0,1
2017,충청북도 청주시 서원구5,충청북도 청주시 서원구 분평동(남평초교 부근),2017-05-22,17시경,경상사고,여,55세,승용차,상해없음,여,9세,자전거,경상,차대차 - 측면충돌,안전운전불이행,맑음,0,1
2017,충청북도 청주시 서원구5,충청북도 청주시 서원구 분평동(남평초교 부근),2017-08-30,15시경,중상사고,남,18세,이륜차,상해없음,남,60세,자전거,중상,차대차 - 측면충돌,신호위반,맑음,0,1
2017,충청북도 청주시 서원구5,충청북도 청주시 서원구 분평동(남평초교 부근),2017-11-28,21시경,중상사고,남,13세,자전거,중상,없음,불명,없음,없음,차량단독 - 기타,안전운전불이행,맑음,0,1
2017,충청북도 청주시 서원구4,충청북도 청주시 서원구 수곡동(수영교사거리 부근),2017-08-26,15시경,중상사고,여,46세,승용차,상해없음,남,64세,자전거,중상,차대차 - 측면충돌,안전운전불이행,맑음,0,1
2017,충청북도 청주시 서원구4,충청북도 청주시 서원구 수곡동(수영교사거리 부근),2017-05-15,20시경,경상사고,남,47세,자전거,경상,남,52세,승합차,상해없음,차대차 - 추돌,안전운전불이행,맑음,0,1
2017,충청북도 청주시 서원구4,충청북도 청주시 서원구 수곡동(수영교사거리 부근),2017-02-13,13시경,중상사고,남,27세,화물차,상해없음,남,76세,자전거,중상,차대차 - 기타,안전운전불이행,맑음,0,1
2017,충청북도 청주시 서원구4,충청북도 청주시 서원구 수곡동(수영교사거리 부근),2017-08-31,18시경,경상사고,남,49세,화물차,상해없음,여,11세,자전거,경상,차대차 - 측면충돌,신호위반,맑음,0,1
2017,충청북도 청주시 흥덕구1,충청북도 청주시 흥덕구 복대동(복대사거리 부근),2017-06-14,11시경,중상사고,남,32세,승용차,상해없음,남,55세,자전거,중상,차대차 - 측면충돌,중앙선침범,맑음,0,1
2017,충청북도 청주시 흥덕구1,충청북도 청주시 흥덕구 복대동(복대사거리 부근),2017-05-23,21시경,중상사고,남,54세,승용차,상해없음,남,17세,자전거,중상,차대차 - 측면충돌,안전운전불이행,맑음,0,1
2017,충청북도 청주시 흥덕구1,충청북도 청주시 흥덕구 복대동(복대사거리 부근),2017-09-14,14시경,경상사고,여,32세,승용차,상해없음,남,82세,자전거,경상,차대차 - 기타,신호위반,맑음,0,1
2017,충청북도 청주시 흥덕구1,충청북도 청주시 흥덕구 복대동(복대사거리 부근),2017-08-01,21시경,중상사고,남,20세,화물차,상해없음,남,53세,자전거,중상,차대차 - 기타,신호위반,맑음,0,1
2017,충청북도 청주시 청원구1,충청북도 청주시 청원구 내덕동(내덕칠거리 부근),2017-12-16,16시경,경상사고,남,29세,승용차,상해없음,남,12세,자전거,경상,차대차 - 기타,안전운전불이행,맑음,0,1
2017,충청북도 청주시 청원구1,충청북도 청주시 청원구 내덕동(내덕칠거리 부근),2017-05-30,18시경,경상사고,남,46세,승용차,상해없음,남,18세,자전거,경상,차대차 - 기타,교차로운행방법위반,맑음,0,1
2017,충청북도 청주시 청원구1,충청북도 청주시 청원구 내덕동(내덕칠거리 부근),2017-01-09,07시경,중상사고,남,67세,승합차,상해없음,남,60세,자전거,중상,차대차 - 측면충돌,신호위반,맑음,0,1
2017,충청북도 청주시 청원구1,충청북도 청주시 청원구 내덕동(내덕칠거리 부근),2017-09-17,16시경,경상사고,남,61세,자전거,경상,남,58세,화물차,상해없음,차대차 - 측면충돌,안전운전불이행,맑음,0,1
2017,충청북도 충주시1,충청북도 충주시 교현동(법원사거리 부근),2017-08-19,10시경,경상사고,남,65세,승용차,상해없음,여,75세,자전거,경상,차대차 - 기타,안전운전불이행,맑음,0,1
2017,충청북도 충주시1,충청북도 충주시 교현동(법원사거리 부근),2017-09-08,11시경,경상사고,여,43세,승용차,상해없음,여,30세,자전거,경상,차대차 - 기타,안전운전불이행,맑음,0,1
2017,충청북도 충주시1,충청북도 충주시 교현동(법원사거리 부근),2017-05-25,18시경,경상사고,여,49세,승용차,상해없음,여,8세,자전거,경상,차대차 - 측면충돌,안전운전불이행,맑음,0,1
2017,충청북도 충주시1,충청북도 충주시 교현동(법원사거리 부근),2017-11-02,18시경,경상사고,남,60세,승합차,상해없음,남,75세,자전거,경상,차대차 - 후진중충돌,안전운전불이행,맑음,0,1
2017,충청남도 아산시1,충청남도 아산시 배방읍(번영로지하차도 부근),2017-04-06,08시경,경상사고,남,31세,승용차,상해없음,남,50세,자전거,경상,차대차 - 기타,안전운전불이행,맑음,0,1
2017,충청남도 아산시1,충청남도 아산시 배방읍(번영로지하차도 부근),2017-05-05,08시경,경상사고,여,45세,승용차,상해없음,남,23세,자전거,경상,차대차 - 기타,신호위반,맑음,0,1
2017,충청남도 아산시1,충청남도 아산시 배방읍(번영로지하차도 부근),2017-06-27,15시경,경상사고,여,47세,승용차,상해없음,남,59세,자전거,경상,차대차 - 기타,안전운전불이행,맑음,0,1
2017,충청남도 아산시1,충청남도 아산시 배방읍(번영로지하차도 부근),2017-06-28,21시경,경상사고,여,37세,이륜차,상해없음,남,35세,자전거,경상,차대차 - 측면충돌,중앙선침범,맑음,0,1
2017,충청남도 서산시1,충청남도 서산시 동문동(도미당약국 부근),2017-10-07,18시경,경상사고,남,27세,승용차,상해없음,여,53세,자전거,경상,차대차 - 측면충돌,안전운전불이행,맑음,0,1
2017,충청남도 서산시1,충청남도 서산시 동문동(도미당약국 부근),2017-12-22,14시경,중상사고,남,47세,이륜차,상해없음,남,80세,자전거,중상,차대차 - 기타,안전운전불이행,맑음,0,1
2017,충청남도 서산시1,충청남도 서산시 동문동(도미당약국 부근),2017-03-22,18시경,부상신고사고,남,60세,자전거,부상신고,남,78세,승용차,상해없음,차대차 - 측면충돌,안전운전불이행,맑음,0,1
2017,충청남도 서산시1,충청남도 서산시 동문동(도미당약국 부근),2017-04-28,07시경,경상사고,남,69세,자전거,경상,남,46세,승합차,상해없음,차대차 - 측면충돌,안전운전불이행,맑음,0,1
2017,충청남도 서천군1,충청남도 서천군 장항읍(북경한의원 부근),2017-12-11,12시경,경상사고,남,54세,승용차,상해없음,여,55세,자전거,경상,차대차 - 측면충돌,기타,눈,0,1
2017,충청남도 서천군1,충청남도 서천군 장항읍(북경한의원 부근),2017-04-06,08시경,경상사고,남,66세,원동기장치자전거,상해없음,여,57세,자전거,경상,차대차 - 측면충돌,안전운전불이행,비,0,1
2017,충청남도 서천군1,충청남도 서천군 장항읍(북경한의원 부근),2017-09-21,17시경,경상사고,남,28세,자전거,경상,남,62세,승용차,상해없음,차대차 - 측면충돌,신호위반,맑음,0,1
2017,충청남도 서천군1,충청남도 서천군 장항읍(북경한의원 부근),2017-01-08,18시경,경상사고,남,46세,화물차,상해없음,남,60세,자전거,경상,차대차 - 측면충돌,안전운전불이행,맑음,0,1
2017,충청남도 서천군1,충청남도 서천군 장항읍(북경한의원 부근),2017-01-06,15시경,사망사고,남,62세,화물차,상해없음,남,86세,자전거,사망,차대차 - 측면충돌,안전운전불이행,맑음,1,0
2017,충청남도 서천군1,충청남도 서천군 장항읍(북경한의원 부근),2017-06-14,11시경,경상사고,남,62세,화물차,상해없음,여,70세,자전거,경상,차대차 - 기타,안전운전불이행,맑음,0,1
2017,전라북도 군산시2,전라북도 군산시 문화동(서흥중사거리 부근),2017-06-17,08시경,부상신고사고,남,72세,승용차,상해없음,남,16세,자전거,부상신고,차대차 - 기타,안전운전불이행,맑음,0,1
2017,전라북도 군산시2,전라북도 군산시 문화동(서흥중사거리 부근),2017-09-04,08시경,경상사고,남,76세,승용차,상해없음,남,20세,자전거,경상,차대차 - 측면충돌,신호위반,맑음,0,1
2017,전라북도 군산시2,전라북도 군산시 문화동(서흥중사거리 부근),2017-09-28,10시경,경상사고,여,31세,승용차,상해없음,남,48세,자전거,경상,차대차 - 측면충돌,안전운전불이행,맑음,0,1
2017,전라북도 군산시2,전라북도 군산시 문화동(서흥중사거리 부근),2017-06-19,15시경,경상사고,여,61세,승용차,상해없음,남,15세,자전거,경상,차대차 - 추돌,안전운전불이행,맑음,0,1
2017,전라북도 군산시2,전라북도 군산시 문화동(서흥중사거리 부근),2017-10-06,17시경,경상사고,여,54세,자전거,경상,남,50세,승용차,상해없음,차대차 - 측면충돌,중앙선침범,맑음,0,1
2017,전라북도 군산시4,전라북도 군산시 대명동(동양어묵 부근),2017-03-31,14시경,중상사고,여,62세,승용차,상해없음,여,53세,자전거,중상,차대차 - 정면충돌,안전운전불이행,맑음,0,1
2017,전라북도 군산시4,전라북도 군산시 대명동(동양어묵 부근),2017-10-26,13시경,경상사고,남,62세,자전거,경상,남,69세,승용차,상해없음,차대차 - 기타,불법유턴,맑음,0,1
2017,전라북도 군산시4,전라북도 군산시 대명동(동양어묵 부근),2017-05-25,14시경,사망사고,남,65세,자전거,사망,남,67세,승용차,상해없음,차대차 - 측면충돌,신호위반,맑음,1,0
2017,전라북도 군산시1,전라북도 군산시 수송동(신송사거리 부근),2017-04-24,23시경,경상사고,남,67세,승용차,상해없음,여,28세,자전거,경상,차대차 - 정면충돌,신호위반,맑음,0,1
2017,전라북도 군산시1,전라북도 군산시 수송동(신송사거리 부근),2017-05-27,15시경,경상사고,여,33세,승용차,상해없음,남,51세,자전거,경상,차대차 - 측면충돌,안전운전불이행,맑음,0,1
2017,전라북도 군산시1,전라북도 군산시 수송동(신송사거리 부근),2017-11-13,08시경,중상사고,여,37세,승용차,상해없음,여,54세,자전거,중상,차대차 - 기타,안전운전불이행,맑음,0,1
2017,전라북도 군산시1,전라북도 군산시 수송동(신송사거리 부근),2017-08-08,18시경,경상사고,여,45세,승용차,상해없음,남,37세,자전거,경상,차대차 - 추돌,안전운전불이행,맑음,0,1
2017,전라북도 군산시1,전라북도 군산시 수송동(신송사거리 부근),2017-03-17,11시경,경상사고,여,61세,승용차,상해없음,남,78세,자전거,경상,차대차 - 측면충돌,안전운전불이행,맑음,0,1
2017,전라북도 군산시3,전라북도 군산시 수송동(군산시보건소 부근),2017-01-07,15시경,경상사고,남,38세,승용차,상해없음,남,22세,자전거,경상,차대차 - 측면충돌,신호위반,맑음,0,1
2017,전라북도 군산시3,전라북도 군산시 수송동(군산시보건소 부근),2017-09-19,12시경,경상사고,남,81세,승용차,상해없음,남,64세,자전거,경상,차대차 - 기타,신호위반,맑음,0,1
2017,전라북도 군산시3,전라북도 군산시 수송동(군산시보건소 부근),2017-05-18,17시경,부상신고사고,남,11세,자전거,부상신고,남,48세,승용차,상해없음,차대차 - 측면충돌,신호위반,맑음,0,1
2017,전라북도 군산시3,전라북도 군산시 수송동(군산시보건소 부근),2017-01-27,12시경,경상사고,남,12세,자전거,경상,여,19세,승용차,상해없음,차대차 - 측면충돌,안전운전불이행,맑음,0,1
2017,전라북도 익산시4,전라북도 익산시 남중동(북부시장사거리 부근),2017-07-12,07시경,중상사고,남,49세,승용차,상해없음,남,68세,자전거,중상,차대차 - 측면충돌,직진우회전진행방해,맑음,0,1
2017,전라북도 익산시4,전라북도 익산시 남중동(북부시장사거리 부근),2017-09-23,23시경,경상사고,여,62세,승용차,상해없음,남,17세,자전거,경상,차대차 - 측면충돌,신호위반,맑음,0,1
2017,전라북도 익산시4,전라북도 익산시 남중동(북부시장사거리 부근),2017-09-08,10시경,중상사고,남,82세,원동기장치자전거,상해없음,남,68세,자전거,중상,차대차 - 측면충돌,신호위반,맑음,0,1
2017,전라북도 익산시4,전라북도 익산시 남중동(북부시장사거리 부근),2017-02-13,07시경,사망사고,남,43세,화물차,상해없음,남,78세,자전거,사망,차대차 - 측면충돌,안전운전불이행,맑음,1,0
2017,전라북도 익산시1,전라북도 익산시 모현동1가(배산택지5호공원 부근),2017-04-10,22시경,경상사고,남,34세,승용차,상해없음,남,67세,자전거,경상,차대차 - 측면충돌,안전운전불이행,맑음,0,1
2017,전라북도 익산시1,전라북도 익산시 모현동1가(배산택지5호공원 부근),2017-06-29,22시경,중상사고,남,64세,승용차,상해없음,남,14세,자전거,중상,차대차 - 측면충돌,신호위반,맑음,0,1
2017,전라북도 익산시1,전라북도 익산시 모현동1가(배산택지5호공원 부근),2017-04-11,21시경,경상사고,여,26세,승용차,상해없음,남,56세,자전거,경상,차대차 - 측면충돌,신호위반,맑음,0,1
2017,전라북도 익산시1,전라북도 익산시 모현동1가(배산택지5호공원 부근),2017-05-13,13시경,중상사고,여,30세,승용차,상해없음,남,85세,자전거,중상,차대차 - 측면충돌,안전운전불이행,맑음,0,1
2017,전라북도 익산시1,전라북도 익산시 모현동1가(배산택지5호공원 부근),2017-06-09,18시경,경상사고,남,13세,자전거,경상,남,53세,승용차,상해없음,차대차 - 측면충돌,불법유턴,맑음,0,1
2017,전라북도 익산시1,전라북도 익산시 모현동1가(배산택지5호공원 부근),2017-05-25,11시경,중상사고,남,75세,자전거,중상,남,64세,승합차,상해없음,차대차 - 측면충돌,중앙선침범,맑음,0,1
2017,전라북도 익산시2,전라북도 익산시 모현동1가(모현사거리 부근),2017-05-19,07시경,경상사고,남,46세,승용차,상해없음,여,58세,자전거,경상,차대차 - 기타,안전운전불이행,맑음,0,1
2017,전라북도 익산시2,전라북도 익산시 모현동1가(모현사거리 부근),2017-08-07,17시경,경상사고,남,59세,승용차,상해없음,남,71세,자전거,경상,차대차 - 측면충돌,신호위반,맑음,0,1
2017,전라북도 익산시2,전라북도 익산시 모현동1가(모현사거리 부근),2017-03-22,15시경,경상사고,남,64세,승용차,상해없음,남,79세,자전거,경상,차대차 - 측면충돌,안전운전불이행,맑음,0,1
2017,전라북도 익산시2,전라북도 익산시 모현동1가(모현사거리 부근),2017-12-27,07시경,중상사고,남,71세,승용차,상해없음,남,59세,자전거,중상,차대차 - 측면충돌,신호위반,맑음,0,1
2017,전라북도 익산시2,전라북도 익산시 모현동1가(모현사거리 부근),2017-06-09,10시경,중상사고,여,60세,승용차,상해없음,남,80세,자전거,중상,차대차 - 측면충돌,안전운전불이행,맑음,0,1
2017,전라북도 익산시3,전라북도 익산시 모현동1가(배산사거리 부근),2017-09-13,13시경,경상사고,남,57세,승용차,상해없음,남,80세,자전거,경상,차대차 - 측면충돌,안전운전불이행,맑음,0,1
2017,전라북도 익산시3,전라북도 익산시 모현동1가(배산사거리 부근),2017-09-14,07시경,경상사고,남,63세,승용차,상해없음,남,56세,자전거,경상,차대차 - 측면충돌,안전운전불이행,맑음,0,1
2017,전라북도 익산시3,전라북도 익산시 모현동1가(배산사거리 부근),2017-04-19,15시경,경상사고,여,41세,승용차,상해없음,남,65세,자전거,경상,차대차 - 측면충돌,안전운전불이행,맑음,0,1
2017,전라북도 익산시3,전라북도 익산시 모현동1가(배산사거리 부근),2017-10-21,16시경,경상사고,남,87세,자전거,경상,남,51세,승합차,상해없음,차대차 - 측면충돌,안전운전불이행,맑음,0,1
2017,전라북도 익산시3,전라북도 익산시 모현동1가(배산사거리 부근),2017-05-01,12시경,중상사고,남,30세,화물차,상해없음,남,77세,자전거,중상,차대차 - 측면충돌,안전운전불이행,맑음,0,1
2017,전라북도 남원시1,전라북도 남원시 향교동(향교오거리 부근),2017-11-30,18시경,경상사고,남,48세,승용차,상해없음,여,56세,자전거,경상,차대차 - 추돌,안전운전불이행,맑음,0,1
2017,전라북도 남원시1,전라북도 남원시 향교동(향교오거리 부근),2017-07-13,07시경,경상사고,남,50세,승용차,상해없음,남,69세,자전거,경상,차대차 - 측면충돌,안전운전불이행,맑음,0,1
2017,전라북도 남원시1,전라북도 남원시 향교동(향교오거리 부근),2017-12-01,17시경,경상사고,남,58세,승용차,상해없음,여,65세,자전거,경상,차대차 - 기타,안전운전불이행,맑음,0,1
2017,전라북도 남원시1,전라북도 남원시 향교동(향교오거리 부근),2017-11-21,17시경,중상사고,남,63세,화물차,상해없음,여,69세,자전거,중상,차대차 - 측면충돌,신호위반,맑음,0,1
2017,전라남도 순천시1,전라남도 순천시 매곡동(이조약국 부근),2017-06-23,10시경,경상사고,여,46세,승용차,상해없음,남,81세,자전거,경상,차대차 - 기타,안전운전불이행,맑음,0,1
2017,전라남도 순천시1,전라남도 순천시 매곡동(이조약국 부근),2017-07-10,19시경,중상사고,남,68세,자전거,중상,남,58세,화물차,상해없음,차대차 - 기타,안전운전불이행,맑음,0,1
2017,전라남도 순천시1,전라남도 순천시 매곡동(이조약국 부근),2017-11-15,17시경,중상사고,여,64세,자전거,중상,여,29세,보행자,상해없음,차대사람 - 횡단중,안전운전불이행,맑음,0,1
2017,전라남도 순천시1,전라남도 순천시 매곡동(이조약국 부근),2017-11-21,07시경,중상사고,남,65세,화물차,상해없음,남,74세,자전거,중상,차대차 - 기타,안전운전불이행,맑음,0,1
2017,전라남도 장흥군1,전라남도 장흥군 장흥읍(군민회관삼거리 부근),2017-07-21,15시경,경상사고,남,55세,승용차,상해없음,남,48세,자전거,경상,차대차 - 측면충돌,안전운전불이행,맑음,0,1
2017,전라남도 장흥군1,전라남도 장흥군 장흥읍(군민회관삼거리 부근),2017-07-29,13시경,경상사고,남,60세,승용차,상해없음,남,21세,자전거,경상,차대차 - 측면충돌,안전운전불이행,맑음,0,1
2017,전라남도 장흥군1,전라남도 장흥군 장흥읍(군민회관삼거리 부근),2017-10-25,22시경,부상신고사고,여,39세,승용차,상해없음,남,50세,자전거,부상신고,차대차 - 기타,안전운전불이행,맑음,0,1
2017,전라남도 장흥군1,전라남도 장흥군 장흥읍(군민회관삼거리 부근),2017-02-19,15시경,경상사고,여,52세,승용차,상해없음,여,74세,자전거,경상,차대차 - 기타,안전운전불이행,맑음,0,1
2017,전라남도 장흥군1,전라남도 장흥군 장흥읍(군민회관삼거리 부근),2017-08-01,17시경,중상사고,여,52세,자전거,중상,남,60세,화물차,상해없음,차대차 - 정면충돌,안전운전불이행,맑음,0,1
2017,경상북도 포항시 남구1,경상북도 포항시 남구 해도동(해도119안전센터 부근),2017-12-08,07시경,중상사고,남,51세,승용차,상해없음,남,57세,자전거,중상,차대차 - 기타,안전운전불이행,맑음,0,1
2017,경상북도 포항시 남구1,경상북도 포항시 남구 해도동(해도119안전센터 부근),2017-04-15,07시경,경상사고,남,55세,승용차,상해없음,남,28세,자전거,경상,차대차 - 측면충돌,안전운전불이행,맑음,0,1
2017,경상북도 포항시 남구1,경상북도 포항시 남구 해도동(해도119안전센터 부근),2017-04-24,08시경,경상사고,여,42세,승용차,상해없음,여,49세,자전거,경상,차대차 - 측면충돌,교차로운행방법위반,맑음,0,1
2017,경상북도 포항시 남구1,경상북도 포항시 남구 해도동(해도119안전센터 부근),2017-01-25,19시경,경상사고,여,53세,승용차,상해없음,여,54세,자전거,경상,차대차 - 측면충돌,안전운전불이행,맑음,0,1
2017,경상북도 포항시 남구1,경상북도 포항시 남구 해도동(해도119안전센터 부근),2017-06-11,22시경,경상사고,남,35세,자전거,경상,여,26세,이륜차,경상,차대차 - 정면충돌,안전운전불이행,맑음,0,2
2017,경상북도 포항시 남구1,경상북도 포항시 남구 해도동(해도119안전센터 부근),2017-05-19,12시경,부상신고사고,남,62세,자전거,부상신고,여,56세,승용차,상해없음,차대차 - 기타,안전운전불이행,맑음,0,1
2017,경상북도 포항시 남구1,경상북도 포항시 남구 해도동(해도119안전센터 부근),2017-01-03,09시경,경상사고,여,63세,자전거,경상,남,60세,승용차,상해없음,차대차 - 기타,신호위반,맑음,0,1
2017,경상북도 포항시 남구2,경상북도 포항시 남구 연일읍(보람한의원 부근),2017-10-16,07시경,경상사고,남,29세,승용차,상해없음,남,81세,자전거,경상,차대차 - 기타,안전운전불이행,맑음,0,1
2017,경상북도 포항시 남구2,경상북도 포항시 남구 연일읍(보람한의원 부근),2017-04-08,18시경,경상사고,남,37세,승용차,상해없음,남,74세,자전거,경상,차대차 - 기타,안전운전불이행,맑음,0,1
2017,경상북도 포항시 남구2,경상북도 포항시 남구 연일읍(보람한의원 부근),2017-11-06,16시경,경상사고,남,79세,자전거,경상,남,62세,화물차,상해없음,차대차 - 기타,교차로운행방법위반,맑음,0,1
2017,경상북도 포항시 남구2,경상북도 포항시 남구 연일읍(보람한의원 부근),2017-01-09,15시경,중상사고,여,57세,자전거,중상,여,38세,승용차,상해없음,차대차 - 기타,안전운전불이행,맑음,0,1
2017,경상북도 포항시 북구1,경상북도 포항시 북구 죽도동(포항고속버스터미널앞 부근),2017-03-18,19시경,중상사고,남,52세,승용차,상해없음,남,64세,자전거,중상,차대차 - 측면충돌,교차로운행방법위반,맑음,0,2
2017,경상북도 포항시 북구1,경상북도 포항시 북구 죽도동(포항고속버스터미널앞 부근),2017-09-20,15시경,중상사고,남,59세,승용차,상해없음,남,62세,자전거,중상,차대차 - 측면충돌,안전운전불이행,맑음,0,1
2017,경상북도 포항시 북구1,경상북도 포항시 북구 죽도동(포항고속버스터미널앞 부근),2017-09-05,08시경,중상사고,여,50세,승용차,상해없음,남,62세,자전거,중상,차대차 - 측면충돌,안전운전불이행,맑음,0,1
2017,경상북도 포항시 북구1,경상북도 포항시 북구 죽도동(포항고속버스터미널앞 부근),2017-05-20,15시경,경상사고,남,47세,이륜차,상해없음,남,9세,자전거,경상,차대차 - 측면충돌,신호위반,맑음,0,1
2017,경상북도 포항시 북구1,경상북도 포항시 북구 죽도동(포항고속버스터미널앞 부근),2017-07-11,13시경,경상사고,여,62세,이륜차,경상,남,49세,자전거,경상,차대차 - 기타,안전운전불이행,맑음,0,2
2017,경상북도 포항시 북구1,경상북도 포항시 북구 죽도동(포항고속버스터미널앞 부근),2017-05-15,22시경,경상사고,남,54세,자전거,경상,남,39세,승용차,상해없음,차대차 - 측면충돌,안전운전불이행,맑음,0,1
2017,경상북도 포항시 북구1,경상북도 포항시 북구 죽도동(포항고속버스터미널앞 부근),2017-03-30,05시경,중상사고,남,50세,화물차,상해없음,여,64세,자전거,중상,차대차 - 기타,안전운전불이행,맑음,0,1
2017,경상북도 포항시 북구2,경상북도 포항시 북구 죽도동(독일약국 부근),2017-03-14,15시경,경상사고,남,65세,승용차,상해없음,남,75세,자전거,경상,차대차 - 측면충돌,안전운전불이행,맑음,0,1
2017,경상북도 포항시 북구2,경상북도 포항시 북구 죽도동(독일약국 부근),2017-12-21,14시경,경상사고,여,45세,승용차,상해없음,남,61세,자전거,경상,차대차 - 측면충돌,안전운전불이행,맑음,0,1
2017,경상북도 포항시 북구2,경상북도 포항시 북구 죽도동(독일약국 부근),2017-05-16,19시경,경상사고,남,45세,자전거,경상,남,64세,승용차,상해없음,차대차 - 측면충돌,안전운전불이행,맑음,0,1
2017,경상북도 포항시 북구2,경상북도 포항시 북구 죽도동(독일약국 부근),2017-07-20,07시경,경상사고,남,67세,자전거,경상,남,68세,승용차,상해없음,차대차 - 측면충돌,안전운전불이행,맑음,0,1
2017,경상북도 포항시 북구2,경상북도 포항시 북구 죽도동(독일약국 부근),2017-02-12,18시경,중상사고,남,67세,자전거,중상,남,68세,승용차,상해없음,차대차 - 측면충돌,차로위반,맑음,0,2
2017,경상북도 포항시 북구3,경상북도 포항시 북구 죽도동(5호광장사거리 부근),2017-06-16,15시경,중상사고,남,63세,승용차,상해없음,남,67세,자전거,중상,차대차 - 기타,안전운전불이행,맑음,0,1
2017,경상북도 포항시 북구3,경상북도 포항시 북구 죽도동(5호광장사거리 부근),2017-01-04,16시경,중상사고,남,80세,승용차,상해없음,여,61세,자전거,중상,차대차 - 측면충돌,신호위반,맑음,0,1
2017,경상북도 포항시 북구3,경상북도 포항시 북구 죽도동(5호광장사거리 부근),2017-04-20,08시경,경상사고,여,59세,승용차,상해없음,남,22세,자전거,경상,차대차 - 측면충돌,중앙선침범,맑음,0,1