사고년도,다발시군구,지점명,사고일시,사고시간대,사고등급,가해자성별,가해자연령,가해차종,가해자신체상해정도,피해자성별,피해자연령,피해차종,피해자신체상해정도,사고유형,가해자법규위반,기상상태,사망자수,부상자수
2017,경상북도 포항시 북구3,경상북도 포항시 북구 죽도동(5호광장사거리 부근),2017-05-25,17시경,중상사고,여,63세,자전거,중상,여,43세,화물차,상해없음,차대차 - 측면충돌,안전운전불이행,맑음,0,1
2017,경상북도 경주시5,경상북도 경주시 성동동(SK엔크린 성동주유소 부근),2017-09-05,17시경,경상사고,남,47세,승용차,상해없음,남,91세,자전거,경상,차대차 - 후진중충돌,안전운전불이행,비,0,1
2017,경상북도 경주시5,경상북도 경주시 성동동(SK엔크린 성동주유소 부근),2017-11-23,17시경,경상사고,여,43세,승용차,상해없음,남,82세,자전거,경상,차대차 - 측면충돌,안전운전불이행,맑음,0,1
2017,경상북도 경주시5,경상북도 경주시 성동동(SK엔크린 성동주유소 부근),2017-06-20,09시경,경상사고,여,64세,승용차,상해없음,남,87세,자전거,경상,차대차 - 측면충돌,안전운전불이행,맑음,0,1
2017,경상북도 경주시5,경상북도 경주시 성동동(SK엔크린 성동주유소 부근),2017-09-22,15시경,경상사고,남,26세,자전거,경상,남,59세,승용차,상해없음,차대차 - 측면충돌,안전운전불이행,맑음,0,1
2017,경상북도 경주시1,경상북도 경주시 황오동(역전삼거리 부근),2017-02-17,12시경,중상사고,남,44세,승용차,상해없음,남,83세,자전거,중상,차대차 - 측면충돌,안전운전불이행,맑음,0,1
2017,경상북도 경주시1,경상북도 경주시 황오동(역전삼거리 부근),2017-10-26,06시경,중상사고,남,44세,승용차,상해없음,여,67세,자전거,중상,차대차 - 측면충돌,안전운전불이행,맑음,0,1
2017,경상북도 경주시1,경상북도 경주시 황오동(역전삼거리 부근),2017-02-23,09시경,경상사고,남,54세,승용차,상해없음,남,56세,자전거,경상,차대차 - 측면충돌,안전운전불이행,맑음,0,1
2017,경상북도 경주시1,경상북도 경주시 황오동(역전삼거리 부근),2017-11-09,11시경,경상사고,남,68세,승용차,상해없음,남,86세,자전거,경상,차대차 - 측면충돌,안전운전불이행,맑음,0,1
2017,경상북도 경주시1,경상북도 경주시 황오동(역전삼거리 부근),2017-06-05,08시경,경상사고,여,49세,승용차,상해없음,여,73세,자전거,경상,차대차 - 측면충돌,안전운전불이행,맑음,0,1
2017,경상북도 경주시1,경상북도 경주시 황오동(역전삼거리 부근),2017-06-29,13시경,경상사고,여,51세,승용차,상해없음,여,46세,자전거,경상,차대차 - 측면충돌,안전운전불이행,맑음,0,1
2017,경상북도 경주시1,경상북도 경주시 황오동(역전삼거리 부근),2017-04-18,09시경,경상사고,남,42세,이륜차,상해없음,여,65세,자전거,경상,차대차 - 측면충돌,안전운전불이행,맑음,0,1
2017,경상북도 경주시1,경상북도 경주시 황오동(역전삼거리 부근),2017-09-21,05시경,경상사고,남,70세,화물차,상해없음,남,42세,자전거,경상,차대차 - 측면충돌,신호위반,맑음,0,1
2017,경상북도 경주시2,경상북도 경주시 성건동(행운카정비공업사 부근),2017-06-11,21시경,중상사고,기타불명,불명,불명,기타불명,여,74세,자전거,중상,차대차 - 측면충돌,안전운전불이행,맑음,0,1
2017,경상북도 경주시2,경상북도 경주시 성건동(행운카정비공업사 부근),2017-10-12,13시경,중상사고,남,41세,승용차,상해없음,여,73세,자전거,중상,차대차 - 측면충돌,안전운전불이행,비,0,1
2017,경상북도 경주시2,경상북도 경주시 성건동(행운카정비공업사 부근),2017-11-15,16시경,중상사고,남,62세,승용차,상해없음,여,52세,자전거,중상,차대차 - 기타,안전운전불이행,맑음,0,1
2017,경상북도 경주시2,경상북도 경주시 성건동(행운카정비공업사 부근),2017-09-24,15시경,중상사고,남,85세,자전거,중상,남,67세,화물차,상해없음,차대차 - 측면충돌,중앙선침범,맑음,0,1
2017,경상북도 경주시2,경상북도 경주시 성건동(행운카정비공업사 부근),2017-04-27,10시경,중상사고,남,56세,화물차,상해없음,여,73세,자전거,중상,차대차 - 측면충돌,안전운전불이행,맑음,0,1
2017,경상북도 경주시3,경상북도 경주시 성건동(부용당당한의원 부근),2017-01-06,09시경,경상사고,남,55세,승용차,상해없음,남,67세,자전거,경상,차대차 - 측면충돌,안전운전불이행,맑음,0,1
2017,경상북도 경주시3,경상북도 경주시 성건동(부용당당한의원 부근),2017-07-20,16시경,경상사고,남,68세,승용차,상해없음,남,73세,자전거,경상,차대차 - 측면충돌,안전운전불이행,맑음,0,1
2017,경상북도 경주시3,경상북도 경주시 성건동(부용당당한의원 부근),2017-11-23,10시경,중상사고,여,62세,승용차,상해없음,여,64세,자전거,중상,차대차 - 측면충돌,안전운전불이행,맑음,0,1
2017,경상북도 경주시3,경상북도 경주시 성건동(부용당당한의원 부근),2017-07-18,13시경,경상사고,남,24세,자전거,경상,여,56세,승용차,경상,차대차 - 측면충돌,안전운전불이행,맑음,0,2
2017,경상북도 경주시3,경상북도 경주시 성건동(부용당당한의원 부근),2017-10-07,11시경,중상사고,남,64세,화물차,상해없음,남,73세,자전거,경상,차대차 - 측면충돌,안전운전불이행,맑음,0,2
2017,경상북도 경주시4,경상북도 경주시 성건동(경주YMCA 부근),2017-04-15,19시경,경상사고,남,42세,승합차,상해없음,남,16세,자전거,경상,차대차 - 기타,안전운전불이행,맑음,0,1
2017,경상북도 경주시4,경상북도 경주시 성건동(경주YMCA 부근),2017-08-10,09시경,경상사고,남,49세,승합차,상해없음,남,22세,자전거,경상,차대차 - 측면충돌,안전운전불이행,흐림,0,1
2017,경상북도 경주시4,경상북도 경주시 성건동(경주YMCA 부근),2017-10-30,15시경,중상사고,남,34세,이륜차,상해없음,남,11세,자전거,중상,차대차 - 측면충돌,안전운전불이행,맑음,0,1
2017,경상북도 경주시4,경상북도 경주시 성건동(경주YMCA 부근),2017-06-10,10시경,경상사고,남,85세,자전거,경상,남,62세,승용차,상해없음,차대차 - 측면충돌,신호위반,맑음,0,1
2017,경상북도 경주시4,경상북도 경주시 성건동(경주YMCA 부근),2017-10-26,13시경,중상사고,남,57세,화물차,상해없음,여,69세,자전거,중상,차대차 - 측면충돌,안전운전불이행,맑음,0,1
2017,경상북도 영주시1,경상북도 영주시 영주동(영일사거리 부근),2017-04-09,13시경,경상사고,여,45세,승용차,상해없음,남,12세,자전거,경상,차대차 - 측면충돌,안전운전불이행,맑음,0,1
2017,경상북도 영주시1,경상북도 영주시 영주동(영일사거리 부근),2017-04-10,16시경,중상사고,여,50세,승용차,상해없음,남,76세,자전거,중상,차대차 - 측면충돌,안전운전불이행,맑음,0,1
2017,경상북도 영주시1,경상북도 영주시 영주동(영일사거리 부근),2017-05-08,08시경,중상사고,여,55세,승용차,상해없음,남,64세,자전거,중상,차대차 - 측면충돌,안전운전불이행,맑음,0,1
2017,경상북도 영주시1,경상북도 영주시 영주동(영일사거리 부근),2017-12-23,08시경,중상사고,여,57세,승용차,상해없음,남,20세,자전거,중상,차대차 - 측면충돌,안전운전불이행,맑음,0,1
2017,경상북도 영주시2,경상북도 영주시 가흥동(꽃동산로터리 부근),2017-03-23,19시경,중상사고,남,43세,승용차,상해없음,남,49세,자전거,중상,차대차 - 측면충돌,안전운전불이행,맑음,0,1
2017,경상북도 영주시2,경상북도 영주시 가흥동(꽃동산로터리 부근),2017-12-19,16시경,경상사고,남,55세,승용차,상해없음,여,46세,자전거,경상,차대차 - 측면충돌,안전운전불이행,맑음,0,1
2017,경상북도 영주시2,경상북도 영주시 가흥동(꽃동산로터리 부근),2017-09-28,13시경,중상사고,남,34세,화물차,상해없음,남,13세,자전거,중상,차대차 - 측면충돌,안전운전불이행,맑음,0,1
2017,경상북도 영주시2,경상북도 영주시 가흥동(꽃동산로터리 부근),2017-10-20,08시경,경상사고,남,56세,화물차,상해없음,남,12세,자전거,경상,차대차 - 측면충돌,안전운전불이행,맑음,0,1
2017,경상북도 상주시2,경상북도 상주시 성하동(SC제일은행 상주지점 부근),2017-08-22,16시경,중상사고,남,36세,승용차,상해없음,여,54세,자전거,중상,차대차 - 측면충돌,안전운전불이행,맑음,0,1
2017,경상북도 상주시2,경상북도 상주시 성하동(SC제일은행 상주지점 부근),2017-03-26,16시경,경상사고,남,58세,승용차,상해없음,남,12세,자전거,경상,차대차 - 측면충돌,안전운전불이행,맑음,0,1
2017,경상북도 상주시2,경상북도 상주시 성하동(SC제일은행 상주지점 부근),2017-08-06,20시경,경상사고,여,48세,승용차,상해없음,여,36세,자전거,경상,차대차 - 측면충돌,안전운전불이행,맑음,0,1
2017,경상북도 상주시2,경상북도 상주시 성하동(SC제일은행 상주지점 부근),2017-04-24,20시경,경상사고,남,54세,자전거,경상,없음,불명,없음,없음,차량단독 - 전도전복,안전운전불이행,맑음,0,1
2017,경상북도 상주시2,경상북도 상주시 성하동(SC제일은행 상주지점 부근),2017-10-28,20시경,중상사고,남,67세,자전거,중상,남,23세,승용차,상해없음,차대차 - 측면충돌,안전운전불이행,맑음,0,1
2017,경상북도 상주시2,경상북도 상주시 성하동(SC제일은행 상주지점 부근),2017-07-05,18시경,중상사고,남,70세,자전거,중상,여,45세,승용차,상해없음,차대차 - 측면충돌,안전운전불이행,맑음,0,1
2017,경상북도 상주시2,경상북도 상주시 성하동(SC제일은행 상주지점 부근),2017-03-06,17시경,중상사고,남,45세,화물차,상해없음,남,82세,자전거,중상,차대차 - 기타,교차로운행방법위반,맑음,0,1
2017,경상북도 상주시4,경상북도 상주시 냉림동(계림동행정복지센터 부근),2017-08-13,05시경,경상사고,남,66세,승용차,상해없음,여,62세,자전거,경상,차대차 - 측면충돌,교차로운행방법위반,맑음,0,1
2017,경상북도 상주시4,경상북도 상주시 냉림동(계림동행정복지센터 부근),2017-07-06,08시경,경상사고,여,47세,승용차,상해없음,여,72세,자전거,경상,차대차 - 측면충돌,안전운전불이행,흐림,0,1
2017,경상북도 상주시4,경상북도 상주시 냉림동(계림동행정복지센터 부근),2017-06-04,09시경,경상사고,남,9세,자전거,상해없음,여,62세,자전거,경상,차대차 - 추돌,안전운전불이행,맑음,0,1
2017,경상북도 상주시4,경상북도 상주시 냉림동(계림동행정복지센터 부근),2017-05-21,09시경,중상사고,여,44세,자전거,중상,남,68세,승용차,상해없음,차대차 - 측면충돌,안전운전불이행,맑음,0,1
2017,경상북도 상주시4,경상북도 상주시 냉림동(계림동행정복지센터 부근),2017-03-06,12시경,중상사고,남,43세,화물차,상해없음,여,76세,자전거,중상,차대차 - 측면충돌,안전운전불이행,맑음,0,1
2017,경상북도 상주시5,경상북도 상주시 서성동(북문사거리 부근),2017-07-11,17시경,경상사고,남,33세,승용차,상해없음,남,55세,자전거,경상,차대차 - 측면충돌,안전운전불이행,맑음,0,1
2017,경상북도 상주시5,경상북도 상주시 서성동(북문사거리 부근),2017-11-10,17시경,경상사고,남,78세,승용차,상해없음,여,58세,자전거,경상,차대차 - 측면충돌,교차로운행방법위반,비,0,1
2017,경상북도 상주시5,경상북도 상주시 서성동(북문사거리 부근),2017-01-30,14시경,경상사고,여,24세,승용차,상해없음,남,66세,자전거,경상,차대차 - 측면충돌,안전운전불이행,맑음,0,1
2017,경상북도 상주시5,경상북도 상주시 서성동(북문사거리 부근),2017-01-08,11시경,경상사고,여,51세,승용차,상해없음,여,59세,자전거,경상,차대차 - 추돌,안전운전불이행,맑음,0,2
2017,경상북도 상주시5,경상북도 상주시 서성동(북문사거리 부근),2017-10-20,11시경,중상사고,남,70세,화물차,상해없음,여,73세,자전거,중상,차대차 - 기타,안전운전불이행,맑음,0,1
2017,경상북도 상주시1,경상북도 상주시 서문동(뚱스밥버거 경북상주점 부근),2017-05-22,23시경,경상사고,남,58세,승용차,상해없음,남,40세,자전거,경상,차대차 - 측면충돌,안전운전불이행,맑음,0,1
2017,경상북도 상주시1,경상북도 상주시 서문동(뚱스밥버거 경북상주점 부근),2017-05-05,20시경,중상사고,남,66세,승용차,상해없음,남,16세,자전거,중상,차대차 - 기타,기타,맑음,0,1
2017,경상북도 상주시1,경상북도 상주시 서문동(뚱스밥버거 경북상주점 부근),2017-03-22,09시경,중상사고,남,67세,승용차,상해없음,남,66세,자전거,중상,차대차 - 측면충돌,안전운전불이행,맑음,0,1
2017,경상북도 상주시1,경상북도 상주시 서문동(뚱스밥버거 경북상주점 부근),2017-06-02,07시경,경상사고,남,24세,승합차,상해없음,여,13세,자전거,경상,차대차 - 측면충돌,안전운전불이행,맑음,0,1
2017,경상북도 상주시1,경상북도 상주시 서문동(뚱스밥버거 경북상주점 부근),2017-04-07,19시경,경상사고,남,18세,이륜차,상해없음,남,12세,자전거,경상,차대차 - 측면충돌,안전운전불이행,맑음,0,1
2017,경상북도 상주시1,경상북도 상주시 서문동(뚱스밥버거 경북상주점 부근),2017-10-13,14시경,경상사고,남,63세,자전거,경상,남,67세,이륜차,상해없음,차대차 - 측면충돌,중앙선침범,맑음,0,1
2017,경상북도 상주시1,경상북도 상주시 서문동(뚱스밥버거 경북상주점 부근),2017-08-28,12시경,중상사고,남,28세,화물차,상해없음,남,19세,자전거,중상,차대차 - 측면충돌,안전운전불이행,맑음,0,1
2017,경상북도 상주시1,경상북도 상주시 서문동(뚱스밥버거 경북상주점 부근),2017-09-07,17시경,경상사고,남,61세,화물차,상해없음,여,72세,자전거,경상,차대차 - 측면충돌,교차로운행방법위반,맑음,0,1
2017,경상북도 상주시3,경상북도 상주시 무양동(육낙원 부근),2017-03-29,09시경,사망사고,남,23세,승용차,상해없음,남,75세,자전거,사망,차대차 - 측면충돌,교차로운행방법위반,맑음,1,0
2017,경상북도 상주시3,경상북도 상주시 무양동(육낙원 부근),2017-12-12,17시경,경상사고,남,38세,승용차,상해없음,여,56세,자전거,경상,차대차 - 측면충돌,안전운전불이행,맑음,0,1
2017,경상북도 상주시3,경상북도 상주시 무양동(육낙원 부근),2017-11-01,15시경,경상사고,여,73세,승용차,상해없음,여,81세,자전거,경상,차대차 - 측면충돌,교차로운행방법위반,맑음,0,1
2017,경상북도 상주시3,경상북도 상주시 무양동(육낙원 부근),2017-10-21,16시경,중상사고,남,12세,자전거,중상,남,12세,자전거,상해없음,차대차 - 측면충돌,안전운전불이행,맑음,0,1
2017,경상북도 상주시3,경상북도 상주시 무양동(육낙원 부근),2017-08-24,19시경,부상신고사고,여,59세,자전거,부상신고,남,36세,승용차,상해없음,차대차 - 측면충돌,불법유턴,비,0,1
2017,경상북도 문경시1,경상북도 문경시 모전동(모전오거리 부근),2017-08-19,12시경,중상사고,남,33세,승용차,상해없음,남,14세,자전거,중상,차대차 - 기타,안전운전불이행,맑음,0,1
2017,경상북도 문경시1,경상북도 문경시 모전동(모전오거리 부근),2017-07-22,18시경,경상사고,남,62세,승용차,상해없음,남,67세,자전거,경상,차대차 - 측면충돌,신호위반,맑음,0,1
2017,경상북도 문경시1,경상북도 문경시 모전동(모전오거리 부근),2017-11-12,12시경,중상사고,여,26세,승용차,상해없음,남,12세,자전거,중상,차대차 - 기타,안전운전불이행,맑음,0,1
2017,경상북도 문경시1,경상북도 문경시 모전동(모전오거리 부근),2017-10-21,08시경,경상사고,여,55세,승용차,상해없음,남,63세,자전거,경상,차대차 - 기타,안전운전불이행,맑음,0,1
2017,경상북도 문경시1,경상북도 문경시 모전동(모전오거리 부근),2017-07-26,17시경,경상사고,남,61세,자전거,경상,남,44세,승용차,상해없음,차대차 - 측면충돌,안전운전불이행,맑음,0,1
2017,경상북도 문경시1,경상북도 문경시 모전동(모전오거리 부근),2017-06-02,07시경,부상신고사고,남,72세,자전거,부상신고,남,40세,승용차,상해없음,차대차 - 기타,안전운전불이행,맑음,0,1
2017,경상북도 경산시3,경상북도 경산시 삼남동(남부동주민센터 부근),2017-04-18,12시경,경상사고,남,14세,자전거,경상,여,53세,승용차,상해없음,차대차 - 측면충돌,안전운전불이행,맑음,0,1
2017,경상북도 경산시3,경상북도 경산시 삼남동(남부동주민센터 부근),2017-07-07,09시경,경상사고,남,85세,자전거,경상,남,45세,승용차,상해없음,차대차 - 측면충돌,안전운전불이행,비,0,1
2017,경상북도 경산시3,경상북도 경산시 삼남동(남부동주민센터 부근),2017-03-28,18시경,사망사고,여,62세,자전거,사망,남,61세,화물차,상해없음,차대차 - 기타,안전거리미확보,맑음,1,0
2017,경상북도 경산시3,경상북도 경산시 삼남동(남부동주민센터 부근),2017-04-29,13시경,중상사고,여,83세,자전거,중상,여,48세,승용차,상해없음,차대차 - 정면충돌,안전운전불이행,맑음,0,1
2017,경상북도 경산시1,경상북도 경산시 삼북동(홈마트 부근),2017-09-03,05시경,중상사고,남,39세,승용차,상해없음,여,63세,자전거,중상,차대차 - 정면충돌,안전운전불이행,맑음,0,1
2017,경상북도 경산시1,경상북도 경산시 삼북동(홈마트 부근),2017-04-24,07시경,경상사고,남,50세,승용차,상해없음,남,18세,자전거,경상,차대차 - 측면충돌,안전운전불이행,맑음,0,1
2017,경상북도 경산시1,경상북도 경산시 삼북동(홈마트 부근),2017-11-13,09시경,경상사고,여,55세,승용차,상해없음,남,70세,자전거,경상,차대차 - 측면충돌,안전운전불이행,맑음,0,1
2017,경상북도 경산시1,경상북도 경산시 삼북동(홈마트 부근),2017-12-31,15시경,경상사고,남,66세,자전거,경상,남,46세,승용차,상해없음,차대차 - 기타,안전운전불이행,맑음,0,1
2017,경상북도 경산시1,경상북도 경산시 삼북동(홈마트 부근),2017-07-24,12시경,중상사고,남,69세,자전거,중상,여,24세,승용차,상해없음,차대차 - 기타,안전운전불이행,맑음,0,1
2017,경상북도 경산시1,경상북도 경산시 삼북동(홈마트 부근),2017-06-10,08시경,경상사고,남,87세,자전거,경상,여,45세,승용차,상해없음,차대차 - 기타,차로위반,맑음,0,1
2017,경상북도 경산시1,경상북도 경산시 사동(한소망교회 부근),2017-09-03,05시경,중상사고,남,39세,승용차,상해없음,여,63세,자전거,중상,차대차 - 정면충돌,안전운전불이행,맑음,0,1
2017,경상북도 경산시1,경상북도 경산시 사동(한소망교회 부근),2017-04-24,07시경,경상사고,남,50세,승용차,상해없음,남,18세,자전거,경상,차대차 - 측면충돌,안전운전불이행,맑음,0,1
2017,경상북도 경산시1,경상북도 경산시 사동(한소망교회 부근),2017-11-13,09시경,경상사고,여,55세,승용차,상해없음,남,70세,자전거,경상,차대차 - 측면충돌,안전운전불이행,맑음,0,1
2017,경상북도 경산시1,경상북도 경산시 사동(한소망교회 부근),2017-12-31,15시경,경상사고,남,66세,자전거,경상,남,46세,승용차,상해없음,차대차 - 기타,안전운전불이행,맑음,0,1
2017,경상북도 경산시1,경상북도 경산시 사동(한소망교회 부근),2017-07-24,12시경,중상사고,남,69세,자전거,중상,여,24세,승용차,상해없음,차대차 - 기타,안전운전불이행,맑음,0,1
2017,경상북도 경산시1,경상북도 경산시 사동(한소망교회 부근),2017-06-10,08시경,경상사고,남,87세,자전거,경상,여,45세,승용차,상해없음,차대차 - 기타,차로위반,맑음,0,1
2017,경상남도 창원시 의창구1,경상남도 창원시 의창구 명서동(명곡광장사거리 부근),2017-07-15,02시경,경상사고,남,58세,승용차,상해없음,남,62세,자전거,경상,차대차 - 정면충돌,안전운전불이행,맑음,0,1
2017,경상남도 창원시 의창구1,경상남도 창원시 의창구 명서동(명곡광장사거리 부근),2017-04-28,12시경,중상사고,남,78세,승용차,상해없음,남,18세,자전거,중상,차대차 - 측면충돌,안전운전불이행,맑음,0,1
2017,경상남도 창원시 의창구1,경상남도 창원시 의창구 명서동(명곡광장사거리 부근),2017-08-17,09시경,중상사고,여,47세,승용차,상해없음,여,65세,자전거,중상,차대차 - 측면충돌,안전운전불이행,맑음,0,1
2017,경상남도 창원시 의창구1,경상남도 창원시 의창구 명서동(명곡광장사거리 부근),2017-09-22,08시경,경상사고,남,51세,승합차,상해없음,남,46세,자전거,경상,차대차 - 측면충돌,안전운전불이행,맑음,0,1
2017,경상남도 창원시 의창구1,경상남도 창원시 의창구 명서동(명곡광장사거리 부근),2017-08-22,14시경,부상신고사고,남,43세,자전거,부상신고,남,31세,승용차,상해없음,차대차 - 측면충돌,안전운전불이행,흐림,0,1
2017,경상남도 통영시1,경상남도 통영시 서호동(롯데리아통영점 부근),2017-12-29,19시경,경상사고,남,55세,승용차,상해없음,여,44세,자전거,경상,차대차 - 측면충돌,교차로운행방법위반,맑음,0,1
2017,경상남도 통영시1,경상남도 통영시 서호동(롯데리아통영점 부근),2017-08-28,16시경,부상신고사고,남,65세,승용차,상해없음,남,70세,자전거,부상신고,차대차 - 기타,안전운전불이행,맑음,0,1
2017,경상남도 통영시1,경상남도 통영시 서호동(롯데리아통영점 부근),2017-09-12,09시경,중상사고,남,56세,자전거,중상,남,61세,승용차,상해없음,차대차 - 측면충돌,안전운전불이행,맑음,0,1
2017,경상남도 통영시1,경상남도 통영시 서호동(롯데리아통영점 부근),2017-10-05,14시경,부상신고사고,남,64세,자전거,부상신고,남,46세,승합차,상해없음,차대차 - 측면충돌,안전운전불이행,맑음,0,1
2017,경상남도 통영시1,경상남도 통영시 서호동(롯데리아통영점 부근),2017-06-10,17시경,중상사고,남,56세,화물차,상해없음,남,43세,자전거,중상,차대차 - 추돌,안전운전불이행,맑음,0,1
2017,경상남도 김해시4,경상남도 김해시 부원동(GS25 김해하나점 부근),2017-03-16,21시경,중상사고,여,30세,승용차,상해없음,남,53세,자전거,중상,차대차 - 기타,교차로운행방법위반,맑음,0,1
2017,경상남도 김해시4,경상남도 김해시 부원동(GS25 김해하나점 부근),2017-08-24,14시경,중상사고,여,48세,승용차,상해없음,여,57세,자전거,중상,차대차 - 기타,안전운전불이행,맑음,0,1
2017,경상남도 김해시4,경상남도 김해시 부원동(GS25 김해하나점 부근),2017-02-03,20시경,중상사고,남,36세,자전거,중상,남,49세,승용차,상해없음,차대차 - 측면충돌,신호위반,맑음,0,1
2017,경상남도 김해시4,경상남도 김해시 부원동(GS25 김해하나점 부근),2017-05-22,07시경,중상사고,남,44세,화물차,상해없음,남,56세,자전거,중상,차대차 - 기타,안전운전불이행,맑음,0,1
2017,경상남도 김해시2,경상남도 김해시 봉황동(전하교 부근),2017-10-14,17시경,중상사고,남,35세,승용차,상해없음,여,69세,자전거,중상,차대차 - 기타,안전운전불이행,맑음,0,1
2017,경상남도 김해시2,경상남도 김해시 봉황동(전하교 부근),2017-12-22,09시경,중상사고,여,39세,승용차,상해없음,여,75세,자전거,중상,차대차 - 측면충돌,안전운전불이행,맑음,0,1
2017,경상남도 김해시2,경상남도 김해시 봉황동(전하교 부근),2017-08-19,17시경,중상사고,남,11세,자전거,중상,남,33세,승용차,상해없음,차대차 - 측면충돌,직진우회전진행방해,맑음,0,1
2017,경상남도 김해시2,경상남도 김해시 봉황동(전하교 부근),2017-05-20,09시경,중상사고,남,12세,자전거,중상,여,54세,승용차,상해없음,차대차 - 기타,안전운전불이행,맑음,0,1
2017,경상남도 김해시2,경상남도 김해시 봉황동(전하교 부근),2017-10-12,13시경,경상사고,남,56세,자전거,경상,남,57세,화물차,상해없음,차대차 - 측면충돌,직진우회전진행방해,비,0,1
2017,경상남도 김해시3,경상남도 김해시 내동(경원사거리 부근),2017-08-24,19시경,중상사고,여,35세,승용차,상해없음,남,15세,자전거,중상,차대차 - 측면충돌,안전운전불이행,맑음,0,1
2017,경상남도 김해시3,경상남도 김해시 내동(경원사거리 부근),2017-02-02,10시경,경상사고,여,43세,승용차,상해없음,남,74세,자전거,경상,차대차 - 기타,안전운전불이행,맑음,0,1
2017,경상남도 김해시3,경상남도 김해시 내동(경원사거리 부근),2017-09-26,20시경,경상사고,남,54세,원동기장치자전거,경상,남,14세,자전거,경상,차대차 - 기타,안전운전불이행,맑음,0,2
2017,경상남도 김해시3,경상남도 김해시 내동(경원사거리 부근),2017-06-08,17시경,경상사고,남,11세,자전거,경상,남,19세,승합차,상해없음,차대차 - 기타,중앙선침범,맑음,0,1
2017,경상남도 김해시3,경상남도 김해시 내동(경원사거리 부근),2017-09-13,17시경,경상사고,남,12세,자전거,경상,여,50세,승용차,상해없음,차대차 - 기타,안전운전불이행,맑음,0,1
2017,경상남도 김해시1,경상남도 김해시 외동(한국1차사거리 부근),2017-01-04,03시경,중상사고,남,62세,승용차,상해없음,여,55세,자전거,중상,차대차 - 기타,신호위반,맑음,0,1
2017,경상남도 김해시1,경상남도 김해시 외동(한국1차사거리 부근),2017-04-15,14시경,중상사고,남,12세,자전거,상해없음,여,16세,보행자,중상,차대사람 - 기타,안전운전불이행,맑음,0,1
2017,경상남도 김해시1,경상남도 김해시 외동(한국1차사거리 부근),2017-03-29,20시경,경상사고,남,15세,자전거,상해없음,여,60세,보행자,경상,차대사람 - 횡단중,안전운전불이행,맑음,0,1
2017,경상남도 김해시1,경상남도 김해시 외동(한국1차사거리 부근),2017-11-24,15시경,부상신고사고,남,24세,자전거,상해없음,남,78세,자전거,부상신고,차대차 - 측면충돌,안전운전불이행,맑음,0,1
2017,경상남도 김해시1,경상남도 김해시 외동(한국1차사거리 부근),2017-01-23,12시경,경상사고,여,79세,자전거,경상,남,19세,승용차,상해없음,차대차 - 측면충돌,안전운전불이행,맑음,0,1
2017,경상남도 김해시1,경상남도 김해시 외동(한국1차사거리 부근),2017-07-11,12시경,중상사고,남,49세,화물차,상해없음,남,51세,자전거,중상,차대차 - 기타,안전운전불이행,맑음,0,1
2017,경상남도 거제시1,경상남도 거제시 장평동(장평주공1단지아파트정문 부근),2017-03-22,08시경,경상사고,남,28세,승용차,상해없음,남,40세,자전거,경상,차대차 - 측면충돌,안전운전불이행,맑음,0,1
2017,경상남도 거제시1,경상남도 거제시 장평동(장평주공1단지아파트정문 부근),2017-02-20,06시경,경상사고,남,37세,승용차,상해없음,남,64세,자전거,경상,차대차 - 추돌,안전운전불이행,맑음,0,1
2017,경상남도 거제시1,경상남도 거제시 장평동(장평주공1단지아파트정문 부근),2017-03-09,06시경,중상사고,남,45세,승용차,상해없음,남,33세,자전거,중상,차대차 - 기타,교차로운행방법위반,맑음,0,1
2017,경상남도 거제시1,경상남도 거제시 장평동(장평주공1단지아파트정문 부근),2017-11-01,07시경,경상사고,여,58세,승용차,상해없음,남,18세,자전거,경상,차대차 - 기타,신호위반,맑음,0,1
2017,경상남도 거제시1,경상남도 거제시 장평동(장평주공1단지아파트정문 부근),2017-07-12,07시경,경상사고,남,27세,자전거,경상,남,38세,자전거,상해없음,차대차 - 측면충돌,안전운전불이행,맑음,0,1
2017,경상남도 거제시1,경상남도 거제시 장평동(장평주공1단지아파트정문 부근),2017-11-08,23시경,중상사고,남,42세,자전거,중상,없음,불명,없음,없음,차량단독 - 전도전복,안전운전불이행,맑음,0,1
2017,경상남도 거제시1,경상남도 거제시 장평동(장평주공1단지아파트정문 부근),2017-12-29,00시경,경상사고,남,50세,자전거,경상,남,38세,승합차,기타불명,차대차 - 추돌,안전운전불이행,맑음,0,1
2017,경상남도 거제시2,경상남도 거제시 장평동(삼성중공업새마을금고 사우매장점 부근),2017-08-21,06시경,경상사고,여,54세,승용차,상해없음,남,53세,자전거,경상,차대차 - 정면충돌,안전운전불이행,맑음,0,1
2017,경상남도 거제시2,경상남도 거제시 장평동(삼성중공업새마을금고 사우매장점 부근),2017-04-03,21시경,경상사고,남,45세,이륜차,상해없음,남,42세,자전거,경상,차대차 - 추돌,안전운전불이행,맑음,0,1
2017,경상남도 거제시2,경상남도 거제시 장평동(삼성중공업새마을금고 사우매장점 부근),2017-12-26,06시경,경상사고,남,53세,자전거,상해없음,남,51세,자전거,경상,차대차 - 기타,안전운전불이행,맑음,0,1
2017,경상남도 거제시2,경상남도 거제시 장평동(삼성중공업새마을금고 사우매장점 부근),2017-11-10,17시경,중상사고,여,36세,자전거,중상,남,52세,승합차,상해없음,차대차 - 측면충돌,안전운전불이행,맑음,0,1